block_index,block_id,permutation_id,order_position,candidate_id,approved_strategy_id,started_at_utc,client_materialization_latency_ms,process_cpu_time_ms,output_row_count,semantic_result_digest
0,mask-join-block-000,late_mask_fused -> early_mask_before_join,0,late_mask_fused,fused,2026-07-19T05:23:49.136874+00:00,876.8748,890.625,106251,sha256:b0ffdee90ec524b757ff5d2bcc7553fdb6f2088e1a3711fde87d52603b9a98e1
0,mask-join-block-000,late_mask_fused -> early_mask_before_join,1,early_mask_before_join,place-002-mask-after-bts-mp-project,2026-07-19T05:23:51.080332+00:00,975.234,1015.625,106251,sha256:b0ffdee90ec524b757ff5d2bcc7553fdb6f2088e1a3711fde87d52603b9a98e1
1,mask-join-block-001,early_mask_before_join -> late_mask_fused,0,early_mask_before_join,place-002-mask-after-bts-mp-project,2026-07-19T05:23:53.457759+00:00,961.654,1062.5,106251,sha256:b0ffdee90ec524b757ff5d2bcc7553fdb6f2088e1a3711fde87d52603b9a98e1
1,mask-join-block-001,early_mask_before_join -> late_mask_fused,1,late_mask_fused,fused,2026-07-19T05:23:55.502576+00:00,952.4687,1031.25,106251,sha256:b0ffdee90ec524b757ff5d2bcc7553fdb6f2088e1a3711fde87d52603b9a98e1
2,mask-join-block-002,late_mask_fused -> early_mask_before_join,0,late_mask_fused,fused,2026-07-19T05:23:57.485581+00:00,688.0173,890.625,106251,sha256:b0ffdee90ec524b757ff5d2bcc7553fdb6f2088e1a3711fde87d52603b9a98e1
2,mask-join-block-002,late_mask_fused -> early_mask_before_join,1,early_mask_before_join,place-002-mask-after-bts-mp-project,2026-07-19T05:23:58.914827+00:00,631.5123,718.75,106251,sha256:b0ffdee90ec524b757ff5d2bcc7553fdb6f2088e1a3711fde87d52603b9a98e1
3,mask-join-block-003,early_mask_before_join -> late_mask_fused,0,early_mask_before_join,place-002-mask-after-bts-mp-project,2026-07-19T05:24:00.453570+00:00,817.0275,1031.25,106251,sha256:b0ffdee90ec524b757ff5d2bcc7553fdb6f2088e1a3711fde87d52603b9a98e1
3,mask-join-block-003,early_mask_before_join -> late_mask_fused,1,late_mask_fused,fused,2026-07-19T05:24:02.201690+00:00,747.8651,890.625,106251,sha256:b0ffdee90ec524b757ff5d2bcc7553fdb6f2088e1a3711fde87d52603b9a98e1
4,mask-join-block-004,late_mask_fused -> early_mask_before_join,0,late_mask_fused,fused,2026-07-19T05:24:03.847561+00:00,787.6939,812.5,106251,sha256:b0ffdee90ec524b757ff5d2bcc7553fdb6f2088e1a3711fde87d52603b9a98e1
4,mask-join-block-004,late_mask_fused -> early_mask_before_join,1,early_mask_before_join,place-002-mask-after-bts-mp-project,2026-07-19T05:24:05.545639+00:00,652.1903,796.875,106251,sha256:b0ffdee90ec524b757ff5d2bcc7553fdb6f2088e1a3711fde87d52603b9a98e1
5,mask-join-block-005,early_mask_before_join -> late_mask_fused,0,early_mask_before_join,place-002-mask-after-bts-mp-project,2026-07-19T05:24:07.016711+00:00,519.031,609.375,106251,sha256:b0ffdee90ec524b757ff5d2bcc7553fdb6f2088e1a3711fde87d52603b9a98e1
5,mask-join-block-005,early_mask_before_join -> late_mask_fused,1,late_mask_fused,fused,2026-07-19T05:24:08.433431+00:00,793.0885,843.75,106251,sha256:b0ffdee90ec524b757ff5d2bcc7553fdb6f2088e1a3711fde87d52603b9a98e1
6,mask-join-block-006,early_mask_before_join -> late_mask_fused,0,early_mask_before_join,place-002-mask-after-bts-mp-project,2026-07-19T05:24:10.194935+00:00,728.0094,781.25,106251,sha256:b0ffdee90ec524b757ff5d2bcc7553fdb6f2088e1a3711fde87d52603b9a98e1
6,mask-join-block-006,early_mask_before_join -> late_mask_fused,1,late_mask_fused,fused,2026-07-19T05:24:11.851994+00:00,815.1232,859.375,106251,sha256:b0ffdee90ec524b757ff5d2bcc7553fdb6f2088e1a3711fde87d52603b9a98e1
7,mask-join-block-007,late_mask_fused -> early_mask_before_join,0,late_mask_fused,fused,2026-07-19T05:24:13.660258+00:00,616.9376,687.5,106251,sha256:b0ffdee90ec524b757ff5d2bcc7553fdb6f2088e1a3711fde87d52603b9a98e1
7,mask-join-block-007,late_mask_fused -> early_mask_before_join,1,early_mask_before_join,place-002-mask-after-bts-mp-project,2026-07-19T05:24:15.088327+00:00,734.3302,765.625,106251,sha256:b0ffdee90ec524b757ff5d2bcc7553fdb6f2088e1a3711fde87d52603b9a98e1
8,mask-join-block-008,late_mask_fused -> early_mask_before_join,0,late_mask_fused,fused,2026-07-19T05:24:16.827753+00:00,975.6945,906.25,106251,sha256:b0ffdee90ec524b757ff5d2bcc7553fdb6f2088e1a3711fde87d52603b9a98e1
8,mask-join-block-008,late_mask_fused -> early_mask_before_join,1,early_mask_before_join,place-002-mask-after-bts-mp-project,2026-07-19T05:24:19.339249+00:00,1211.9907,1140.625,106251,sha256:b0ffdee90ec524b757ff5d2bcc7553fdb6f2088e1a3711fde87d52603b9a98e1
9,mask-join-block-009,early_mask_before_join -> late_mask_fused,0,early_mask_before_join,place-002-mask-after-bts-mp-project,2026-07-19T05:24:22.139380+00:00,963.2669,1031.25,106251,sha256:b0ffdee90ec524b757ff5d2bcc7553fdb6f2088e1a3711fde87d52603b9a98e1
9,mask-join-block-009,early_mask_before_join -> late_mask_fused,1,late_mask_fused,fused,2026-07-19T05:24:24.141154+00:00,690.1351,843.75,106251,sha256:b0ffdee90ec524b757ff5d2bcc7553fdb6f2088e1a3711fde87d52603b9a98e1
10,mask-join-block-010,early_mask_before_join -> late_mask_fused,0,early_mask_before_join,place-002-mask-after-bts-mp-project,2026-07-19T05:24:25.921183+00:00,756.4213,812.5,106251,sha256:b0ffdee90ec524b757ff5d2bcc7553fdb6f2088e1a3711fde87d52603b9a98e1
10,mask-join-block-010,early_mask_before_join -> late_mask_fused,1,late_mask_fused,fused,2026-07-19T05:24:27.555075+00:00,651.3803,687.5,106251,sha256:b0ffdee90ec524b757ff5d2bcc7553fdb6f2088e1a3711fde87d52603b9a98e1
11,mask-join-block-011,late_mask_fused -> early_mask_before_join,0,late_mask_fused,fused,2026-07-19T05:24:29.123295+00:00,1082.6348,1156.25,106251,sha256:b0ffdee90ec524b757ff5d2bcc7553fdb6f2088e1a3711fde87d52603b9a98e1
11,mask-join-block-011,late_mask_fused -> early_mask_before_join,1,early_mask_before_join,place-002-mask-after-bts-mp-project,2026-07-19T05:24:31.834066+00:00,977.319,921.875,106251,sha256:b0ffdee90ec524b757ff5d2bcc7553fdb6f2088e1a3711fde87d52603b9a98e1
12,mask-join-block-012,late_mask_fused -> early_mask_before_join,0,late_mask_fused,fused,2026-07-19T05:24:34.055648+00:00,981.7759,953.125,106251,sha256:b0ffdee90ec524b757ff5d2bcc7553fdb6f2088e1a3711fde87d52603b9a98e1
12,mask-join-block-012,late_mask_fused -> early_mask_before_join,1,early_mask_before_join,place-002-mask-after-bts-mp-project,2026-07-19T05:24:36.356819+00:00,940.2016,1015.625,106251,sha256:b0ffdee90ec524b757ff5d2bcc7553fdb6f2088e1a3711fde87d52603b9a98e1
13,mask-join-block-013,early_mask_before_join -> late_mask_fused,0,early_mask_before_join,place-002-mask-after-bts-mp-project,2026-07-19T05:24:38.275702+00:00,736.5189,812.5,106251,sha256:b0ffdee90ec524b757ff5d2bcc7553fdb6f2088e1a3711fde87d52603b9a98e1
13,mask-join-block-013,early_mask_before_join -> late_mask_fused,1,late_mask_fused,fused,2026-07-19T05:24:39.970088+00:00,791.5307,921.875,106251,sha256:b0ffdee90ec524b757ff5d2bcc7553fdb6f2088e1a3711fde87d52603b9a98e1
14,mask-join-block-014,early_mask_before_join -> late_mask_fused,0,early_mask_before_join,place-002-mask-after-bts-mp-project,2026-07-19T05:24:41.720737+00:00,700.8651,765.625,106251,sha256:b0ffdee90ec524b757ff5d2bcc7553fdb6f2088e1a3711fde87d52603b9a98e1
14,mask-join-block-014,early_mask_before_join -> late_mask_fused,1,late_mask_fused,fused,2026-07-19T05:24:43.367255+00:00,779.1137,796.875,106251,sha256:b0ffdee90ec524b757ff5d2bcc7553fdb6f2088e1a3711fde87d52603b9a98e1
15,mask-join-block-015,late_mask_fused -> early_mask_before_join,0,late_mask_fused,fused,2026-07-19T05:24:45.067391+00:00,601.9943,671.875,106251,sha256:b0ffdee90ec524b757ff5d2bcc7553fdb6f2088e1a3711fde87d52603b9a98e1
15,mask-join-block-015,late_mask_fused -> early_mask_before_join,1,early_mask_before_join,place-002-mask-after-bts-mp-project,2026-07-19T05:24:46.465803+00:00,557.5935,593.75,106251,sha256:b0ffdee90ec524b757ff5d2bcc7553fdb6f2088e1a3711fde87d52603b9a98e1
16,mask-join-block-016,early_mask_before_join -> late_mask_fused,0,early_mask_before_join,place-002-mask-after-bts-mp-project,2026-07-19T05:24:48.239269+00:00,1043.6199,1109.375,106251,sha256:b0ffdee90ec524b757ff5d2bcc7553fdb6f2088e1a3711fde87d52603b9a98e1
16,mask-join-block-016,early_mask_before_join -> late_mask_fused,1,late_mask_fused,fused,2026-07-19T05:24:50.557176+00:00,963.9965,1062.5,106251,sha256:b0ffdee90ec524b757ff5d2bcc7553fdb6f2088e1a3711fde87d52603b9a98e1
17,mask-join-block-017,late_mask_fused -> early_mask_before_join,0,late_mask_fused,fused,2026-07-19T05:24:52.861078+00:00,1060.0661,1046.875,106251,sha256:b0ffdee90ec524b757ff5d2bcc7553fdb6f2088e1a3711fde87d52603b9a98e1
17,mask-join-block-017,late_mask_fused -> early_mask_before_join,1,early_mask_before_join,place-002-mask-after-bts-mp-project,2026-07-19T05:24:54.997748+00:00,701.3811,750.0,106251,sha256:b0ffdee90ec524b757ff5d2bcc7553fdb6f2088e1a3711fde87d52603b9a98e1
18,mask-join-block-018,late_mask_fused -> early_mask_before_join,0,late_mask_fused,fused,2026-07-19T05:24:56.681498+00:00,738.0832,812.5,106251,sha256:b0ffdee90ec524b757ff5d2bcc7553fdb6f2088e1a3711fde87d52603b9a98e1
18,mask-join-block-018,late_mask_fused -> early_mask_before_join,1,early_mask_before_join,place-002-mask-after-bts-mp-project,2026-07-19T05:24:58.482192+00:00,696.8793,796.875,106251,sha256:b0ffdee90ec524b757ff5d2bcc7553fdb6f2088e1a3711fde87d52603b9a98e1
19,mask-join-block-019,early_mask_before_join -> late_mask_fused,0,early_mask_before_join,place-002-mask-after-bts-mp-project,2026-07-19T05:24:59.940033+00:00,692.5764,765.625,106251,sha256:b0ffdee90ec524b757ff5d2bcc7553fdb6f2088e1a3711fde87d52603b9a98e1
19,mask-join-block-019,early_mask_before_join -> late_mask_fused,1,late_mask_fused,fused,2026-07-19T05:25:01.647637+00:00,812.2927,843.75,106251,sha256:b0ffdee90ec524b757ff5d2bcc7553fdb6f2088e1a3711fde87d52603b9a98e1
20,mask-join-block-020,late_mask_fused -> early_mask_before_join,0,late_mask_fused,fused,2026-07-19T05:25:03.329032+00:00,696.6539,734.375,106251,sha256:b0ffdee90ec524b757ff5d2bcc7553fdb6f2088e1a3711fde87d52603b9a98e1
20,mask-join-block-020,late_mask_fused -> early_mask_before_join,1,early_mask_before_join,place-002-mask-after-bts-mp-project,2026-07-19T05:25:05.046830+00:00,766.9228,812.5,106251,sha256:b0ffdee90ec524b757ff5d2bcc7553fdb6f2088e1a3711fde87d52603b9a98e1
21,mask-join-block-021,early_mask_before_join -> late_mask_fused,0,early_mask_before_join,place-002-mask-after-bts-mp-project,2026-07-19T05:25:06.611552+00:00,633.3245,796.875,106251,sha256:b0ffdee90ec524b757ff5d2bcc7553fdb6f2088e1a3711fde87d52603b9a98e1
21,mask-join-block-021,early_mask_before_join -> late_mask_fused,1,late_mask_fused,fused,2026-07-19T05:25:08.041376+00:00,769.7504,843.75,106251,sha256:b0ffdee90ec524b757ff5d2bcc7553fdb6f2088e1a3711fde87d52603b9a98e1
22,mask-join-block-022,late_mask_fused -> early_mask_before_join,0,late_mask_fused,fused,2026-07-19T05:25:09.820260+00:00,707.1135,703.125,106251,sha256:b0ffdee90ec524b757ff5d2bcc7553fdb6f2088e1a3711fde87d52603b9a98e1
22,mask-join-block-022,late_mask_fused -> early_mask_before_join,1,early_mask_before_join,place-002-mask-after-bts-mp-project,2026-07-19T05:25:11.480968+00:00,927.4958,1062.5,106251,sha256:b0ffdee90ec524b757ff5d2bcc7553fdb6f2088e1a3711fde87d52603b9a98e1
23,mask-join-block-023,early_mask_before_join -> late_mask_fused,0,early_mask_before_join,place-002-mask-after-bts-mp-project,2026-07-19T05:25:13.362735+00:00,709.1599,859.375,106251,sha256:b0ffdee90ec524b757ff5d2bcc7553fdb6f2088e1a3711fde87d52603b9a98e1
23,mask-join-block-023,early_mask_before_join -> late_mask_fused,1,late_mask_fused,fused,2026-07-19T05:25:14.858420+00:00,738.0074,843.75,106251,sha256:b0ffdee90ec524b757ff5d2bcc7553fdb6f2088e1a3711fde87d52603b9a98e1
24,mask-join-block-024,late_mask_fused -> early_mask_before_join,0,late_mask_fused,fused,2026-07-19T05:25:16.735801+00:00,1143.1144,1125.0,106251,sha256:b0ffdee90ec524b757ff5d2bcc7553fdb6f2088e1a3711fde87d52603b9a98e1
24,mask-join-block-024,late_mask_fused -> early_mask_before_join,1,early_mask_before_join,place-002-mask-after-bts-mp-project,2026-07-19T05:25:19.428297+00:00,1147.3145,1093.75,106251,sha256:b0ffdee90ec524b757ff5d2bcc7553fdb6f2088e1a3711fde87d52603b9a98e1
25,mask-join-block-025,early_mask_before_join -> late_mask_fused,0,early_mask_before_join,place-002-mask-after-bts-mp-project,2026-07-19T05:25:21.926754+00:00,1161.0112,1156.25,106251,sha256:b0ffdee90ec524b757ff5d2bcc7553fdb6f2088e1a3711fde87d52603b9a98e1
25,mask-join-block-025,early_mask_before_join -> late_mask_fused,1,late_mask_fused,fused,2026-07-19T05:25:24.484450+00:00,1054.06,1031.25,106251,sha256:b0ffdee90ec524b757ff5d2bcc7553fdb6f2088e1a3711fde87d52603b9a98e1
26,mask-join-block-026,late_mask_fused -> early_mask_before_join,0,late_mask_fused,fused,2026-07-19T05:25:26.391486+00:00,863.5009,921.875,106251,sha256:b0ffdee90ec524b757ff5d2bcc7553fdb6f2088e1a3711fde87d52603b9a98e1
26,mask-join-block-026,late_mask_fused -> early_mask_before_join,1,early_mask_before_join,place-002-mask-after-bts-mp-project,2026-07-19T05:25:28.403748+00:00,1050.8772,1062.5,106251,sha256:b0ffdee90ec524b757ff5d2bcc7553fdb6f2088e1a3711fde87d52603b9a98e1
27,mask-join-block-027,early_mask_before_join -> late_mask_fused,0,early_mask_before_join,place-002-mask-after-bts-mp-project,2026-07-19T05:25:30.796787+00:00,1049.3906,1156.25,106251,sha256:b0ffdee90ec524b757ff5d2bcc7553fdb6f2088e1a3711fde87d52603b9a98e1
27,mask-join-block-027,early_mask_before_join -> late_mask_fused,1,late_mask_fused,fused,2026-07-19T05:25:33.123555+00:00,958.3906,1000.0,106251,sha256:b0ffdee90ec524b757ff5d2bcc7553fdb6f2088e1a3711fde87d52603b9a98e1
28,mask-join-block-028,early_mask_before_join -> late_mask_fused,0,early_mask_before_join,place-002-mask-after-bts-mp-project,2026-07-19T05:25:35.318648+00:00,934.8405,1031.25,106251,sha256:b0ffdee90ec524b757ff5d2bcc7553fdb6f2088e1a3711fde87d52603b9a98e1
28,mask-join-block-028,early_mask_before_join -> late_mask_fused,1,late_mask_fused,fused,2026-07-19T05:25:37.413602+00:00,905.2608,1031.25,106251,sha256:b0ffdee90ec524b757ff5d2bcc7553fdb6f2088e1a3711fde87d52603b9a98e1
29,mask-join-block-029,late_mask_fused -> early_mask_before_join,0,late_mask_fused,fused,2026-07-19T05:25:39.099123+00:00,622.6642,718.75,106251,sha256:b0ffdee90ec524b757ff5d2bcc7553fdb6f2088e1a3711fde87d52603b9a98e1
29,mask-join-block-029,late_mask_fused -> early_mask_before_join,1,early_mask_before_join,place-002-mask-after-bts-mp-project,2026-07-19T05:25:40.605363+00:00,738.0589,750.0,106251,sha256:b0ffdee90ec524b757ff5d2bcc7553fdb6f2088e1a3711fde87d52603b9a98e1
