evaluation_scheme,holdout_group,workload_id,scenario_group_id,scenario_id,row_count,seed_count,join_input_rows,identifier_width_bytes,join_match_rate,observed_log_early_late_ratio,predicted_log_early_late_ratio,selected_placement,oracle_placement,exact_top1,within_tie_threshold,regret_percent,speedup_vs_fixed_late_ratio,speedup_vs_fixed_early_ratio,estimated_early_latency_ms,estimated_late_latency_ms,base_log_early_late_ratio,residual_correction,corrected_log_early_late_ratio,within_training_support,used_base_fallback,decision_reason_code,selected_selector,guard_reason_code,residual_placement,v1_placement,estimated_local_residual_regret,estimated_local_v1_regret,neighbor_group_ids,neighbor_distances,early_sha256_ms,early_payload_movement_ms,early_hash_join_ms,late_sha256_ms,late_payload_movement_ms,late_hash_join_ms
v1_frozen_baseline,not_applicable,20260715T140108314442Z/narrow_high_match/n100000,20260715T140108314442Z/narrow_high_match,narrow_high_match,100000,5,100000,18,1.0,0.009745356176599305,4.341766750658429,late_mask,late_mask,True,True,0.0,1.0,1.009792996792598,,,,,,,,,,,,,,,,,,,,,,
v1_frozen_baseline,not_applicable,20260715T140108314442Z/narrow_high_match/n300000,20260715T140108314442Z/narrow_high_match,narrow_high_match,300000,5,300000,18,1.0,-0.0350528829910947,3.3007474778046526,late_mask,early_mask,False,False,3.567447691559944,1.0,0.965554353505125,,,,,,,,,,,,,,,,,,,,,,
v1_frozen_baseline,not_applicable,20260715T140108314442Z/wide_high_match/n100000,20260715T140108314442Z/wide_high_match,wide_high_match,100000,5,100000,1024,1.0,0.0630527372220659,0.6108356510555352,late_mask,late_mask,True,True,0.0,1.0,1.0650830072692923,,,,,,,,,,,,,,,,,,,,,,
v1_frozen_baseline,not_applicable,20260715T140108314442Z/wide_high_match/n300000,20260715T140108314442Z/wide_high_match,wide_high_match,300000,5,300000,1024,1.0,-0.15653111863371433,-0.03236135907113969,early_mask,early_mask,True,True,0.0,1.1694471533504338,1.0,,,,,,,,,,,,,,,,,,,,,,
v1_frozen_baseline,not_applicable,20260715T140108314442Z/wide_low_match/n100000,20260715T140108314442Z/wide_low_match,wide_low_match,100000,5,100000,1024,0.1,1.760693062508557,1.2086726518111555,late_mask,late_mask,True,True,0.0,1.0,5.816467173126956,,,,,,,,,,,,,,,,,,,,,,
v1_frozen_baseline,not_applicable,20260715T140108314442Z/wide_low_match/n300000,20260715T140108314442Z/wide_low_match,wide_low_match,300000,5,300000,1024,0.1,1.0543921548754878,0.5654756416844808,late_mask,late_mask,True,True,0.0,1.0,2.870229968261352,,,,,,,,,,,,,,,,,,,,,,
v1_frozen_baseline,not_applicable,20260715T152953290778Z/medium_width_high_match/n200000,20260715T152953290778Z/medium_width_high_match,medium_width_high_match,200000,3,200000,512,1.0,-0.10383510864939452,0.6276588751867583,late_mask,early_mask,False,False,10.941750648166071,1.0,0.9013739139301481,,,,,,,,,,,,,,,,,,,,,,
v1_frozen_baseline,not_applicable,20260715T152953290778Z/medium_width_high_match/n500000,20260715T152953290778Z/medium_width_high_match,medium_width_high_match,500000,3,500000,512,1.0,-0.09369605500593597,0.08322655691910794,late_mask,early_mask,False,False,9.822589492046173,1.0,0.9105594801809188,,,,,,,,,,,,,,,,,,,,,,
v1_frozen_baseline,not_applicable,20260715T152953290778Z/verywide_high_match/n200000,20260715T152953290778Z/verywide_high_match,verywide_high_match,200000,3,200000,2048,1.0,-0.1246687132516023,-0.17042658333101193,early_mask,early_mask,True,True,0.0,1.1327731181755285,1.0,,,,,,,,,,,,,,,,,,,,,,
v1_frozen_baseline,not_applicable,20260715T152953290778Z/verywide_high_match/n500000,20260715T152953290778Z/verywide_high_match,verywide_high_match,500000,3,500000,2048,1.0,-0.27268054335656566,-0.43587740947648723,early_mask,early_mask,True,True,0.0,1.3134805776990146,1.0,,,,,,,,,,,,,,,,,,,,,,
v1_frozen_baseline,not_applicable,20260715T152953290778Z/verywide_low_match/n200000,20260715T152953290778Z/verywide_low_match,verywide_low_match,200000,3,200000,2048,0.1,1.168815561197305,0.42741041742460856,late_mask,late_mask,True,True,0.0,1.0,3.2181786445925207,,,,,,,,,,,,,,,,,,,,,,
v1_frozen_baseline,not_applicable,20260715T152953290778Z/verywide_low_match/n500000,20260715T152953290778Z/verywide_low_match,verywide_low_match,500000,3,500000,2048,0.1,0.14213160975699837,0.16195959127913326,late_mask,late_mask,True,True,0.0,1.0,1.1527283488520428,,,,,,,,,,,,,,,,,,,,,,
v1_frozen_baseline,not_applicable,20260715T152953290778Z/verywide_medium_match/n200000,20260715T152953290778Z/verywide_medium_match,verywide_medium_match,200000,3,200000,2048,0.5,0.06077595051343347,0.11725548912076914,late_mask,late_mask,True,True,0.0,1.0,1.0626607989069987,,,,,,,,,,,,,,,,,,,,,,
v1_frozen_baseline,not_applicable,20260715T152953290778Z/verywide_medium_match/n500000,20260715T152953290778Z/verywide_medium_match,verywide_medium_match,500000,3,500000,2048,0.5,-0.33077365882036197,-0.14819533702470628,early_mask,early_mask,True,True,0.0,1.3920446796131576,1.0,,,,,,,,,,,,,,,,,,,,,,
v1_frozen_baseline,not_applicable,20260716T012853745457Z/w1024_match025/n250000,20260716T012853745457Z/w1024_match025,w1024_match025,250000,2,250000,1024,0.25,0.5351824555303466,0.5240542187987577,late_mask,late_mask,True,True,0.0,1.0,1.7077598040510136,,,,,,,,,,,,,,,,,,,,,,
v1_frozen_baseline,not_applicable,20260716T012853745457Z/w1024_match025/n450000,20260716T012853745457Z/w1024_match025,w1024_match025,450000,2,450000,1024,0.25,0.17901315985671962,0.2746224995781239,late_mask,late_mask,True,True,0.0,1.0,1.1960364837330755,,,,,,,,,,,,,,,,,,,,,,
v1_frozen_baseline,not_applicable,20260716T012853745457Z/w1024_match075/n250000,20260716T012853745457Z/w1024_match075,w1024_match075,250000,2,250000,1024,0.75,-0.08618350665386248,0.1875819821775447,late_mask,early_mask,False,False,9.000633336836273,1.0,0.9174258620220828,,,,,,,,,,,,,,,,,,,,,,
v1_frozen_baseline,not_applicable,20260716T012853745457Z/w1024_match075/n450000,20260716T012853745457Z/w1024_match075,w1024_match075,450000,2,450000,1024,0.75,-0.13925553816996114,-0.061849737043089006,early_mask,early_mask,True,True,0.0,1.1494177825951362,1.0,,,,,,,,,,,,,,,,,,,,,,
v1_frozen_baseline,not_applicable,20260716T012853745457Z/w2048_match010/n350000,20260716T012853745457Z/w2048_match010,w2048_match010,350000,2,350000,2048,0.1,0.7789434877233854,0.24525469096119806,late_mask,late_mask,True,True,0.0,1.0,2.179168730339466,,,,,,,,,,,,,,,,,,,,,,
v1_frozen_baseline,not_applicable,20260716T012853745457Z/w2048_match010/n450000,20260716T012853745457Z/w2048_match010,w2048_match010,450000,2,450000,2048,0.1,0.5158398804501098,0.184229667851561,late_mask,late_mask,True,True,0.0,1.0,1.6750447485126385,,,,,,,,,,,,,,,,,,,,,,
v1_frozen_baseline,not_applicable,20260716T012853745457Z/w2048_match025/n350000,20260716T012853745457Z/w2048_match025,w2048_match025,350000,2,350000,2048,0.25,0.12145567543538538,0.11742131945131327,late_mask,late_mask,True,True,0.0,1.0,1.1291393162073697,,,,,,,,,,,,,,,,,,,,,,
v1_frozen_baseline,not_applicable,20260716T012853745457Z/w2048_match025/n450000,20260716T012853745457Z/w2048_match025,w2048_match025,450000,2,450000,2048,0.25,-0.05353199801357679,0.05639629634167595,late_mask,early_mask,False,False,5.499074883581345,1.0,0.9478756103818958,,,,,,,,,,,,,,,,,,,,,,
v1_frozen_baseline,not_applicable,20260716T012853745457Z/w2048_match075/n250000,20260716T012853745457Z/w2048_match075,w2048_match075,250000,2,250000,2048,0.75,-0.18173462225627257,-0.11779432143435327,early_mask,early_mask,True,True,0.0,1.1992958852096396,1.0,,,,,,,,,,,,,,,,,,,,,,
v1_frozen_baseline,not_applicable,20260716T012853745457Z/w2048_match075/n450000,20260716T012853745457Z/w2048_match075,w2048_match075,450000,2,450000,2048,0.75,-0.4008975458129578,-0.2800759402795369,early_mask,early_mask,True,True,0.0,1.4931642797305236,1.0,,,,,,,,,,,,,,,,,,,,,,
v1_frozen_baseline,not_applicable,20260716T012853745457Z/w256_match100/n200000,20260716T012853745457Z/w256_match100,w256_match100,200000,2,200000,256,1.0,0.2501932891451108,1.1775590113540682,late_mask,late_mask,True,True,0.0,1.0,1.284273628850419,,,,,,,,,,,,,,,,,,,,,,
v1_frozen_baseline,not_applicable,20260716T012853745457Z/w256_match100/n400000,20260716T012853745457Z/w256_match100,w256_match100,400000,2,400000,256,1.0,0.3194559980201182,0.6604793502955597,late_mask,late_mask,True,True,0.0,1.0,1.3763788078409867,,,,,,,,,,,,,,,,,,,,,,
v1_frozen_baseline,not_applicable,20260716T012853745457Z/w512_match100/n150000,20260716T012853745457Z/w512_match100,w512_match100,150000,2,150000,512,1.0,-0.06531798185480839,0.8373023570852044,late_mask,early_mask,False,False,6.749841554739788,1.0,0.9367695402968953,,,,,,,,,,,,,,,,,,,,,,
v1_frozen_baseline,not_applicable,20260716T012853745457Z/w512_match100/n350000,20260716T012853745457Z/w512_match100,w512_match100,350000,2,350000,512,1.0,-0.19331128089665245,0.27115844905587594,late_mask,early_mask,False,False,21.326039953034037,1.0,0.8242253685911989,,,,,,,,,,,,,,,,,,,,,,
v1_frozen_baseline,not_applicable,20260716T012853745457Z/w768_match100/n150000,20260716T012853745457Z/w768_match100,w768_match100,150000,2,150000,768,1.0,-0.14467840709340873,0.5345916283259198,late_mask,early_mask,False,False,15.566785591603761,1.0,0.8653005228802112,,,,,,,,,,,,,,,,,,,,,,
v1_frozen_baseline,not_applicable,20260716T012853745457Z/w768_match100/n350000,20260716T012853745457Z/w768_match100,w768_match100,350000,2,350000,768,1.0,-0.16577979296088047,0.040170811117785615,late_mask,early_mask,False,False,18.031315983764816,1.0,0.8472327802712543,,,,,,,,,,,,,,,,,,,,,,
v2_leave_one_scenario_out,20260715T140108314442Z/narrow_high_match,20260715T140108314442Z/narrow_high_match/n100000,20260715T140108314442Z/narrow_high_match,narrow_high_match,100000,5,100000,18,1.0,0.009745356176599305,0.1635906380335938,late_mask,late_mask,True,True,0.0,1.0,1.009792996792598,,,,,,,,,,,,,,,,,,,,,,
v2_leave_one_scenario_out,20260715T140108314442Z/narrow_high_match,20260715T140108314442Z/narrow_high_match/n300000,20260715T140108314442Z/narrow_high_match,narrow_high_match,300000,5,300000,18,1.0,-0.0350528829910947,0.016764319829772834,late_mask,early_mask,False,False,3.567447691559944,1.0,0.965554353505125,,,,,,,,,,,,,,,,,,,,,,
v2_leave_one_scenario_out,20260715T140108314442Z/wide_high_match,20260715T140108314442Z/wide_high_match/n100000,20260715T140108314442Z/wide_high_match,wide_high_match,100000,5,100000,1024,1.0,0.0630527372220659,-0.03835284171543343,early_mask,late_mask,False,False,6.508300726929228,0.9388939577243327,1.0,,,,,,,,,,,,,,,,,,,,,,
v2_leave_one_scenario_out,20260715T140108314442Z/wide_high_match,20260715T140108314442Z/wide_high_match/n300000,20260715T140108314442Z/wide_high_match,wide_high_match,300000,5,300000,1024,1.0,-0.15653111863371433,-0.18903674220388214,early_mask,early_mask,True,True,0.0,1.1694471533504338,1.0,,,,,,,,,,,,,,,,,,,,,,
v2_leave_one_scenario_out,20260715T140108314442Z/wide_low_match,20260715T140108314442Z/wide_low_match/n100000,20260715T140108314442Z/wide_low_match,wide_low_match,100000,5,100000,1024,0.1,1.760693062508557,0.8705505977652724,late_mask,late_mask,True,True,0.0,1.0,5.816467173126956,,,,,,,,,,,,,,,,,,,,,,
v2_leave_one_scenario_out,20260715T140108314442Z/wide_low_match,20260715T140108314442Z/wide_low_match/n300000,20260715T140108314442Z/wide_low_match,wide_low_match,300000,5,300000,1024,0.1,1.0543921548754878,0.7092531047257978,late_mask,late_mask,True,True,0.0,1.0,2.870229968261352,,,,,,,,,,,,,,,,,,,,,,
v2_leave_one_scenario_out,20260715T152953290778Z/medium_width_high_match,20260715T152953290778Z/medium_width_high_match/n200000,20260715T152953290778Z/medium_width_high_match,medium_width_high_match,200000,3,200000,512,1.0,-0.10383510864939452,-0.017910407457768174,early_mask,early_mask,True,True,0.0,1.1094175064816607,1.0,,,,,,,,,,,,,,,,,,,,,,
v2_leave_one_scenario_out,20260715T152953290778Z/medium_width_high_match,20260715T152953290778Z/medium_width_high_match/n500000,20260715T152953290778Z/medium_width_high_match,medium_width_high_match,500000,3,500000,512,1.0,-0.09369605500593597,-0.2833056367815058,early_mask,early_mask,True,True,0.0,1.0982258949204617,1.0,,,,,,,,,,,,,,,,,,,,,,
v2_leave_one_scenario_out,20260715T152953290778Z/verywide_high_match,20260715T152953290778Z/verywide_high_match/n200000,20260715T152953290778Z/verywide_high_match,verywide_high_match,200000,3,200000,2048,1.0,-0.1246687132516023,-0.3562722225514393,early_mask,early_mask,True,True,0.0,1.1327731181755285,1.0,,,,,,,,,,,,,,,,,,,,,,
v2_leave_one_scenario_out,20260715T152953290778Z/verywide_high_match,20260715T152953290778Z/verywide_high_match/n500000,20260715T152953290778Z/verywide_high_match,verywide_high_match,500000,3,500000,2048,1.0,-0.27268054335656566,-1.0340151460394953,early_mask,early_mask,True,True,0.0,1.3134805776990146,1.0,,,,,,,,,,,,,,,,,,,,,,
v2_leave_one_scenario_out,20260715T152953290778Z/verywide_low_match,20260715T152953290778Z/verywide_low_match/n200000,20260715T152953290778Z/verywide_low_match,verywide_low_match,200000,3,200000,2048,0.1,1.168815561197305,0.7850700868888362,late_mask,late_mask,True,True,0.0,1.0,3.2181786445925207,,,,,,,,,,,,,,,,,,,,,,
v2_leave_one_scenario_out,20260715T152953290778Z/verywide_low_match,20260715T152953290778Z/verywide_low_match/n500000,20260715T152953290778Z/verywide_low_match,verywide_low_match,500000,3,500000,2048,0.1,0.14213160975699837,0.06708213768629256,late_mask,late_mask,True,True,0.0,1.0,1.1527283488520428,,,,,,,,,,,,,,,,,,,,,,
v2_leave_one_scenario_out,20260715T152953290778Z/verywide_medium_match,20260715T152953290778Z/verywide_medium_match/n200000,20260715T152953290778Z/verywide_medium_match,verywide_medium_match,200000,3,200000,2048,0.5,0.06077595051343347,0.4483086677122774,late_mask,late_mask,True,True,0.0,1.0,1.0626607989069987,,,,,,,,,,,,,,,,,,,,,,
v2_leave_one_scenario_out,20260715T152953290778Z/verywide_medium_match,20260715T152953290778Z/verywide_medium_match/n500000,20260715T152953290778Z/verywide_medium_match,verywide_medium_match,500000,3,500000,2048,0.5,-0.33077365882036197,-0.19380265204458608,early_mask,early_mask,True,True,0.0,1.3920446796131576,1.0,,,,,,,,,,,,,,,,,,,,,,
v2_leave_one_scenario_out,20260716T012853745457Z/w1024_match025,20260716T012853745457Z/w1024_match025/n250000,20260716T012853745457Z/w1024_match025,w1024_match025,250000,2,250000,1024,0.25,0.5351824555303466,1.0574441404794153,late_mask,late_mask,True,True,0.0,1.0,1.7077598040510136,,,,,,,,,,,,,,,,,,,,,,
v2_leave_one_scenario_out,20260716T012853745457Z/w1024_match025,20260716T012853745457Z/w1024_match025/n450000,20260716T012853745457Z/w1024_match025,w1024_match025,450000,2,450000,1024,0.25,0.17901315985671962,0.7846289289365093,late_mask,late_mask,True,True,0.0,1.0,1.1960364837330755,,,,,,,,,,,,,,,,,,,,,,
v2_leave_one_scenario_out,20260716T012853745457Z/w1024_match075,20260716T012853745457Z/w1024_match075/n250000,20260716T012853745457Z/w1024_match075,w1024_match075,250000,2,250000,1024,0.75,-0.08618350665386248,0.22357399520661347,late_mask,early_mask,False,False,9.000633336836273,1.0,0.9174258620220828,,,,,,,,,,,,,,,,,,,,,,
v2_leave_one_scenario_out,20260716T012853745457Z/w1024_match075,20260716T012853745457Z/w1024_match075/n450000,20260716T012853745457Z/w1024_match075,w1024_match075,450000,2,450000,1024,0.75,-0.13925553816996114,0.029723775736780478,late_mask,early_mask,False,False,14.941778259513615,1.0,0.8700056803908296,,,,,,,,,,,,,,,,,,,,,,
v2_leave_one_scenario_out,20260716T012853745457Z/w2048_match010,20260716T012853745457Z/w2048_match010/n350000,20260716T012853745457Z/w2048_match010,w2048_match010,350000,2,350000,2048,0.1,0.7789434877233854,0.3493067389625962,late_mask,late_mask,True,True,0.0,1.0,2.179168730339466,,,,,,,,,,,,,,,,,,,,,,
v2_leave_one_scenario_out,20260716T012853745457Z/w2048_match010,20260716T012853745457Z/w2048_match010/n450000,20260716T012853745457Z/w2048_match010,w2048_match010,450000,2,450000,2048,0.1,0.5158398804501098,0.044437049644423035,late_mask,late_mask,True,True,0.0,1.0,1.6750447485126385,,,,,,,,,,,,,,,,,,,,,,
v2_leave_one_scenario_out,20260716T012853745457Z/w2048_match025,20260716T012853745457Z/w2048_match025/n350000,20260716T012853745457Z/w2048_match025,w2048_match025,350000,2,350000,2048,0.25,0.12145567543538538,0.38002276800319235,late_mask,late_mask,True,True,0.0,1.0,1.1291393162073697,,,,,,,,,,,,,,,,,,,,,,
v2_leave_one_scenario_out,20260716T012853745457Z/w2048_match025,20260716T012853745457Z/w2048_match025/n450000,20260716T012853745457Z/w2048_match025,w2048_match025,450000,2,450000,2048,0.25,-0.05353199801357679,0.15658122577710964,late_mask,early_mask,False,False,5.499074883581345,1.0,0.9478756103818958,,,,,,,,,,,,,,,,,,,,,,
v2_leave_one_scenario_out,20260716T012853745457Z/w2048_match075,20260716T012853745457Z/w2048_match075/n250000,20260716T012853745457Z/w2048_match075,w2048_match075,250000,2,250000,2048,0.75,-0.18173462225627257,0.03125188388142827,late_mask,early_mask,False,False,19.92958852096396,1.0,0.8338225890145515,,,,,,,,,,,,,,,,,,,,,,
v2_leave_one_scenario_out,20260716T012853745457Z/w2048_match075,20260716T012853745457Z/w2048_match075/n450000,20260716T012853745457Z/w2048_match075,w2048_match075,450000,2,450000,2048,0.75,-0.4008975458129578,-0.27458744949557967,early_mask,early_mask,True,True,0.0,1.4931642797305236,1.0,,,,,,,,,,,,,,,,,,,,,,
v2_leave_one_scenario_out,20260716T012853745457Z/w256_match100,20260716T012853745457Z/w256_match100/n200000,20260716T012853745457Z/w256_match100,w256_match100,200000,2,200000,256,1.0,0.2501932891451108,-0.05375316713821865,early_mask,late_mask,False,False,28.42736288504191,0.7786502638811648,1.0,,,,,,,,,,,,,,,,,,,,,,
v2_leave_one_scenario_out,20260716T012853745457Z/w256_match100,20260716T012853745457Z/w256_match100/n400000,20260716T012853745457Z/w256_match100,w256_match100,400000,2,400000,256,1.0,0.3194559980201182,-0.24079753294268497,early_mask,late_mask,False,False,37.63788078409866,0.7265441710546376,1.0,,,,,,,,,,,,,,,,,,,,,,
v2_leave_one_scenario_out,20260716T012853745457Z/w512_match100,20260716T012853745457Z/w512_match100/n150000,20260716T012853745457Z/w512_match100,w512_match100,150000,2,150000,512,1.0,-0.06531798185480839,0.023456443170076918,late_mask,early_mask,False,False,6.749841554739788,1.0,0.9367695402968953,,,,,,,,,,,,,,,,,,,,,,
v2_leave_one_scenario_out,20260716T012853745457Z/w512_match100,20260716T012853745457Z/w512_match100/n350000,20260716T012853745457Z/w512_match100,w512_match100,350000,2,350000,512,1.0,-0.19331128089665245,-0.1135218735272975,early_mask,early_mask,True,True,0.0,1.2132603995303404,1.0,,,,,,,,,,,,,,,,,,,,,,
v2_leave_one_scenario_out,20260716T012853745457Z/w768_match100,20260716T012853745457Z/w768_match100/n150000,20260716T012853745457Z/w768_match100,w768_match100,150000,2,150000,768,1.0,-0.14467840709340873,-0.00994350422176049,early_mask,early_mask,True,True,0.0,1.1556678559160376,1.0,,,,,,,,,,,,,,,,,,,,,,
v2_leave_one_scenario_out,20260716T012853745457Z/w768_match100,20260716T012853745457Z/w768_match100/n350000,20260716T012853745457Z/w768_match100,w768_match100,350000,2,350000,768,1.0,-0.16577979296088047,-0.16880980702855286,early_mask,early_mask,True,True,0.0,1.1803131598376482,1.0,,,,,,,,,,,,,,,,,,,,,,
guarded_residual_nested_leave_one_scenario_out,20260715T140108314442Z/narrow_high_match,20260715T140108314442Z/narrow_high_match/n100000,20260715T140108314442Z/narrow_high_match,narrow_high_match,100000,5,100000,18,1.0,0.009745356176599305,0.8634072647887797,late_mask,late_mask,True,True,0.0,1.0,1.009792996792598,,,,,,,,,agreement,MASK_LOCAL_GUARD_SELECTORS_AGREE,late_mask,late_mask,0.11010873944856762,0.08140036941331012,20260716T012853745457Z/w256_match100|20260716T012853745457Z/w512_match100|20260715T152953290778Z/medium_width_high_match,2.59815633581|3.3576297143|3.50662893446,,,,,,
guarded_residual_nested_leave_one_scenario_out,20260715T140108314442Z/narrow_high_match,20260715T140108314442Z/narrow_high_match/n300000,20260715T140108314442Z/narrow_high_match,narrow_high_match,300000,5,300000,18,1.0,-0.0350528829910947,1.2588342638146235,late_mask,early_mask,False,False,3.567447691559944,1.0,0.965554353505125,,,,,,,,,agreement,MASK_LOCAL_GUARD_SELECTORS_AGREE,late_mask,late_mask,0.11010873944856762,0.08140036941331012,20260716T012853745457Z/w256_match100|20260716T012853745457Z/w512_match100|20260715T152953290778Z/medium_width_high_match,2.39325033367|3.30955067204|3.40115905256,,,,,,
guarded_residual_nested_leave_one_scenario_out,20260715T140108314442Z/wide_high_match,20260715T140108314442Z/wide_high_match/n100000,20260715T140108314442Z/wide_high_match,wide_high_match,100000,5,100000,1024,1.0,0.0630527372220659,0.5329039474867223,late_mask,late_mask,True,True,0.0,1.0,1.0650830072692923,,,,,,,,,agreement,MASK_LOCAL_GUARD_SELECTORS_AGREE,late_mask,late_mask,0.03719437857723925,0.13739720537225775,20260716T012853745457Z/w768_match100|20260716T012853745457Z/w512_match100|20260715T152953290778Z/medium_width_high_match,0.729002299182|0.966359086451|1.3987920037,,,,,,
guarded_residual_nested_leave_one_scenario_out,20260715T140108314442Z/wide_high_match,20260715T140108314442Z/wide_high_match/n300000,20260715T140108314442Z/wide_high_match,wide_high_match,300000,5,300000,1024,1.0,-0.15653111863371433,-0.22268167548885345,early_mask,early_mask,True,True,0.0,1.1694471533504338,1.0,,,,,,,,,agreement,MASK_LOCAL_GUARD_SELECTORS_AGREE,early_mask,early_mask,0.03719437857723925,0.11779102736663112,20260716T012853745457Z/w768_match100|20260716T012853745457Z/w1024_match075|20260716T012853745457Z/w512_match100,0.459230557214|0.772614508229|0.783133600628,,,,,,
guarded_residual_nested_leave_one_scenario_out,20260715T140108314442Z/wide_low_match,20260715T140108314442Z/wide_low_match/n100000,20260715T140108314442Z/wide_low_match,wide_low_match,100000,5,100000,1024,0.1,1.760693062508557,1.0439813767698287,late_mask,late_mask,True,True,0.0,1.0,5.816467173126956,,,,,,,,,agreement,MASK_LOCAL_GUARD_SELECTORS_AGREE,late_mask,late_mask,0.0,0.0,20260715T152953290778Z/verywide_low_match|20260716T012853745457Z/w1024_match025|20260715T152953290778Z/verywide_medium_match,1.41405564304|1.72330933482|1.80124729819,,,,,,
guarded_residual_nested_leave_one_scenario_out,20260715T140108314442Z/wide_low_match,20260715T140108314442Z/wide_low_match/n300000,20260715T140108314442Z/wide_low_match,wide_low_match,300000,5,300000,1024,0.1,1.0543921548754878,0.8136876701812823,late_mask,late_mask,True,True,0.0,1.0,2.870229968261352,,,,,,,,,agreement,MASK_LOCAL_GUARD_SELECTORS_AGREE,late_mask,late_mask,0.009165124805968908,0.009165124805968908,20260716T012853745457Z/w1024_match025|20260716T012853745457Z/w2048_match010|20260716T012853745457Z/w2048_match025,0.57809162506|0.810081803531|0.91175764347,,,,,,
guarded_residual_nested_leave_one_scenario_out,20260715T152953290778Z/medium_width_high_match,20260715T152953290778Z/medium_width_high_match/n200000,20260715T152953290778Z/medium_width_high_match,medium_width_high_match,200000,3,200000,512,1.0,-0.10383510864939452,0.047017249225036584,late_mask,early_mask,False,False,10.941750648166071,1.0,0.9013739139301481,,,,,,,,,v1,MASK_LOCAL_GUARD_V1_LOWER_OR_EQUAL_LOCAL_REGRET,early_mask,late_mask,0.14730311802580687,0.10278997180523734,20260716T012853745457Z/w512_match100|20260716T012853745457Z/w256_match100|20260716T012853745457Z/w768_match100,0.528481592162|0.655425074461|0.668898789887,,,,,,
guarded_residual_nested_leave_one_scenario_out,20260715T152953290778Z/medium_width_high_match,20260715T152953290778Z/medium_width_high_match/n500000,20260715T152953290778Z/medium_width_high_match,medium_width_high_match,500000,3,500000,512,1.0,-0.09369605500593597,-0.006387664777407889,late_mask,early_mask,False,False,9.822589492046173,1.0,0.9105594801809188,,,,,,,,,v1,MASK_LOCAL_GUARD_V1_LOWER_OR_EQUAL_LOCAL_REGRET,early_mask,late_mask,0.14730311802580687,0.10278997180523734,20260716T012853745457Z/w512_match100|20260716T012853745457Z/w256_match100|20260716T012853745457Z/w768_match100,0.833882083717|0.841947041973|0.929242770971,,,,,,
guarded_residual_nested_leave_one_scenario_out,20260715T152953290778Z/verywide_high_match,20260715T152953290778Z/verywide_high_match/n200000,20260715T152953290778Z/verywide_high_match,verywide_high_match,200000,3,200000,2048,1.0,-0.1246687132516023,-0.22122831237405255,early_mask,early_mask,True,True,0.0,1.1327731181755285,1.0,,,,,,,,,agreement,MASK_LOCAL_GUARD_SELECTORS_AGREE,early_mask,early_mask,0.01084716787821538,0.015001055561393787,20260716T012853745457Z/w2048_match075|20260716T012853745457Z/w1024_match075|20260715T140108314442Z/wide_high_match,0.798414142352|1.09502572038|1.12114919396,,,,,,
guarded_residual_nested_leave_one_scenario_out,20260715T152953290778Z/verywide_high_match,20260715T152953290778Z/verywide_high_match/n500000,20260715T152953290778Z/verywide_high_match,verywide_high_match,500000,3,500000,2048,1.0,-0.27268054335656566,-0.8631277254890298,early_mask,early_mask,True,True,0.0,1.3134805776990146,1.0,,,,,,,,,agreement,MASK_LOCAL_GUARD_SELECTORS_AGREE,early_mask,early_mask,0.0,0.015001055561393787,20260716T012853745457Z/w2048_match075|20260716T012853745457Z/w1024_match075|20260715T152953290778Z/verywide_medium_match,0.708113157025|1.03103851952|1.32334836438,,,,,,
guarded_residual_nested_leave_one_scenario_out,20260715T152953290778Z/verywide_low_match,20260715T152953290778Z/verywide_low_match/n200000,20260715T152953290778Z/verywide_low_match,verywide_low_match,200000,3,200000,2048,0.1,1.168815561197305,0.9779511330010565,late_mask,late_mask,True,True,0.0,1.0,3.2181786445925207,,,,,,,,,agreement,MASK_LOCAL_GUARD_SELECTORS_AGREE,late_mask,late_mask,0.06534077993552627,0.0,20260716T012853745457Z/w1024_match025|20260715T152953290778Z/verywide_medium_match|20260715T140108314442Z/wide_low_match,0.967645636028|1.11576810657|1.12114919396,,,,,,
guarded_residual_nested_leave_one_scenario_out,20260715T152953290778Z/verywide_low_match,20260715T152953290778Z/verywide_low_match/n500000,20260715T152953290778Z/verywide_low_match,verywide_low_match,500000,3,500000,2048,0.1,0.14213160975699837,0.570555681403089,late_mask,late_mask,True,True,0.0,1.0,1.1527283488520428,,,,,,,,,agreement,MASK_LOCAL_GUARD_SELECTORS_AGREE,late_mask,late_mask,0.009165124805968908,0.009165124805968908,20260716T012853745457Z/w2048_match010|20260716T012853745457Z/w2048_match025|20260716T012853745457Z/w1024_match025,0.25221324267|0.488549886696|0.894593302775,,,,,,
guarded_residual_nested_leave_one_scenario_out,20260715T152953290778Z/verywide_medium_match,20260715T152953290778Z/verywide_medium_match/n200000,20260715T152953290778Z/verywide_medium_match,verywide_medium_match,200000,3,200000,2048,0.5,0.06077595051343347,0.3230484443984905,late_mask,late_mask,True,True,0.0,1.0,1.0626607989069987,,,,,,,,,agreement,MASK_LOCAL_GUARD_SELECTORS_AGREE,late_mask,late_mask,0.033215980868273265,0.0,20260716T012853745457Z/w2048_match075|20260715T152953290778Z/verywide_low_match|20260716T012853745457Z/w1024_match025,0.784789366223|1.0322690254|1.08513157493,,,,,,
guarded_residual_nested_leave_one_scenario_out,20260715T152953290778Z/verywide_medium_match,20260715T152953290778Z/verywide_medium_match/n500000,20260715T152953290778Z/verywide_medium_match,verywide_medium_match,500000,3,500000,2048,0.5,-0.33077365882036197,-0.21322965646762115,early_mask,early_mask,True,True,0.0,1.3920446796131576,1.0,,,,,,,,,agreement,MASK_LOCAL_GUARD_SELECTORS_AGREE,early_mask,early_mask,0.04238110567424217,0.009165124805968908,20260716T012853745457Z/w2048_match025|20260716T012853745457Z/w2048_match075|20260716T012853745457Z/w1024_match025,0.692714551444|0.692714551444|1.02052419636,,,,,,
guarded_residual_nested_leave_one_scenario_out,20260716T012853745457Z/w1024_match025,20260716T012853745457Z/w1024_match025/n250000,20260716T012853745457Z/w1024_match025,w1024_match025,250000,2,250000,1024,0.25,0.5351824555303466,0.6349887795975813,late_mask,late_mask,True,True,0.0,1.0,1.7077598040510136,,,,,,,,,agreement,MASK_LOCAL_GUARD_SELECTORS_AGREE,late_mask,late_mask,0.009165124805968908,0.009165124805968908,20260715T140108314442Z/wide_low_match|20260715T152953290778Z/verywide_low_match|20260716T012853745457Z/w2048_match025,0.552976703432|0.941426950472|1.02188977871,,,,,,
guarded_residual_nested_leave_one_scenario_out,20260716T012853745457Z/w1024_match025,20260716T012853745457Z/w1024_match025/n450000,20260716T012853745457Z/w1024_match025,w1024_match025,450000,2,450000,1024,0.25,0.17901315985671962,0.4869729784804813,late_mask,late_mask,True,True,0.0,1.0,1.1960364837330755,,,,,,,,,agreement,MASK_LOCAL_GUARD_SELECTORS_AGREE,late_mask,late_mask,0.009165124805968908,0.009165124805968908,20260716T012853745457Z/w2048_match025|20260716T012853745457Z/w2048_match010|20260715T152953290778Z/verywide_low_match,0.729678943437|0.832897793029|0.868949037801,,,,,,
guarded_residual_nested_leave_one_scenario_out,20260716T012853745457Z/w1024_match075,20260716T012853745457Z/w1024_match075/n250000,20260716T012853745457Z/w1024_match075,w1024_match075,250000,2,250000,1024,0.75,-0.08618350665386248,0.04019637367241706,early_mask,early_mask,True,True,0.0,1.0900063333683627,1.0,,,,,,,,,residual,MASK_LOCAL_GUARD_RESIDUAL_LOWER_LOCAL_REGRET,early_mask,late_mask,0.025944642652672933,0.05599683595894763,20260716T012853745457Z/w2048_match075|20260715T140108314442Z/wide_high_match|20260716T012853745457Z/w768_match100,0.729678943437|0.746829198988|1.006070021,,,,,,
guarded_residual_nested_leave_one_scenario_out,20260716T012853745457Z/w1024_match075,20260716T012853745457Z/w1024_match075/n450000,20260716T012853745457Z/w1024_match075,w1024_match075,450000,2,450000,1024,0.75,-0.13925553816996114,-0.13508656231516247,early_mask,early_mask,True,True,0.0,1.1494177825951362,1.0,,,,,,,,,agreement,MASK_LOCAL_GUARD_SELECTORS_AGREE,early_mask,early_mask,0.025944642652672933,0.09060406952596804,20260716T012853745457Z/w2048_match075|20260716T012853745457Z/w768_match100|20260715T152953290778Z/medium_width_high_match,0.729678943437|0.909219004927|0.9818903993,,,,,,
guarded_residual_nested_leave_one_scenario_out,20260716T012853745457Z/w2048_match010,20260716T012853745457Z/w2048_match010/n350000,20260716T012853745457Z/w2048_match010,w2048_match010,350000,2,350000,2048,0.1,0.7789434877233854,0.6238234442008779,late_mask,late_mask,True,True,0.0,1.0,2.179168730339466,,,,,,,,,agreement,MASK_LOCAL_GUARD_SELECTORS_AGREE,late_mask,late_mask,0.009165124805968908,0.009165124805968908,20260716T012853745457Z/w2048_match025|20260715T152953290778Z/verywide_low_match|20260715T140108314442Z/wide_low_match,0.418413039965|0.821171320885|0.821370655307,,,,,,
guarded_residual_nested_leave_one_scenario_out,20260716T012853745457Z/w2048_match010,20260716T012853745457Z/w2048_match010/n450000,20260716T012853745457Z/w2048_match010,w2048_match010,450000,2,450000,2048,0.1,0.5158398804501098,0.5163228774031975,late_mask,late_mask,True,True,0.0,1.0,1.6750447485126385,,,,,,,,,agreement,MASK_LOCAL_GUARD_SELECTORS_AGREE,late_mask,late_mask,0.009165124805968908,0.009165124805968908,20260715T152953290778Z/verywide_low_match|20260716T012853745457Z/w2048_match025|20260716T012853745457Z/w1024_match025,0.248368786994|0.418413039965|0.85830394243,,,,,,
guarded_residual_nested_leave_one_scenario_out,20260716T012853745457Z/w2048_match025,20260716T012853745457Z/w2048_match025/n350000,20260716T012853745457Z/w2048_match025,w2048_match025,350000,2,350000,2048,0.25,0.12145567543538538,0.2627046244802641,late_mask,late_mask,True,True,0.0,1.0,1.1291393162073697,,,,,,,,,agreement,MASK_LOCAL_GUARD_SELECTORS_AGREE,late_mask,late_mask,0.0,0.0,20260716T012853745457Z/w2048_match010|20260715T152953290778Z/verywide_low_match|20260715T140108314442Z/wide_low_match,0.401605992407|0.91411690247|0.91429597316,,,,,,
guarded_residual_nested_leave_one_scenario_out,20260716T012853745457Z/w2048_match025,20260716T012853745457Z/w2048_match025/n450000,20260716T012853745457Z/w2048_match025,w2048_match025,450000,2,450000,2048,0.25,-0.05353199801357679,0.1479571999937596,late_mask,early_mask,False,False,5.499074883581345,1.0,0.9478756103818958,,,,,,,,,agreement,MASK_LOCAL_GUARD_SELECTORS_AGREE,late_mask,late_mask,0.0,0.0,20260716T012853745457Z/w2048_match010|20260715T152953290778Z/verywide_low_match|20260715T152953290778Z/verywide_medium_match,0.401605992407|0.472201680948|0.713938047234,,,,,,
guarded_residual_nested_leave_one_scenario_out,20260716T012853745457Z/w2048_match075,20260716T012853745457Z/w2048_match075/n250000,20260716T012853745457Z/w2048_match075,w2048_match075,250000,2,250000,2048,0.75,-0.18173462225627257,-0.07579920509270321,early_mask,early_mask,True,True,0.0,1.1992958852096396,1.0,,,,,,,,,agreement,MASK_LOCAL_GUARD_SELECTORS_AGREE,early_mask,early_mask,0.015001055561393787,0.015001055561393787,20260716T012853745457Z/w1024_match075|20260715T152953290778Z/verywide_high_match|20260715T152953290778Z/verywide_medium_match,0.749410558758|0.77834694096|0.77834694096,,,,,,
guarded_residual_nested_leave_one_scenario_out,20260716T012853745457Z/w2048_match075,20260716T012853745457Z/w2048_match075/n450000,20260716T012853745457Z/w2048_match075,w2048_match075,450000,2,450000,2048,0.75,-0.4008975458129578,-0.4244472214542704,early_mask,early_mask,True,True,0.0,1.4931642797305236,1.0,,,,,,,,,agreement,MASK_LOCAL_GUARD_SELECTORS_AGREE,early_mask,early_mask,0.015001055561393787,0.015001055561393787,20260715T152953290778Z/verywide_high_match|20260715T152953290778Z/verywide_medium_match|20260716T012853745457Z/w1024_match075,0.688920668671|0.688920668671|0.749410558758,,,,,,
guarded_residual_nested_leave_one_scenario_out,20260716T012853745457Z/w256_match100,20260716T012853745457Z/w256_match100/n200000,20260716T012853745457Z/w256_match100,w256_match100,200000,2,200000,256,1.0,0.2501932891451108,-0.056953519568599724,early_mask,late_mask,False,False,28.42736288504191,0.7786502638811648,1.0,,,,,,,,,residual,MASK_LOCAL_GUARD_RESIDUAL_LOWER_LOCAL_REGRET,early_mask,late_mask,0.025944642652672933,0.13739720537225775,20260715T152953290778Z/medium_width_high_match|20260716T012853745457Z/w512_match100|20260716T012853745457Z/w768_match100,0.688513672015|0.862012456172|1.23359003048,,,,,,
guarded_residual_nested_leave_one_scenario_out,20260716T012853745457Z/w256_match100,20260716T012853745457Z/w256_match100/n400000,20260716T012853745457Z/w256_match100,w256_match100,400000,2,400000,256,1.0,0.3194559980201182,-0.05891563926307696,early_mask,late_mask,False,False,37.63788078409866,0.7265441710546376,1.0,,,,,,,,,residual,MASK_LOCAL_GUARD_RESIDUAL_LOWER_LOCAL_REGRET,early_mask,late_mask,0.025944642652672933,0.13739720537225775,20260716T012853745457Z/w512_match100|20260715T152953290778Z/medium_width_high_match|20260716T012853745457Z/w768_match100,0.750924816649|0.862012456172|1.15869192151,,,,,,
guarded_residual_nested_leave_one_scenario_out,20260716T012853745457Z/w512_match100,20260716T012853745457Z/w512_match100/n150000,20260716T012853745457Z/w512_match100,w512_match100,150000,2,150000,512,1.0,-0.06531798185480839,0.18426057794635892,late_mask,early_mask,False,False,6.749841554739788,1.0,0.9367695402968953,,,,,,,,,agreement,MASK_LOCAL_GUARD_SELECTORS_AGREE,late_mask,late_mask,0.13605338210124054,0.09060406952596804,20260716T012853745457Z/w768_match100|20260715T152953290778Z/medium_width_high_match|20260716T012853745457Z/w256_match100,0.410039995438|0.52531124965|0.839960676009,,,,,,
guarded_residual_nested_leave_one_scenario_out,20260716T012853745457Z/w512_match100,20260716T012853745457Z/w512_match100/n350000,20260716T012853745457Z/w512_match100,w512_match100,350000,2,350000,512,1.0,-0.19331128089665245,-0.046768166091685444,late_mask,early_mask,False,False,21.326039953034037,1.0,0.8242253685911989,,,,,,,,,v1,MASK_LOCAL_GUARD_V1_LOWER_OR_EQUAL_LOCAL_REGRET,early_mask,late_mask,0.13605338210124054,0.05599683595894763,20260716T012853745457Z/w768_match100|20260716T012853745457Z/w256_match100|20260715T140108314442Z/wide_high_match,0.410039995438|0.722312816295|0.78618909696,,,,,,
guarded_residual_nested_leave_one_scenario_out,20260716T012853745457Z/w768_match100,20260716T012853745457Z/w768_match100/n150000,20260716T012853745457Z/w768_match100,w768_match100,150000,2,150000,768,1.0,-0.14467840709340873,0.210957467852187,late_mask,early_mask,False,False,15.566785591603761,1.0,0.8653005228802112,,,,,,,,,agreement,MASK_LOCAL_GUARD_SELECTORS_AGREE,late_mask,late_mask,0.011249735924566314,0.08140036941331012,20260716T012853745457Z/w512_match100|20260715T152953290778Z/medium_width_high_match|20260715T140108314442Z/wide_high_match,0.404959012646|0.663282527232|0.707555629002,,,,,,
guarded_residual_nested_leave_one_scenario_out,20260716T012853745457Z/w768_match100,20260716T012853745457Z/w768_match100/n350000,20260716T012853745457Z/w768_match100,w768_match100,350000,2,350000,768,1.0,-0.16577979296088047,-0.16324140491638325,early_mask,early_mask,True,True,0.0,1.1803131598376482,1.0,,,,,,,,,residual,MASK_LOCAL_GUARD_RESIDUAL_LOWER_LOCAL_REGRET,early_mask,late_mask,0.011249735924566314,0.08140036941331012,20260716T012853745457Z/w512_match100|20260715T140108314442Z/wide_high_match|20260715T152953290778Z/medium_width_high_match,0.404959012646|0.449936525936|0.922514652116,,,,,,
residual_ranking_leave_one_scenario_out,20260715T140108314442Z/narrow_high_match,20260715T140108314442Z/narrow_high_match/n100000,20260715T140108314442Z/narrow_high_match,narrow_high_match,100000,5,100000,18,1.0,0.009745356176599305,0.09079977306743547,late_mask,late_mask,True,True,0.0,1.0,1.009792996792598,,,0.09079977306743547,0.7726074917213442,0.8634072647887797,False,True,MASK_RESIDUAL_BASE_FALLBACK_OUT_OF_SUPPORT,,,,,,,,,,,,,,
residual_ranking_leave_one_scenario_out,20260715T140108314442Z/narrow_high_match,20260715T140108314442Z/narrow_high_match/n300000,20260715T140108314442Z/narrow_high_match,narrow_high_match,300000,5,300000,18,1.0,-0.0350528829910947,0.108088834903457,late_mask,early_mask,False,False,3.567447691559944,1.0,0.965554353505125,,,0.108088834903457,1.1507454289111665,1.2588342638146235,False,True,MASK_RESIDUAL_BASE_FALLBACK_OUT_OF_SUPPORT,,,,,,,,,,,,,,
residual_ranking_leave_one_scenario_out,20260715T140108314442Z/wide_high_match,20260715T140108314442Z/wide_high_match/n100000,20260715T140108314442Z/wide_high_match,wide_high_match,100000,5,100000,1024,1.0,0.0630527372220659,0.5329039474867223,late_mask,late_mask,True,True,0.0,1.0,1.0650830072692923,,,-0.1451898552266817,0.678093802713404,0.5329039474867223,True,False,MASK_RESIDUAL_LATE_PREDICTED_FASTER_OR_TIE,,,,,,,,,,,,,,
residual_ranking_leave_one_scenario_out,20260715T140108314442Z/wide_high_match,20260715T140108314442Z/wide_high_match/n300000,20260715T140108314442Z/wide_high_match,wide_high_match,300000,5,300000,1024,1.0,-0.15653111863371433,-0.22268167548885345,early_mask,early_mask,True,True,0.0,1.1694471533504338,1.0,,,-0.15025403328077402,-0.07242764220807943,-0.22268167548885345,True,False,MASK_RESIDUAL_EARLY_PREDICTED_FASTER,,,,,,,,,,,,,,
residual_ranking_leave_one_scenario_out,20260715T140108314442Z/wide_low_match,20260715T140108314442Z/wide_low_match/n100000,20260715T140108314442Z/wide_low_match,wide_low_match,100000,5,100000,1024,0.1,1.760693062508557,0.6478799110464619,late_mask,late_mask,True,True,0.0,1.0,5.816467173126956,,,0.6478799110464619,0.3961014657233667,1.0439813767698287,False,True,MASK_RESIDUAL_BASE_FALLBACK_OUT_OF_SUPPORT,,,,,,,,,,,,,,
residual_ranking_leave_one_scenario_out,20260715T140108314442Z/wide_low_match,20260715T140108314442Z/wide_low_match/n300000,20260715T140108314442Z/wide_low_match,wide_low_match,300000,5,300000,1024,0.1,1.0543921548754878,0.8136876701812823,late_mask,late_mask,True,True,0.0,1.0,2.870229968261352,,,0.6628872397855972,0.1508004303956852,0.8136876701812823,True,False,MASK_RESIDUAL_LATE_PREDICTED_FASTER_OR_TIE,,,,,,,,,,,,,,
residual_ranking_leave_one_scenario_out,20260715T152953290778Z/medium_width_high_match,20260715T152953290778Z/medium_width_high_match/n200000,20260715T152953290778Z/medium_width_high_match,medium_width_high_match,200000,3,200000,512,1.0,-0.10383510864939452,-0.1034907684278048,early_mask,early_mask,True,True,0.0,1.1094175064816607,1.0,,,-0.1034907684278048,0.15050801765284139,0.047017249225036584,True,True,MASK_RESIDUAL_BASE_FALLBACK_LOW_CONFIDENCE_FLIP,,,,,,,,,,,,,,
residual_ranking_leave_one_scenario_out,20260715T152953290778Z/medium_width_high_match,20260715T152953290778Z/medium_width_high_match/n500000,20260715T152953290778Z/medium_width_high_match,medium_width_high_match,500000,3,500000,512,1.0,-0.09369605500593597,-0.006387664777407889,early_mask,early_mask,True,True,0.0,1.0982258949204617,1.0,,,-0.1055696688012322,0.09918200402382431,-0.006387664777407889,True,False,MASK_RESIDUAL_EARLY_PREDICTED_FASTER,,,,,,,,,,,,,,
residual_ranking_leave_one_scenario_out,20260715T152953290778Z/verywide_high_match,20260715T152953290778Z/verywide_high_match/n200000,20260715T152953290778Z/verywide_high_match,verywide_high_match,200000,3,200000,2048,1.0,-0.1246687132516023,-0.16491207598438073,early_mask,early_mask,True,True,0.0,1.1327731181755285,1.0,,,-0.16491207598438073,-0.056316236389671814,-0.22122831237405255,False,True,MASK_RESIDUAL_BASE_FALLBACK_OUT_OF_SUPPORT,,,,,,,,,,,,,,
residual_ranking_leave_one_scenario_out,20260715T152953290778Z/verywide_high_match,20260715T152953290778Z/verywide_high_match/n500000,20260715T152953290778Z/verywide_high_match,verywide_high_match,500000,3,500000,2048,1.0,-0.27268054335656566,-0.1670995840355438,early_mask,early_mask,True,True,0.0,1.3134805776990146,1.0,,,-0.1670995840355438,-0.696028141453486,-0.8631277254890298,False,True,MASK_RESIDUAL_BASE_FALLBACK_OUT_OF_SUPPORT,,,,,,,,,,,,,,
residual_ranking_leave_one_scenario_out,20260715T152953290778Z/verywide_low_match,20260715T152953290778Z/verywide_low_match/n200000,20260715T152953290778Z/verywide_low_match,verywide_low_match,200000,3,200000,2048,0.1,1.168815561197305,0.9779511330010565,late_mask,late_mask,True,True,0.0,1.0,3.2181786445925207,,,0.7605014060170943,0.21744972698396223,0.9779511330010565,True,False,MASK_RESIDUAL_LATE_PREDICTED_FASTER_OR_TIE,,,,,,,,,,,,,,
residual_ranking_leave_one_scenario_out,20260715T152953290778Z/verywide_low_match,20260715T152953290778Z/verywide_low_match/n500000,20260715T152953290778Z/verywide_low_match,verywide_low_match,500000,3,500000,2048,0.1,0.14213160975699837,0.570555681403089,late_mask,late_mask,True,True,0.0,1.0,1.1527283488520428,,,0.7637257494922949,-0.19317006808920584,0.570555681403089,True,False,MASK_RESIDUAL_LATE_PREDICTED_FASTER_OR_TIE,,,,,,,,,,,,,,
residual_ranking_leave_one_scenario_out,20260715T152953290778Z/verywide_medium_match,20260715T152953290778Z/verywide_medium_match/n200000,20260715T152953290778Z/verywide_medium_match,verywide_medium_match,200000,3,200000,2048,0.5,0.06077595051343347,0.3230484443984905,late_mask,late_mask,True,True,0.0,1.0,1.0626607989069987,,,0.12738247497268684,0.19566596942580367,0.3230484443984905,True,False,MASK_RESIDUAL_LATE_PREDICTED_FASTER_OR_TIE,,,,,,,,,,,,,,
residual_ranking_leave_one_scenario_out,20260715T152953290778Z/verywide_medium_match,20260715T152953290778Z/verywide_medium_match/n500000,20260715T152953290778Z/verywide_medium_match,verywide_medium_match,500000,3,500000,2048,0.5,-0.33077365882036197,-0.21322965646762115,early_mask,early_mask,True,True,0.0,1.3920446796131576,1.0,,,0.1260406322077241,-0.33927028867534526,-0.21322965646762115,True,False,MASK_RESIDUAL_EARLY_PREDICTED_FASTER,,,,,,,,,,,,,,
residual_ranking_leave_one_scenario_out,20260716T012853745457Z/w1024_match025,20260716T012853745457Z/w1024_match025/n250000,20260716T012853745457Z/w1024_match025,w1024_match025,250000,2,250000,1024,0.25,0.5351824555303466,0.6349887795975813,late_mask,late_mask,True,True,0.0,1.0,1.7077598040510136,,,0.41511920818692527,0.21986957141065597,0.6349887795975813,True,False,MASK_RESIDUAL_LATE_PREDICTED_FASTER_OR_TIE,,,,,,,,,,,,,,
residual_ranking_leave_one_scenario_out,20260716T012853745457Z/w1024_match025,20260716T012853745457Z/w1024_match025/n450000,20260716T012853745457Z/w1024_match025,w1024_match025,450000,2,450000,1024,0.25,0.17901315985671962,0.4869729784804813,late_mask,late_mask,True,True,0.0,1.0,1.1960364837330755,,,0.4159431498470276,0.0710298286334537,0.4869729784804813,True,False,MASK_RESIDUAL_LATE_PREDICTED_FASTER_OR_TIE,,,,,,,,,,,,,,
residual_ranking_leave_one_scenario_out,20260716T012853745457Z/w1024_match075,20260716T012853745457Z/w1024_match075/n250000,20260716T012853745457Z/w1024_match075,w1024_match075,250000,2,250000,1024,0.75,-0.08618350665386248,-0.023280473006559,early_mask,early_mask,True,True,0.0,1.0900063333683627,1.0,,,-0.023280473006559,0.06347684667897606,0.04019637367241706,True,True,MASK_RESIDUAL_BASE_FALLBACK_LOW_CONFIDENCE_FLIP,,,,,,,,,,,,,,
residual_ranking_leave_one_scenario_out,20260716T012853745457Z/w1024_match075,20260716T012853745457Z/w1024_match075/n450000,20260716T012853745457Z/w1024_match075,w1024_match075,450000,2,450000,1024,0.75,-0.13925553816996114,-0.13508656231516247,early_mask,early_mask,True,True,0.0,1.1494177825951362,1.0,,,-0.024373555063929686,-0.11071300725123279,-0.13508656231516247,True,False,MASK_RESIDUAL_EARLY_PREDICTED_FASTER,,,,,,,,,,,,,,
residual_ranking_leave_one_scenario_out,20260716T012853745457Z/w2048_match010,20260716T012853745457Z/w2048_match010/n350000,20260716T012853745457Z/w2048_match010,w2048_match010,350000,2,350000,2048,0.1,0.7789434877233854,0.6238234442008779,late_mask,late_mask,True,True,0.0,1.0,2.179168730339466,,,0.7583259069446813,-0.13450246274380337,0.6238234442008779,True,False,MASK_RESIDUAL_LATE_PREDICTED_FASTER_OR_TIE,,,,,,,,,,,,,,
residual_ranking_leave_one_scenario_out,20260716T012853745457Z/w2048_match010,20260716T012853745457Z/w2048_match010/n450000,20260716T012853745457Z/w2048_match010,w2048_match010,450000,2,450000,2048,0.1,0.5158398804501098,0.5163228774031975,late_mask,late_mask,True,True,0.0,1.0,1.6750447485126385,,,0.7590034334189149,-0.24268055601571734,0.5163228774031975,True,False,MASK_RESIDUAL_LATE_PREDICTED_FASTER_OR_TIE,,,,,,,,,,,,,,
residual_ranking_leave_one_scenario_out,20260716T012853745457Z/w2048_match025,20260716T012853745457Z/w2048_match025/n350000,20260716T012853745457Z/w2048_match025,w2048_match025,350000,2,350000,2048,0.25,0.12145567543538538,0.2627046244802641,late_mask,late_mask,True,True,0.0,1.0,1.1291393162073697,,,0.42057011035772085,-0.15786548587745672,0.2627046244802641,True,False,MASK_RESIDUAL_LATE_PREDICTED_FASTER_OR_TIE,,,,,,,,,,,,,,
residual_ranking_leave_one_scenario_out,20260716T012853745457Z/w2048_match025,20260716T012853745457Z/w2048_match025/n450000,20260716T012853745457Z/w2048_match025,w2048_match025,450000,2,450000,2048,0.25,-0.05353199801357679,0.1479571999937596,late_mask,early_mask,False,False,5.499074883581345,1.0,0.9478756103818958,,,0.42054940489919446,-0.27259220490543484,0.1479571999937596,True,False,MASK_RESIDUAL_LATE_PREDICTED_FASTER_OR_TIE,,,,,,,,,,,,,,
residual_ranking_leave_one_scenario_out,20260716T012853745457Z/w2048_match075,20260716T012853745457Z/w2048_match075/n250000,20260716T012853745457Z/w2048_match075,w2048_match075,250000,2,250000,2048,0.75,-0.18173462225627257,-0.07579920509270321,early_mask,early_mask,True,True,0.0,1.1992958852096396,1.0,,,-0.036690945475776005,-0.0391082596169272,-0.07579920509270321,True,False,MASK_RESIDUAL_EARLY_PREDICTED_FASTER,,,,,,,,,,,,,,
residual_ranking_leave_one_scenario_out,20260716T012853745457Z/w2048_match075,20260716T012853745457Z/w2048_match075/n450000,20260716T012853745457Z/w2048_match075,w2048_match075,450000,2,450000,2048,0.75,-0.4008975458129578,-0.4244472214542704,early_mask,early_mask,True,True,0.0,1.4931642797305236,1.0,,,-0.03775487982389869,-0.3866923416303717,-0.4244472214542704,True,False,MASK_RESIDUAL_EARLY_PREDICTED_FASTER,,,,,,,,,,,,,,
residual_ranking_leave_one_scenario_out,20260716T012853745457Z/w256_match100,20260716T012853745457Z/w256_match100/n200000,20260716T012853745457Z/w256_match100,w256_match100,200000,2,200000,256,1.0,0.2501932891451108,-0.056953519568599724,early_mask,late_mask,False,False,28.42736288504191,0.7786502638811648,1.0,,,-0.07523968710729889,0.018286167538699168,-0.056953519568599724,True,False,MASK_RESIDUAL_EARLY_PREDICTED_FASTER,,,,,,,,,,,,,,
residual_ranking_leave_one_scenario_out,20260716T012853745457Z/w256_match100,20260716T012853745457Z/w256_match100/n400000,20260716T012853745457Z/w256_match100,w256_match100,400000,2,400000,256,1.0,0.3194559980201182,-0.05891563926307696,early_mask,late_mask,False,False,37.63788078409866,0.7265441710546376,1.0,,,-0.07685509355002296,0.017939454286945995,-0.05891563926307696,True,False,MASK_RESIDUAL_EARLY_PREDICTED_FASTER,,,,,,,,,,,,,,
residual_ranking_leave_one_scenario_out,20260716T012853745457Z/w512_match100,20260716T012853745457Z/w512_match100/n150000,20260716T012853745457Z/w512_match100,w512_match100,150000,2,150000,512,1.0,-0.06531798185480839,0.18426057794635892,late_mask,early_mask,False,False,6.749841554739788,1.0,0.9367695402968953,,,-0.1059815696173958,0.2902421475637547,0.18426057794635892,True,False,MASK_RESIDUAL_LATE_PREDICTED_FASTER_OR_TIE,,,,,,,,,,,,,,
residual_ranking_leave_one_scenario_out,20260716T012853745457Z/w512_match100,20260716T012853745457Z/w512_match100/n350000,20260716T012853745457Z/w512_match100,w512_match100,350000,2,350000,512,1.0,-0.19331128089665245,-0.046768166091685444,early_mask,early_mask,True,True,0.0,1.2132603995303404,1.0,,,-0.10865530571088566,0.06188713961920022,-0.046768166091685444,True,False,MASK_RESIDUAL_EARLY_PREDICTED_FASTER,,,,,,,,,,,,,,
residual_ranking_leave_one_scenario_out,20260716T012853745457Z/w768_match100,20260716T012853745457Z/w768_match100/n150000,20260716T012853745457Z/w768_match100,w768_match100,150000,2,150000,768,1.0,-0.14467840709340873,0.210957467852187,late_mask,early_mask,False,False,15.566785591603761,1.0,0.8653005228802112,,,-0.12523447496105966,0.33619194281324666,0.210957467852187,True,False,MASK_RESIDUAL_LATE_PREDICTED_FASTER_OR_TIE,,,,,,,,,,,,,,
residual_ranking_leave_one_scenario_out,20260716T012853745457Z/w768_match100,20260716T012853745457Z/w768_match100/n350000,20260716T012853745457Z/w768_match100,w768_match100,350000,2,350000,768,1.0,-0.16577979296088047,-0.16324140491638325,early_mask,early_mask,True,True,0.0,1.1803131598376482,1.0,,,-0.12799801003922973,-0.035243394877153535,-0.16324140491638325,True,False,MASK_RESIDUAL_EARLY_PREDICTED_FASTER,,,,,,,,,,,,,,
mechanism_formula_fixed_development,independent_microbenchmarks,20260715T140108314442Z/narrow_high_match/n100000,20260715T140108314442Z/narrow_high_match,narrow_high_match,100000,5,100000,18,1.0,0.009745356176599305,0.0246280494265684,late_mask,late_mask,True,True,0.0,1.0,1.009792996792598,221.7414759639566,216.34711488522436,,,,,,MASK_MECHANISM_LATE_ESTIMATED_CHEAPER_OR_TIE,,,,,,,,,203.78768026725777,16.677308936543493,1.2764867601553296,203.78768026725777,11.282947857811264,1.2764867601553296
mechanism_formula_fixed_development,independent_microbenchmarks,20260715T140108314442Z/narrow_high_match/n300000,20260715T140108314442Z/narrow_high_match,narrow_high_match,300000,5,300000,18,1.0,-0.0350528829910947,0.0418514858343972,late_mask,early_mask,False,False,3.567447691559944,1.0,0.965554353505125,394.8268023529038,378.64371911670713,,,,,,MASK_MECHANISM_LATE_ESTIMATED_CHEAPER_OR_TIE,,,,,,,,,360.34454552124635,31.68770498171144,2.7945518499460853,360.34454552124635,15.504621745514749,2.7945518499460853
mechanism_formula_fixed_development,independent_microbenchmarks,20260715T140108314442Z/wide_high_match/n100000,20260715T140108314442Z/wide_high_match,wide_high_match,100000,5,100000,1024,1.0,0.0630527372220659,-0.08108355368048017,early_mask,late_mask,False,False,6.508300726929228,0.9388939577243327,1.0,1332.890910436075,1445.4688807748346,,,,,,MASK_MECHANISM_EARLY_ESTIMATED_CHEAPER,,,,,,,,,1314.937114739376,16.677308936543493,1.2764867601553296,1314.937114739376,129.25527927530308,1.2764867601553296
mechanism_formula_fixed_development,independent_microbenchmarks,20260715T140108314442Z/wide_high_match/n300000,20260715T140108314442Z/wide_high_match,wide_high_match,300000,5,300000,1024,1.0,-0.15653111863371433,-0.08671624424291327,early_mask,early_mask,True,True,0.0,1.1694471533504338,1.0,3728.2751057692576,4066.0090167855365,,,,,,MASK_MECHANISM_EARLY_ESTIMATED_CHEAPER,,,,,,,,,3693.7928489376004,31.68770498171144,2.7945518499460853,3693.7928489376004,369.4216159979902,2.7945518499460853
mechanism_formula_fixed_development,independent_microbenchmarks,20260715T140108314442Z/wide_low_match/n100000,20260715T140108314442Z/wide_low_match,wide_low_match,100000,5,100000,1024,0.1,1.760693062508557,1.61017184223469,late_mask,late_mask,True,True,0.0,1.0,5.816467173126956,1332.233100255632,266.25113867998107,,,,,,MASK_MECHANISM_LATE_ESTIMATED_CHEAPER_OR_TIE,,,,,,,,,1314.937114739376,16.677308936543493,0.6186765797124469,244.45203435017476,21.180427750093877,0.6186765797124469
mechanism_formula_fixed_development,independent_microbenchmarks,20260715T140108314442Z/wide_low_match/n300000,20260715T140108314442Z/wide_low_match,wide_low_match,300000,5,300000,1024,0.1,1.0543921548754878,1.9534016103668652,late_mask,late_mask,True,True,0.0,1.0,2.870229968261352,3726.301675227929,528.3557905009773,,,,,,MASK_MECHANISM_LATE_ESTIMATED_CHEAPER_OR_TIE,,,,,,,,,3693.7928489376004,31.68770498171144,0.8211213086174376,482.33760776999725,45.197061422362594,0.8211213086174376
mechanism_formula_fixed_development,independent_microbenchmarks,20260715T152953290778Z/medium_width_high_match/n200000,20260715T152953290778Z/medium_width_high_match,medium_width_high_match,200000,3,200000,512,1.0,-0.10383510864939452,-0.07239135239166744,early_mask,early_mask,True,True,0.0,1.1094175064816607,1.0,1399.5521722185224,1504.624944534698,,,,,,MASK_MECHANISM_EARLY_ESTIMATED_CHEAPER,,,,,,,,,1373.3341459543442,24.182506959127466,2.0355193050507077,1373.3341459543442,129.25527927530308,2.0355193050507077
mechanism_formula_fixed_development,independent_microbenchmarks,20260715T152953290778Z/medium_width_high_match/n500000,20260715T152953290778Z/medium_width_high_match,medium_width_high_match,500000,3,500000,512,1.0,-0.09369605500593597,-0.0766787790078475,early_mask,early_mask,True,True,0.0,1.0982258949204617,1.0,3296.0822113920817,3558.7641421825206,,,,,,MASK_MECHANISM_EARLY_ESTIMATED_CHEAPER,,,,,,,,,3245.071493425465,46.698101026879385,4.3126169397368415,3245.071493425465,309.3800318173184,4.3126169397368415
mechanism_formula_fixed_development,independent_microbenchmarks,20260715T152953290778Z/verywide_high_match/n200000,20260715T152953290778Z/verywide_high_match,verywide_high_match,200000,3,200000,2048,1.0,-0.1246687132516023,-0.09266205771908523,early_mask,early_mask,True,True,0.0,1.1327731181755285,1.0,4792.644679870955,5257.966957271161,,,,,,MASK_MECHANISM_EARLY_ESTIMATED_CHEAPER,,,,,,,,,4766.426653606776,24.182506959127466,2.0355193050507077,4766.426653606776,489.50478435933377,2.0355193050507077
mechanism_formula_fixed_development,independent_microbenchmarks,20260715T152953290778Z/verywide_high_match/n500000,20260715T152953290778Z/verywide_high_match,verywide_high_match,500000,3,500000,2048,1.0,-0.27268054335656566,-0.09418459497335838,early_mask,early_mask,True,True,0.0,1.3134805776990146,1.0,11778.813480523162,12942.119174023679,,,,,,MASK_MECHANISM_EARLY_ESTIMATED_CHEAPER,,,,,,,,,11727.802762556546,46.698101026879385,4.3126169397368415,11727.802762556546,1210.0037945273953,4.3126169397368415
mechanism_formula_fixed_development,independent_microbenchmarks,20260715T152953290778Z/verywide_low_match/n200000,20260715T152953290778Z/verywide_low_match,verywide_low_match,200000,3,200000,2048,0.1,1.168815561197305,2.0014037602330688,late_mask,late_mask,True,True,0.0,1.0,3.2181786445925207,4791.329059510069,647.5262654395766,,,,,,MASK_MECHANISM_LATE_ESTIMATED_CHEAPER_OR_TIE,,,,,,,,,4766.426653606776,24.182506959127466,0.7198989441649423,589.6009882369148,57.20537825849695,0.7198989441649423
mechanism_formula_fixed_development,independent_microbenchmarks,20260715T152953290778Z/verywide_low_match/n500000,20260715T152953290778Z/verywide_low_match,verywide_low_match,500000,3,500000,2048,0.1,0.14213160975699837,2.118174861739392,late_mask,late_mask,True,True,0.0,1.0,1.1527283488520428,11775.524429620948,1416.0174444447173,,,,,,MASK_MECHANISM_LATE_ESTIMATED_CHEAPER_OR_TIE,,,,,,,,,11727.802762556546,46.698101026879385,1.0235660375224283,1285.7385991318918,129.25527927530308,1.0235660375224283
mechanism_formula_fixed_development,independent_microbenchmarks,20260715T152953290778Z/verywide_medium_match/n200000,20260715T152953290778Z/verywide_medium_match,verywide_medium_match,200000,3,200000,2048,0.5,0.06077595051343347,0.574934062235195,late_mask,late_mask,True,True,0.0,1.0,1.0626607989069987,4791.913779670463,2696.6110173647253,,,,,,MASK_MECHANISM_LATE_ESTIMATED_CHEAPER_OR_TIE,,,,,,,,,4766.426653606776,24.182506959127466,1.3046191045586157,2445.9679506235198,249.33844763664666,1.3046191045586157
mechanism_formula_fixed_development,independent_microbenchmarks,20260715T152953290778Z/verywide_medium_match/n500000,20260715T152953290778Z/verywide_medium_match,verywide_medium_match,500000,3,500000,2048,0.5,-0.33077365882036197,0.5884044539676165,late_mask,early_mask,False,False,39.20446796131576,1.0,0.7183677468440849,11776.986230021932,6538.729324257588,,,,,,MASK_MECHANISM_LATE_ESTIMATED_CHEAPER_OR_TIE,,,,,,,,,11727.802762556546,46.698101026879385,2.485366438506612,5926.656005098404,609.5879527206773,2.485366438506612
mechanism_formula_fixed_development,independent_microbenchmarks,20260716T012853745457Z/w1024_match025/n250000,20260716T012853745457Z/w1024_match025,w1024_match025,250000,2,250000,1024,0.25,0.5351824555303466,1.1873256185665917,late_mask,late_mask,True,True,0.0,1.0,1.7077598040510136,3128.0586190600393,954.1703534185838,,,,,,MASK_MECHANISM_LATE_ESTIMATED_CHEAPER_OR_TIE,,,,,,,,,3099.078915388044,27.935105970419453,1.0445977015757244,868.9016645772087,84.22409113979924,1.0445977015757244
mechanism_formula_fixed_development,independent_microbenchmarks,20260716T012853745457Z/w1024_match025/n450000,20260716T012853745457Z/w1024_match025,w1024_match025,450000,2,450000,1024,0.25,0.17901315985671962,1.2329739832965618,late_mask,late_mask,True,True,0.0,1.0,1.1960364837330755,5522.346464092485,1609.3475859378643,,,,,,MASK_MECHANISM_LATE_ESTIMATED_CHEAPER_OR_TIE,,,,,,,,,5477.934649586269,42.9455020155874,1.4663124906283427,1463.615598126765,144.26567532047105,1.4663124906283427
mechanism_formula_fixed_development,independent_microbenchmarks,20260716T012853745457Z/w1024_match075/n250000,20260716T012853745457Z/w1024_match075,w1024_match075,250000,2,250000,1024,0.75,-0.08618350665386248,0.18828531999199588,late_mask,early_mask,False,False,9.000633336836273,1.0,0.9174258620220828,3128.9722443106543,2591.9727729947685,,,,,,MASK_MECHANISM_LATE_ESTIMATED_CHEAPER_OR_TIE,,,,,,,,,3099.078915388044,27.935105970419453,1.9582229521908392,2355.686498451099,234.32805159147873,1.9582229521908392
mechanism_formula_fixed_development,independent_microbenchmarks,20260716T012853745457Z/w1024_match075/n450000,20260716T012853745457Z/w1024_match075,w1024_match075,450000,2,450000,1024,0.75,-0.13925553816996114,0.19235008721876437,late_mask,early_mask,False,False,14.941778259513615,1.0,0.8700056803908296,5523.990989543592,4557.391941174998,,,,,,MASK_MECHANISM_LATE_ESTIMATED_CHEAPER_OR_TIE,,,,,,,,,5477.934649586269,42.9455020155874,3.1108379417355487,4139.828299099768,414.45280413349406,3.1108379417355487
mechanism_formula_fixed_development,independent_microbenchmarks,20260716T012853745457Z/w2048_match010/n350000,20260716T012853745457Z/w2048_match010,w2048_match010,350000,2,350000,2048,0.1,0.7789434877233854,2.0829791689937354,late_mask,late_mask,True,True,0.0,1.0,2.179168730339466,8283.426744565508,1031.771854942147,,,,,,MASK_MECHANISM_LATE_ESTIMATED_CHEAPER_OR_TIE,,,,,,,,,8247.11470808166,35.440303993003425,0.8717324908436852,937.6697936844033,93.23032876690002,0.8717324908436852
mechanism_formula_fixed_development,independent_microbenchmarks,20260716T012853745457Z/w2048_match010/n450000,20260716T012853745457Z/w2048_match010,w2048_match010,450000,2,450000,2048,0.1,0.5158398804501098,2.108896940453756,late_mask,late_mask,True,True,0.0,1.0,1.6750447485126385,10611.491867935802,1287.935581277194,,,,,,MASK_MECHANISM_LATE_ESTIMATED_CHEAPER_OR_TIE,,,,,,,,,10567.573411064917,42.9455020155874,0.9729548552961806,1169.715663982729,117.24696243916873,0.9729548552961806
mechanism_formula_fixed_development,independent_microbenchmarks,20260716T012853745457Z/w2048_match025/n350000,20260716T012853745457Z/w2048_match025,w2048_match025,350000,2,350000,2048,0.25,0.12145567543538538,1.2486810958201844,late_mask,late_mask,True,True,0.0,1.0,1.1291393162073697,8283.810467170766,2376.4837233930257,,,,,,MASK_MECHANISM_LATE_ESTIMATED_CHEAPER_OR_TIE,,,,,,,,,8247.11470808166,35.440303993003425,1.2554550961020334,2155.910612750613,219.31765554631076,1.2554550961020334
mechanism_formula_fixed_development,independent_microbenchmarks,20260716T012853745457Z/w2048_match025/n450000,20260716T012853745457Z/w2048_match025,w2048_match025,450000,2,450000,2048,0.25,-0.05353199801357679,1.2577705246860822,late_mask,early_mask,False,False,5.499074883581345,1.0,0.9478756103818958,10611.985225571134,3016.8508407140375,,,,,,MASK_MECHANISM_LATE_ESTIMATED_CHEAPER_OR_TIE,,,,,,,,,10567.573411064917,42.9455020155874,1.4663124906283427,2736.0252884964266,279.35923972698254,1.4663124906283427
mechanism_formula_fixed_development,independent_microbenchmarks,20260716T012853745457Z/w2048_match075/n250000,20260716T012853745457Z/w2048_match075,w2048_match075,250000,2,250000,2048,0.75,-0.18173462225627257,0.18756911949328478,late_mask,early_mask,False,False,19.92958852096396,1.0,0.8338225890145515,5956.549334021015,4937.811530955058,,,,,,MASK_MECHANISM_LATE_ESTIMATED_CHEAPER_OR_TIE,,,,,,,,,5926.656005098404,27.935105970419453,1.9582229521908392,4476.3693157338685,459.4839922689979,1.9582229521908392
mechanism_formula_fixed_development,independent_microbenchmarks,20260716T012853745457Z/w2048_match075/n450000,20260716T012853745457Z/w2048_match075,w2048_match075,450000,2,450000,2048,0.75,-0.4008975458129578,0.18967378840900778,late_mask,early_mask,False,False,49.316427973052356,1.0,0.6697186730052727,10613.62975102224,8779.901705503516,,,,,,MASK_MECHANISM_LATE_ESTIMATED_CHEAPER_OR_TIE,,,,,,,,,10567.573411064917,42.9455020155874,3.1108379417355487,7957.057370208754,819.7334973530286,3.1108379417355487
mechanism_formula_fixed_development,independent_microbenchmarks,20260716T012853745457Z/w256_match100/n200000,20260716T012853745457Z/w256_match100,w256_match100,200000,2,200000,256,1.0,0.2501932891451108,-0.05258471855620195,early_mask,late_mask,False,False,28.42736288504191,0.7786502638811648,1.0,834.0367542764504,879.0679424119542,,,,,,MASK_MECHANISM_EARLY_ESTIMATED_CHEAPER,,,,,,,,,807.8187280122722,24.182506959127466,2.0355193050507077,807.8187280122722,69.2136950946313,2.0355193050507077
mechanism_formula_fixed_development,independent_microbenchmarks,20260716T012853745457Z/w256_match100/n400000,20260716T012853745457Z/w256_match100,w256_match100,400000,2,400000,256,1.0,0.3194559980201182,-0.057092656532465855,early_mask,late_mask,False,False,37.63788078409866,0.7265441710546376,1.0,1532.8746957834178,1622.9370720544255,,,,,,MASK_MECHANISM_EARLY_ESTIMATED_CHEAPER,,,,,,,,,1490.128208384281,39.19290300429542,3.5535843948414634,1490.128208384281,129.25527927530308,3.5535843948414634
mechanism_formula_fixed_development,independent_microbenchmarks,20260716T012853745457Z/w512_match100/n150000,20260716T012853745457Z/w512_match100,w512_match100,150000,2,150000,512,1.0,-0.06531798185480839,-0.07021046174433838,early_mask,early_mask,True,True,0.0,1.0674984155473979,1.0,1083.4638323562624,1162.2684115933941,,,,,,MASK_MECHANISM_EARLY_ESTIMATED_CHEAPER,,,,,,,,,1061.377921375824,20.42990794783548,1.6560030326030186,1061.377921375824,99.23448718496721,1.6560030326030186
mechanism_formula_fixed_development,independent_microbenchmarks,20260716T012853745457Z/w512_match100/n350000,20260716T012853745457Z/w512_match100,w512_match100,350000,2,350000,512,1.0,-0.19331128089665245,-0.07540281656813282,early_mask,early_mask,True,True,0.0,1.2132603995303404,1.0,2347.8171918053017,2531.694543358609,,,,,,MASK_MECHANISM_EARLY_ESTIMATED_CHEAPER,,,,,,,,,2309.2028196899046,35.440303993003425,3.1740681223937743,2309.2028196899046,219.31765554631076,3.1740681223937743
mechanism_formula_fixed_development,independent_microbenchmarks,20260716T012853745457Z/w768_match100/n150000,20260716T012853745457Z/w768_match100,w768_match100,150000,2,150000,768,1.0,-0.14467840709340873,-0.07894146364710192,early_mask,early_mask,True,True,0.0,1.1556678559160376,1.0,1507.6003958128165,1631.436163185452,,,,,,MASK_MECHANISM_EARLY_ESTIMATED_CHEAPER,,,,,,,,,1485.514484832378,20.42990794783548,1.6560030326030186,1485.514484832378,144.26567532047105,1.6560030326030186
mechanism_formula_fixed_development,independent_microbenchmarks,20260716T012853745457Z/w768_match100/n350000,20260716T012853745457Z/w768_match100,w768_match100,350000,2,350000,768,1.0,-0.16577979296088047,-0.08303295471532124,early_mask,early_mask,True,True,0.0,1.1803131598376482,1.0,3337.4691732039278,3626.4192970734107,,,,,,MASK_MECHANISM_EARLY_ESTIMATED_CHEAPER,,,,,,,,,3298.8548010885306,35.440303993003425,3.1740681223937743,3298.8548010885306,324.3904278624864,3.1740681223937743
