block_index,block_id,permutation_id,order_position,candidate_id,started_at_utc,client_materialization_latency_ms,process_cpu_time_ms,output_row_count,semantic_result_digest
0,bts-multijoin-block-000,fused -> materialize-after-bts-mj-origin-join -> materialize-after-bts-mj-filter -> materialize-after-bts-mj-carrier-join,0,fused,2026-07-19T06:12:40.060146+00:00,79.8801,187.5,929,sha256:2e28043d2ee9ea90a8bff098db806a2aa4d9ad8c5140a47f2fc1fb5ee2222562
0,bts-multijoin-block-000,fused -> materialize-after-bts-mj-origin-join -> materialize-after-bts-mj-filter -> materialize-after-bts-mj-carrier-join,1,materialize-after-bts-mj-origin-join,2026-07-19T06:12:40.152145+00:00,112.1652,281.25,929,sha256:2e28043d2ee9ea90a8bff098db806a2aa4d9ad8c5140a47f2fc1fb5ee2222562
0,bts-multijoin-block-000,fused -> materialize-after-bts-mj-origin-join -> materialize-after-bts-mj-filter -> materialize-after-bts-mj-carrier-join,2,materialize-after-bts-mj-filter,2026-07-19T06:12:40.275828+00:00,116.646,218.75,929,sha256:2e28043d2ee9ea90a8bff098db806a2aa4d9ad8c5140a47f2fc1fb5ee2222562
0,bts-multijoin-block-000,fused -> materialize-after-bts-mj-origin-join -> materialize-after-bts-mj-filter -> materialize-after-bts-mj-carrier-join,3,materialize-after-bts-mj-carrier-join,2026-07-19T06:12:40.400750+00:00,135.9666,281.25,929,sha256:2e28043d2ee9ea90a8bff098db806a2aa4d9ad8c5140a47f2fc1fb5ee2222562
1,bts-multijoin-block-001,materialize-after-bts-mj-carrier-join -> materialize-after-bts-mj-origin-join -> fused -> materialize-after-bts-mj-filter,0,materialize-after-bts-mj-carrier-join,2026-07-19T06:12:40.553559+00:00,143.2585,281.25,929,sha256:2e28043d2ee9ea90a8bff098db806a2aa4d9ad8c5140a47f2fc1fb5ee2222562
1,bts-multijoin-block-001,materialize-after-bts-mj-carrier-join -> materialize-after-bts-mj-origin-join -> fused -> materialize-after-bts-mj-filter,1,materialize-after-bts-mj-origin-join,2026-07-19T06:12:40.719547+00:00,130.9365,296.875,929,sha256:2e28043d2ee9ea90a8bff098db806a2aa4d9ad8c5140a47f2fc1fb5ee2222562
1,bts-multijoin-block-001,materialize-after-bts-mj-carrier-join -> materialize-after-bts-mj-origin-join -> fused -> materialize-after-bts-mj-filter,2,fused,2026-07-19T06:12:40.861543+00:00,116.8107,171.875,929,sha256:2e28043d2ee9ea90a8bff098db806a2aa4d9ad8c5140a47f2fc1fb5ee2222562
1,bts-multijoin-block-001,materialize-after-bts-mj-carrier-join -> materialize-after-bts-mj-origin-join -> fused -> materialize-after-bts-mj-filter,3,materialize-after-bts-mj-filter,2026-07-19T06:12:40.987601+00:00,131.2441,265.625,929,sha256:2e28043d2ee9ea90a8bff098db806a2aa4d9ad8c5140a47f2fc1fb5ee2222562
2,bts-multijoin-block-002,fused -> materialize-after-bts-mj-carrier-join -> materialize-after-bts-mj-filter -> materialize-after-bts-mj-origin-join,0,fused,2026-07-19T06:12:41.134602+00:00,86.8222,156.25,929,sha256:2e28043d2ee9ea90a8bff098db806a2aa4d9ad8c5140a47f2fc1fb5ee2222562
2,bts-multijoin-block-002,fused -> materialize-after-bts-mj-carrier-join -> materialize-after-bts-mj-filter -> materialize-after-bts-mj-origin-join,1,materialize-after-bts-mj-carrier-join,2026-07-19T06:12:41.235849+00:00,126.5149,234.375,929,sha256:2e28043d2ee9ea90a8bff098db806a2aa4d9ad8c5140a47f2fc1fb5ee2222562
2,bts-multijoin-block-002,fused -> materialize-after-bts-mj-carrier-join -> materialize-after-bts-mj-filter -> materialize-after-bts-mj-origin-join,2,materialize-after-bts-mj-filter,2026-07-19T06:12:41.375192+00:00,123.0444,187.5,929,sha256:2e28043d2ee9ea90a8bff098db806a2aa4d9ad8c5140a47f2fc1fb5ee2222562
2,bts-multijoin-block-002,fused -> materialize-after-bts-mj-carrier-join -> materialize-after-bts-mj-filter -> materialize-after-bts-mj-origin-join,3,materialize-after-bts-mj-origin-join,2026-07-19T06:12:41.504198+00:00,100.1939,281.25,929,sha256:2e28043d2ee9ea90a8bff098db806a2aa4d9ad8c5140a47f2fc1fb5ee2222562
3,bts-multijoin-block-003,materialize-after-bts-mj-filter -> materialize-after-bts-mj-origin-join -> fused -> materialize-after-bts-mj-carrier-join,0,materialize-after-bts-mj-filter,2026-07-19T06:12:41.618389+00:00,100.5786,218.75,929,sha256:2e28043d2ee9ea90a8bff098db806a2aa4d9ad8c5140a47f2fc1fb5ee2222562
3,bts-multijoin-block-003,materialize-after-bts-mj-filter -> materialize-after-bts-mj-origin-join -> fused -> materialize-after-bts-mj-carrier-join,1,materialize-after-bts-mj-origin-join,2026-07-19T06:12:41.725394+00:00,74.0557,218.75,929,sha256:2e28043d2ee9ea90a8bff098db806a2aa4d9ad8c5140a47f2fc1fb5ee2222562
3,bts-multijoin-block-003,materialize-after-bts-mj-filter -> materialize-after-bts-mj-origin-join -> fused -> materialize-after-bts-mj-carrier-join,2,fused,2026-07-19T06:12:41.807827+00:00,71.6662,187.5,929,sha256:2e28043d2ee9ea90a8bff098db806a2aa4d9ad8c5140a47f2fc1fb5ee2222562
3,bts-multijoin-block-003,materialize-after-bts-mj-filter -> materialize-after-bts-mj-origin-join -> fused -> materialize-after-bts-mj-carrier-join,3,materialize-after-bts-mj-carrier-join,2026-07-19T06:12:41.887826+00:00,97.2201,203.125,929,sha256:2e28043d2ee9ea90a8bff098db806a2aa4d9ad8c5140a47f2fc1fb5ee2222562
4,bts-multijoin-block-004,materialize-after-bts-mj-filter -> fused -> materialize-after-bts-mj-origin-join -> materialize-after-bts-mj-carrier-join,0,materialize-after-bts-mj-filter,2026-07-19T06:12:41.997118+00:00,88.8542,265.625,929,sha256:2e28043d2ee9ea90a8bff098db806a2aa4d9ad8c5140a47f2fc1fb5ee2222562
4,bts-multijoin-block-004,materialize-after-bts-mj-filter -> fused -> materialize-after-bts-mj-origin-join -> materialize-after-bts-mj-carrier-join,1,fused,2026-07-19T06:12:42.097117+00:00,71.5308,156.25,929,sha256:2e28043d2ee9ea90a8bff098db806a2aa4d9ad8c5140a47f2fc1fb5ee2222562
4,bts-multijoin-block-004,materialize-after-bts-mj-filter -> fused -> materialize-after-bts-mj-origin-join -> materialize-after-bts-mj-carrier-join,2,materialize-after-bts-mj-origin-join,2026-07-19T06:12:42.175118+00:00,68.5771,187.5,929,sha256:2e28043d2ee9ea90a8bff098db806a2aa4d9ad8c5140a47f2fc1fb5ee2222562
4,bts-multijoin-block-004,materialize-after-bts-mj-filter -> fused -> materialize-after-bts-mj-origin-join -> materialize-after-bts-mj-carrier-join,3,materialize-after-bts-mj-carrier-join,2026-07-19T06:12:42.249766+00:00,94.806,250.0,929,sha256:2e28043d2ee9ea90a8bff098db806a2aa4d9ad8c5140a47f2fc1fb5ee2222562
5,bts-multijoin-block-005,fused -> materialize-after-bts-mj-filter -> materialize-after-bts-mj-carrier-join -> materialize-after-bts-mj-origin-join,0,fused,2026-07-19T06:12:42.352767+00:00,61.4837,203.125,929,sha256:2e28043d2ee9ea90a8bff098db806a2aa4d9ad8c5140a47f2fc1fb5ee2222562
5,bts-multijoin-block-005,fused -> materialize-after-bts-mj-filter -> materialize-after-bts-mj-carrier-join -> materialize-after-bts-mj-origin-join,1,materialize-after-bts-mj-filter,2026-07-19T06:12:42.419330+00:00,82.6241,140.625,929,sha256:2e28043d2ee9ea90a8bff098db806a2aa4d9ad8c5140a47f2fc1fb5ee2222562
5,bts-multijoin-block-005,fused -> materialize-after-bts-mj-filter -> materialize-after-bts-mj-carrier-join -> materialize-after-bts-mj-origin-join,2,materialize-after-bts-mj-carrier-join,2026-07-19T06:12:42.512331+00:00,88.4956,250.0,929,sha256:2e28043d2ee9ea90a8bff098db806a2aa4d9ad8c5140a47f2fc1fb5ee2222562
5,bts-multijoin-block-005,fused -> materialize-after-bts-mj-filter -> materialize-after-bts-mj-carrier-join -> materialize-after-bts-mj-origin-join,3,materialize-after-bts-mj-origin-join,2026-07-19T06:12:42.611336+00:00,79.1046,218.75,929,sha256:2e28043d2ee9ea90a8bff098db806a2aa4d9ad8c5140a47f2fc1fb5ee2222562
6,bts-multijoin-block-006,materialize-after-bts-mj-origin-join -> materialize-after-bts-mj-carrier-join -> fused -> materialize-after-bts-mj-filter,0,materialize-after-bts-mj-origin-join,2026-07-19T06:12:42.701016+00:00,79.6902,234.375,929,sha256:2e28043d2ee9ea90a8bff098db806a2aa4d9ad8c5140a47f2fc1fb5ee2222562
6,bts-multijoin-block-006,materialize-after-bts-mj-origin-join -> materialize-after-bts-mj-carrier-join -> fused -> materialize-after-bts-mj-filter,1,materialize-after-bts-mj-carrier-join,2026-07-19T06:12:42.791019+00:00,86.9344,250.0,929,sha256:2e28043d2ee9ea90a8bff098db806a2aa4d9ad8c5140a47f2fc1fb5ee2222562
6,bts-multijoin-block-006,materialize-after-bts-mj-origin-join -> materialize-after-bts-mj-carrier-join -> fused -> materialize-after-bts-mj-filter,2,fused,2026-07-19T06:12:42.886021+00:00,50.4648,140.625,929,sha256:2e28043d2ee9ea90a8bff098db806a2aa4d9ad8c5140a47f2fc1fb5ee2222562
6,bts-multijoin-block-006,materialize-after-bts-mj-origin-join -> materialize-after-bts-mj-carrier-join -> fused -> materialize-after-bts-mj-filter,3,materialize-after-bts-mj-filter,2026-07-19T06:12:42.943595+00:00,106.6668,265.625,929,sha256:2e28043d2ee9ea90a8bff098db806a2aa4d9ad8c5140a47f2fc1fb5ee2222562
7,bts-multijoin-block-007,materialize-after-bts-mj-filter -> materialize-after-bts-mj-carrier-join -> materialize-after-bts-mj-origin-join -> fused,0,materialize-after-bts-mj-filter,2026-07-19T06:12:43.066594+00:00,104.0222,203.125,929,sha256:2e28043d2ee9ea90a8bff098db806a2aa4d9ad8c5140a47f2fc1fb5ee2222562
7,bts-multijoin-block-007,materialize-after-bts-mj-filter -> materialize-after-bts-mj-carrier-join -> materialize-after-bts-mj-origin-join -> fused,1,materialize-after-bts-mj-carrier-join,2026-07-19T06:12:43.182601+00:00,88.8114,250.0,929,sha256:2e28043d2ee9ea90a8bff098db806a2aa4d9ad8c5140a47f2fc1fb5ee2222562
7,bts-multijoin-block-007,materialize-after-bts-mj-filter -> materialize-after-bts-mj-carrier-join -> materialize-after-bts-mj-origin-join -> fused,2,materialize-after-bts-mj-origin-join,2026-07-19T06:12:43.281816+00:00,83.8163,250.0,929,sha256:2e28043d2ee9ea90a8bff098db806a2aa4d9ad8c5140a47f2fc1fb5ee2222562
7,bts-multijoin-block-007,materialize-after-bts-mj-filter -> materialize-after-bts-mj-carrier-join -> materialize-after-bts-mj-origin-join -> fused,3,fused,2026-07-19T06:12:43.375817+00:00,60.6356,203.125,929,sha256:2e28043d2ee9ea90a8bff098db806a2aa4d9ad8c5140a47f2fc1fb5ee2222562
8,bts-multijoin-block-008,materialize-after-bts-mj-carrier-join -> fused -> materialize-after-bts-mj-origin-join -> materialize-after-bts-mj-filter,0,materialize-after-bts-mj-carrier-join,2026-07-19T06:12:43.445815+00:00,93.7341,250.0,929,sha256:2e28043d2ee9ea90a8bff098db806a2aa4d9ad8c5140a47f2fc1fb5ee2222562
8,bts-multijoin-block-008,materialize-after-bts-mj-carrier-join -> fused -> materialize-after-bts-mj-origin-join -> materialize-after-bts-mj-filter,1,fused,2026-07-19T06:12:43.548816+00:00,77.7861,156.25,929,sha256:2e28043d2ee9ea90a8bff098db806a2aa4d9ad8c5140a47f2fc1fb5ee2222562
8,bts-multijoin-block-008,materialize-after-bts-mj-carrier-join -> fused -> materialize-after-bts-mj-origin-join -> materialize-after-bts-mj-filter,2,materialize-after-bts-mj-origin-join,2026-07-19T06:12:43.632822+00:00,84.1822,187.5,929,sha256:2e28043d2ee9ea90a8bff098db806a2aa4d9ad8c5140a47f2fc1fb5ee2222562
8,bts-multijoin-block-008,materialize-after-bts-mj-carrier-join -> fused -> materialize-after-bts-mj-origin-join -> materialize-after-bts-mj-filter,3,materialize-after-bts-mj-filter,2026-07-19T06:12:43.726415+00:00,75.8618,218.75,929,sha256:2e28043d2ee9ea90a8bff098db806a2aa4d9ad8c5140a47f2fc1fb5ee2222562
9,bts-multijoin-block-009,materialize-after-bts-mj-filter -> materialize-after-bts-mj-carrier-join -> fused -> materialize-after-bts-mj-origin-join,0,materialize-after-bts-mj-filter,2026-07-19T06:12:43.812413+00:00,79.1055,234.375,929,sha256:2e28043d2ee9ea90a8bff098db806a2aa4d9ad8c5140a47f2fc1fb5ee2222562
9,bts-multijoin-block-009,materialize-after-bts-mj-filter -> materialize-after-bts-mj-carrier-join -> fused -> materialize-after-bts-mj-origin-join,1,materialize-after-bts-mj-carrier-join,2026-07-19T06:12:43.897413+00:00,78.9499,218.75,929,sha256:2e28043d2ee9ea90a8bff098db806a2aa4d9ad8c5140a47f2fc1fb5ee2222562
9,bts-multijoin-block-009,materialize-after-bts-mj-filter -> materialize-after-bts-mj-carrier-join -> fused -> materialize-after-bts-mj-origin-join,2,fused,2026-07-19T06:12:43.981489+00:00,69.0774,203.125,929,sha256:2e28043d2ee9ea90a8bff098db806a2aa4d9ad8c5140a47f2fc1fb5ee2222562
9,bts-multijoin-block-009,materialize-after-bts-mj-filter -> materialize-after-bts-mj-carrier-join -> fused -> materialize-after-bts-mj-origin-join,3,materialize-after-bts-mj-origin-join,2026-07-19T06:12:44.058019+00:00,83.6675,234.375,929,sha256:2e28043d2ee9ea90a8bff098db806a2aa4d9ad8c5140a47f2fc1fb5ee2222562
10,bts-multijoin-block-010,materialize-after-bts-mj-carrier-join -> fused -> materialize-after-bts-mj-filter -> materialize-after-bts-mj-origin-join,0,materialize-after-bts-mj-carrier-join,2026-07-19T06:12:44.157020+00:00,73.5062,171.875,929,sha256:2e28043d2ee9ea90a8bff098db806a2aa4d9ad8c5140a47f2fc1fb5ee2222562
10,bts-multijoin-block-010,materialize-after-bts-mj-carrier-join -> fused -> materialize-after-bts-mj-filter -> materialize-after-bts-mj-origin-join,1,fused,2026-07-19T06:12:44.239598+00:00,58.2857,171.875,929,sha256:2e28043d2ee9ea90a8bff098db806a2aa4d9ad8c5140a47f2fc1fb5ee2222562
10,bts-multijoin-block-010,materialize-after-bts-mj-carrier-join -> fused -> materialize-after-bts-mj-filter -> materialize-after-bts-mj-origin-join,2,materialize-after-bts-mj-filter,2026-07-19T06:12:44.303588+00:00,79.7528,203.125,929,sha256:2e28043d2ee9ea90a8bff098db806a2aa4d9ad8c5140a47f2fc1fb5ee2222562
10,bts-multijoin-block-010,materialize-after-bts-mj-carrier-join -> fused -> materialize-after-bts-mj-filter -> materialize-after-bts-mj-origin-join,3,materialize-after-bts-mj-origin-join,2026-07-19T06:12:44.393592+00:00,71.3155,203.125,929,sha256:2e28043d2ee9ea90a8bff098db806a2aa4d9ad8c5140a47f2fc1fb5ee2222562
11,bts-multijoin-block-011,materialize-after-bts-mj-carrier-join -> materialize-after-bts-mj-filter -> fused -> materialize-after-bts-mj-origin-join,0,materialize-after-bts-mj-carrier-join,2026-07-19T06:12:44.475562+00:00,74.4255,250.0,929,sha256:2e28043d2ee9ea90a8bff098db806a2aa4d9ad8c5140a47f2fc1fb5ee2222562
11,bts-multijoin-block-011,materialize-after-bts-mj-carrier-join -> materialize-after-bts-mj-filter -> fused -> materialize-after-bts-mj-origin-join,1,materialize-after-bts-mj-filter,2026-07-19T06:12:44.556769+00:00,75.5645,250.0,929,sha256:2e28043d2ee9ea90a8bff098db806a2aa4d9ad8c5140a47f2fc1fb5ee2222562
11,bts-multijoin-block-011,materialize-after-bts-mj-carrier-join -> materialize-after-bts-mj-filter -> fused -> materialize-after-bts-mj-origin-join,2,fused,2026-07-19T06:12:44.637770+00:00,61.1983,125.0,929,sha256:2e28043d2ee9ea90a8bff098db806a2aa4d9ad8c5140a47f2fc1fb5ee2222562
11,bts-multijoin-block-011,materialize-after-bts-mj-carrier-join -> materialize-after-bts-mj-filter -> fused -> materialize-after-bts-mj-origin-join,3,materialize-after-bts-mj-origin-join,2026-07-19T06:12:44.705778+00:00,63.2204,156.25,929,sha256:2e28043d2ee9ea90a8bff098db806a2aa4d9ad8c5140a47f2fc1fb5ee2222562
12,bts-multijoin-block-012,materialize-after-bts-mj-origin-join -> materialize-after-bts-mj-filter -> materialize-after-bts-mj-carrier-join -> fused,0,materialize-after-bts-mj-origin-join,2026-07-19T06:12:44.777770+00:00,64.7958,140.625,929,sha256:2e28043d2ee9ea90a8bff098db806a2aa4d9ad8c5140a47f2fc1fb5ee2222562
12,bts-multijoin-block-012,materialize-after-bts-mj-origin-join -> materialize-after-bts-mj-filter -> materialize-after-bts-mj-carrier-join -> fused,1,materialize-after-bts-mj-filter,2026-07-19T06:12:44.851329+00:00,69.1332,156.25,929,sha256:2e28043d2ee9ea90a8bff098db806a2aa4d9ad8c5140a47f2fc1fb5ee2222562
12,bts-multijoin-block-012,materialize-after-bts-mj-origin-join -> materialize-after-bts-mj-filter -> materialize-after-bts-mj-carrier-join -> fused,2,materialize-after-bts-mj-carrier-join,2026-07-19T06:12:44.928326+00:00,70.273,156.25,929,sha256:2e28043d2ee9ea90a8bff098db806a2aa4d9ad8c5140a47f2fc1fb5ee2222562
12,bts-multijoin-block-012,materialize-after-bts-mj-origin-join -> materialize-after-bts-mj-filter -> materialize-after-bts-mj-carrier-join -> fused,3,fused,2026-07-19T06:12:45.004656+00:00,51.488,140.625,929,sha256:2e28043d2ee9ea90a8bff098db806a2aa4d9ad8c5140a47f2fc1fb5ee2222562
13,bts-multijoin-block-013,fused -> materialize-after-bts-mj-origin-join -> materialize-after-bts-mj-carrier-join -> materialize-after-bts-mj-filter,0,fused,2026-07-19T06:12:45.062851+00:00,47.6448,140.625,929,sha256:2e28043d2ee9ea90a8bff098db806a2aa4d9ad8c5140a47f2fc1fb5ee2222562
13,bts-multijoin-block-013,fused -> materialize-after-bts-mj-origin-join -> materialize-after-bts-mj-carrier-join -> materialize-after-bts-mj-filter,1,materialize-after-bts-mj-origin-join,2026-07-19T06:12:45.115858+00:00,66.8382,156.25,929,sha256:2e28043d2ee9ea90a8bff098db806a2aa4d9ad8c5140a47f2fc1fb5ee2222562
13,bts-multijoin-block-013,fused -> materialize-after-bts-mj-origin-join -> materialize-after-bts-mj-carrier-join -> materialize-after-bts-mj-filter,2,materialize-after-bts-mj-carrier-join,2026-07-19T06:12:45.189754+00:00,62.8405,109.375,929,sha256:2e28043d2ee9ea90a8bff098db806a2aa4d9ad8c5140a47f2fc1fb5ee2222562
13,bts-multijoin-block-013,fused -> materialize-after-bts-mj-origin-join -> materialize-after-bts-mj-carrier-join -> materialize-after-bts-mj-filter,3,materialize-after-bts-mj-filter,2026-07-19T06:12:45.257812+00:00,58.8396,187.5,929,sha256:2e28043d2ee9ea90a8bff098db806a2aa4d9ad8c5140a47f2fc1fb5ee2222562
14,bts-multijoin-block-014,materialize-after-bts-mj-carrier-join -> materialize-after-bts-mj-filter -> materialize-after-bts-mj-origin-join -> fused,0,materialize-after-bts-mj-carrier-join,2026-07-19T06:12:45.324809+00:00,59.4626,171.875,929,sha256:2e28043d2ee9ea90a8bff098db806a2aa4d9ad8c5140a47f2fc1fb5ee2222562
14,bts-multijoin-block-014,materialize-after-bts-mj-carrier-join -> materialize-after-bts-mj-filter -> materialize-after-bts-mj-origin-join -> fused,1,materialize-after-bts-mj-filter,2026-07-19T06:12:45.391974+00:00,71.0058,187.5,929,sha256:2e28043d2ee9ea90a8bff098db806a2aa4d9ad8c5140a47f2fc1fb5ee2222562
14,bts-multijoin-block-014,materialize-after-bts-mj-carrier-join -> materialize-after-bts-mj-filter -> materialize-after-bts-mj-origin-join -> fused,2,materialize-after-bts-mj-origin-join,2026-07-19T06:12:45.467972+00:00,66.1941,109.375,929,sha256:2e28043d2ee9ea90a8bff098db806a2aa4d9ad8c5140a47f2fc1fb5ee2222562
14,bts-multijoin-block-014,materialize-after-bts-mj-carrier-join -> materialize-after-bts-mj-filter -> materialize-after-bts-mj-origin-join -> fused,3,fused,2026-07-19T06:12:45.541974+00:00,50.3173,125.0,929,sha256:2e28043d2ee9ea90a8bff098db806a2aa4d9ad8c5140a47f2fc1fb5ee2222562
15,bts-multijoin-block-015,materialize-after-bts-mj-filter -> materialize-after-bts-mj-origin-join -> materialize-after-bts-mj-carrier-join -> fused,0,materialize-after-bts-mj-filter,2026-07-19T06:12:45.600973+00:00,62.3025,234.375,929,sha256:2e28043d2ee9ea90a8bff098db806a2aa4d9ad8c5140a47f2fc1fb5ee2222562
15,bts-multijoin-block-015,materialize-after-bts-mj-filter -> materialize-after-bts-mj-origin-join -> materialize-after-bts-mj-carrier-join -> fused,1,materialize-after-bts-mj-origin-join,2026-07-19T06:12:45.667973+00:00,68.2722,171.875,929,sha256:2e28043d2ee9ea90a8bff098db806a2aa4d9ad8c5140a47f2fc1fb5ee2222562
15,bts-multijoin-block-015,materialize-after-bts-mj-filter -> materialize-after-bts-mj-origin-join -> materialize-after-bts-mj-carrier-join -> fused,2,materialize-after-bts-mj-carrier-join,2026-07-19T06:12:45.741975+00:00,72.1981,187.5,929,sha256:2e28043d2ee9ea90a8bff098db806a2aa4d9ad8c5140a47f2fc1fb5ee2222562
15,bts-multijoin-block-015,materialize-after-bts-mj-filter -> materialize-after-bts-mj-origin-join -> materialize-after-bts-mj-carrier-join -> fused,3,fused,2026-07-19T06:12:45.822975+00:00,55.2454,156.25,929,sha256:2e28043d2ee9ea90a8bff098db806a2aa4d9ad8c5140a47f2fc1fb5ee2222562
16,bts-multijoin-block-016,materialize-after-bts-mj-filter -> fused -> materialize-after-bts-mj-carrier-join -> materialize-after-bts-mj-origin-join,0,materialize-after-bts-mj-filter,2026-07-19T06:12:45.885635+00:00,79.7463,203.125,929,sha256:2e28043d2ee9ea90a8bff098db806a2aa4d9ad8c5140a47f2fc1fb5ee2222562
16,bts-multijoin-block-016,materialize-after-bts-mj-filter -> fused -> materialize-after-bts-mj-carrier-join -> materialize-after-bts-mj-origin-join,1,fused,2026-07-19T06:12:45.972220+00:00,49.9191,140.625,929,sha256:2e28043d2ee9ea90a8bff098db806a2aa4d9ad8c5140a47f2fc1fb5ee2222562
16,bts-multijoin-block-016,materialize-after-bts-mj-filter -> fused -> materialize-after-bts-mj-carrier-join -> materialize-after-bts-mj-origin-join,2,materialize-after-bts-mj-carrier-join,2026-07-19T06:12:46.028214+00:00,74.5803,250.0,929,sha256:2e28043d2ee9ea90a8bff098db806a2aa4d9ad8c5140a47f2fc1fb5ee2222562
16,bts-multijoin-block-016,materialize-after-bts-mj-filter -> fused -> materialize-after-bts-mj-carrier-join -> materialize-after-bts-mj-origin-join,3,materialize-after-bts-mj-origin-join,2026-07-19T06:12:46.111215+00:00,74.1423,140.625,929,sha256:2e28043d2ee9ea90a8bff098db806a2aa4d9ad8c5140a47f2fc1fb5ee2222562
17,bts-multijoin-block-017,materialize-after-bts-mj-carrier-join -> materialize-after-bts-mj-origin-join -> materialize-after-bts-mj-filter -> fused,0,materialize-after-bts-mj-carrier-join,2026-07-19T06:12:46.198220+00:00,82.0861,187.5,929,sha256:2e28043d2ee9ea90a8bff098db806a2aa4d9ad8c5140a47f2fc1fb5ee2222562
17,bts-multijoin-block-017,materialize-after-bts-mj-carrier-join -> materialize-after-bts-mj-origin-join -> materialize-after-bts-mj-filter -> fused,1,materialize-after-bts-mj-origin-join,2026-07-19T06:12:46.285981+00:00,64.6396,187.5,929,sha256:2e28043d2ee9ea90a8bff098db806a2aa4d9ad8c5140a47f2fc1fb5ee2222562
17,bts-multijoin-block-017,materialize-after-bts-mj-carrier-join -> materialize-after-bts-mj-origin-join -> materialize-after-bts-mj-filter -> fused,2,materialize-after-bts-mj-filter,2026-07-19T06:12:46.355976+00:00,69.2232,156.25,929,sha256:2e28043d2ee9ea90a8bff098db806a2aa4d9ad8c5140a47f2fc1fb5ee2222562
17,bts-multijoin-block-017,materialize-after-bts-mj-carrier-join -> materialize-after-bts-mj-origin-join -> materialize-after-bts-mj-filter -> fused,3,fused,2026-07-19T06:12:46.430975+00:00,58.8178,109.375,929,sha256:2e28043d2ee9ea90a8bff098db806a2aa4d9ad8c5140a47f2fc1fb5ee2222562
18,bts-multijoin-block-018,fused -> materialize-after-bts-mj-carrier-join -> materialize-after-bts-mj-origin-join -> materialize-after-bts-mj-filter,0,fused,2026-07-19T06:12:46.496977+00:00,59.1944,171.875,929,sha256:2e28043d2ee9ea90a8bff098db806a2aa4d9ad8c5140a47f2fc1fb5ee2222562
18,bts-multijoin-block-018,fused -> materialize-after-bts-mj-carrier-join -> materialize-after-bts-mj-origin-join -> materialize-after-bts-mj-filter,1,materialize-after-bts-mj-carrier-join,2026-07-19T06:12:46.562976+00:00,90.4051,234.375,929,sha256:2e28043d2ee9ea90a8bff098db806a2aa4d9ad8c5140a47f2fc1fb5ee2222562
18,bts-multijoin-block-018,fused -> materialize-after-bts-mj-carrier-join -> materialize-after-bts-mj-origin-join -> materialize-after-bts-mj-filter,2,materialize-after-bts-mj-origin-join,2026-07-19T06:12:46.664576+00:00,97.3473,171.875,929,sha256:2e28043d2ee9ea90a8bff098db806a2aa4d9ad8c5140a47f2fc1fb5ee2222562
18,bts-multijoin-block-018,fused -> materialize-after-bts-mj-carrier-join -> materialize-after-bts-mj-origin-join -> materialize-after-bts-mj-filter,3,materialize-after-bts-mj-filter,2026-07-19T06:12:46.770700+00:00,94.8859,203.125,929,sha256:2e28043d2ee9ea90a8bff098db806a2aa4d9ad8c5140a47f2fc1fb5ee2222562
19,bts-multijoin-block-019,materialize-after-bts-mj-origin-join -> fused -> materialize-after-bts-mj-carrier-join -> materialize-after-bts-mj-filter,0,materialize-after-bts-mj-origin-join,2026-07-19T06:12:46.877752+00:00,90.3442,250.0,929,sha256:2e28043d2ee9ea90a8bff098db806a2aa4d9ad8c5140a47f2fc1fb5ee2222562
19,bts-multijoin-block-019,materialize-after-bts-mj-origin-join -> fused -> materialize-after-bts-mj-carrier-join -> materialize-after-bts-mj-filter,1,fused,2026-07-19T06:12:46.980243+00:00,77.144,203.125,929,sha256:2e28043d2ee9ea90a8bff098db806a2aa4d9ad8c5140a47f2fc1fb5ee2222562
19,bts-multijoin-block-019,materialize-after-bts-mj-origin-join -> fused -> materialize-after-bts-mj-carrier-join -> materialize-after-bts-mj-filter,2,materialize-after-bts-mj-carrier-join,2026-07-19T06:12:47.065240+00:00,70.3135,234.375,929,sha256:2e28043d2ee9ea90a8bff098db806a2aa4d9ad8c5140a47f2fc1fb5ee2222562
19,bts-multijoin-block-019,materialize-after-bts-mj-origin-join -> fused -> materialize-after-bts-mj-carrier-join -> materialize-after-bts-mj-filter,3,materialize-after-bts-mj-filter,2026-07-19T06:12:47.145240+00:00,72.5609,187.5,929,sha256:2e28043d2ee9ea90a8bff098db806a2aa4d9ad8c5140a47f2fc1fb5ee2222562
20,bts-multijoin-block-020,materialize-after-bts-mj-origin-join -> fused -> materialize-after-bts-mj-filter -> materialize-after-bts-mj-carrier-join,0,materialize-after-bts-mj-origin-join,2026-07-19T06:12:47.231197+00:00,74.4233,250.0,929,sha256:2e28043d2ee9ea90a8bff098db806a2aa4d9ad8c5140a47f2fc1fb5ee2222562
20,bts-multijoin-block-020,materialize-after-bts-mj-origin-join -> fused -> materialize-after-bts-mj-filter -> materialize-after-bts-mj-carrier-join,1,fused,2026-07-19T06:12:47.310766+00:00,57.6797,156.25,929,sha256:2e28043d2ee9ea90a8bff098db806a2aa4d9ad8c5140a47f2fc1fb5ee2222562
20,bts-multijoin-block-020,materialize-after-bts-mj-origin-join -> fused -> materialize-after-bts-mj-filter -> materialize-after-bts-mj-carrier-join,2,materialize-after-bts-mj-filter,2026-07-19T06:12:47.374447+00:00,86.3653,296.875,929,sha256:2e28043d2ee9ea90a8bff098db806a2aa4d9ad8c5140a47f2fc1fb5ee2222562
20,bts-multijoin-block-020,materialize-after-bts-mj-origin-join -> fused -> materialize-after-bts-mj-filter -> materialize-after-bts-mj-carrier-join,3,materialize-after-bts-mj-carrier-join,2026-07-19T06:12:47.471447+00:00,87.3702,296.875,929,sha256:2e28043d2ee9ea90a8bff098db806a2aa4d9ad8c5140a47f2fc1fb5ee2222562
21,bts-multijoin-block-021,fused -> materialize-after-bts-mj-filter -> materialize-after-bts-mj-origin-join -> materialize-after-bts-mj-carrier-join,0,fused,2026-07-19T06:12:47.566446+00:00,59.4902,125.0,929,sha256:2e28043d2ee9ea90a8bff098db806a2aa4d9ad8c5140a47f2fc1fb5ee2222562
21,bts-multijoin-block-021,fused -> materialize-after-bts-mj-filter -> materialize-after-bts-mj-origin-join -> materialize-after-bts-mj-carrier-join,1,materialize-after-bts-mj-filter,2026-07-19T06:12:47.631449+00:00,80.5187,187.5,929,sha256:2e28043d2ee9ea90a8bff098db806a2aa4d9ad8c5140a47f2fc1fb5ee2222562
21,bts-multijoin-block-021,fused -> materialize-after-bts-mj-filter -> materialize-after-bts-mj-origin-join -> materialize-after-bts-mj-carrier-join,2,materialize-after-bts-mj-origin-join,2026-07-19T06:12:47.723082+00:00,77.4965,203.125,929,sha256:2e28043d2ee9ea90a8bff098db806a2aa4d9ad8c5140a47f2fc1fb5ee2222562
21,bts-multijoin-block-021,fused -> materialize-after-bts-mj-filter -> materialize-after-bts-mj-origin-join -> materialize-after-bts-mj-carrier-join,3,materialize-after-bts-mj-carrier-join,2026-07-19T06:12:47.810219+00:00,82.8163,234.375,929,sha256:2e28043d2ee9ea90a8bff098db806a2aa4d9ad8c5140a47f2fc1fb5ee2222562
22,bts-multijoin-block-022,materialize-after-bts-mj-origin-join -> materialize-after-bts-mj-carrier-join -> materialize-after-bts-mj-filter -> fused,0,materialize-after-bts-mj-origin-join,2026-07-19T06:12:47.907220+00:00,106.6091,250.0,929,sha256:2e28043d2ee9ea90a8bff098db806a2aa4d9ad8c5140a47f2fc1fb5ee2222562
22,bts-multijoin-block-022,materialize-after-bts-mj-origin-join -> materialize-after-bts-mj-carrier-join -> materialize-after-bts-mj-filter -> fused,1,materialize-after-bts-mj-carrier-join,2026-07-19T06:12:48.024365+00:00,101.3805,250.0,929,sha256:2e28043d2ee9ea90a8bff098db806a2aa4d9ad8c5140a47f2fc1fb5ee2222562
22,bts-multijoin-block-022,materialize-after-bts-mj-origin-join -> materialize-after-bts-mj-carrier-join -> materialize-after-bts-mj-filter -> fused,2,materialize-after-bts-mj-filter,2026-07-19T06:12:48.137366+00:00,94.1291,234.375,929,sha256:2e28043d2ee9ea90a8bff098db806a2aa4d9ad8c5140a47f2fc1fb5ee2222562
22,bts-multijoin-block-022,materialize-after-bts-mj-origin-join -> materialize-after-bts-mj-carrier-join -> materialize-after-bts-mj-filter -> fused,3,fused,2026-07-19T06:12:48.241963+00:00,72.6582,203.125,929,sha256:2e28043d2ee9ea90a8bff098db806a2aa4d9ad8c5140a47f2fc1fb5ee2222562
23,bts-multijoin-block-023,materialize-after-bts-mj-origin-join -> materialize-after-bts-mj-filter -> fused -> materialize-after-bts-mj-carrier-join,0,materialize-after-bts-mj-origin-join,2026-07-19T06:12:48.324964+00:00,89.8708,312.5,929,sha256:2e28043d2ee9ea90a8bff098db806a2aa4d9ad8c5140a47f2fc1fb5ee2222562
23,bts-multijoin-block-023,materialize-after-bts-mj-origin-join -> materialize-after-bts-mj-filter -> fused -> materialize-after-bts-mj-carrier-join,1,materialize-after-bts-mj-filter,2026-07-19T06:12:48.428474+00:00,99.7306,218.75,929,sha256:2e28043d2ee9ea90a8bff098db806a2aa4d9ad8c5140a47f2fc1fb5ee2222562
23,bts-multijoin-block-023,materialize-after-bts-mj-origin-join -> materialize-after-bts-mj-filter -> fused -> materialize-after-bts-mj-carrier-join,2,fused,2026-07-19T06:12:48.538051+00:00,68.1223,187.5,929,sha256:2e28043d2ee9ea90a8bff098db806a2aa4d9ad8c5140a47f2fc1fb5ee2222562
23,bts-multijoin-block-023,materialize-after-bts-mj-origin-join -> materialize-after-bts-mj-filter -> fused -> materialize-after-bts-mj-carrier-join,3,materialize-after-bts-mj-carrier-join,2026-07-19T06:12:48.617042+00:00,101.3842,156.25,929,sha256:2e28043d2ee9ea90a8bff098db806a2aa4d9ad8c5140a47f2fc1fb5ee2222562
24,bts-multijoin-block-024,materialize-after-bts-mj-filter -> materialize-after-bts-mj-carrier-join -> materialize-after-bts-mj-origin-join -> fused,0,materialize-after-bts-mj-filter,2026-07-19T06:12:48.733042+00:00,107.5662,296.875,929,sha256:2e28043d2ee9ea90a8bff098db806a2aa4d9ad8c5140a47f2fc1fb5ee2222562
24,bts-multijoin-block-024,materialize-after-bts-mj-filter -> materialize-after-bts-mj-carrier-join -> materialize-after-bts-mj-origin-join -> fused,1,materialize-after-bts-mj-carrier-join,2026-07-19T06:12:48.852965+00:00,105.4902,218.75,929,sha256:2e28043d2ee9ea90a8bff098db806a2aa4d9ad8c5140a47f2fc1fb5ee2222562
24,bts-multijoin-block-024,materialize-after-bts-mj-filter -> materialize-after-bts-mj-carrier-join -> materialize-after-bts-mj-origin-join -> fused,2,materialize-after-bts-mj-origin-join,2026-07-19T06:12:48.967969+00:00,112.3487,265.625,929,sha256:2e28043d2ee9ea90a8bff098db806a2aa4d9ad8c5140a47f2fc1fb5ee2222562
24,bts-multijoin-block-024,materialize-after-bts-mj-filter -> materialize-after-bts-mj-carrier-join -> materialize-after-bts-mj-origin-join -> fused,3,fused,2026-07-19T06:12:49.090938+00:00,88.8113,218.75,929,sha256:2e28043d2ee9ea90a8bff098db806a2aa4d9ad8c5140a47f2fc1fb5ee2222562
25,bts-multijoin-block-025,materialize-after-bts-mj-filter -> fused -> materialize-after-bts-mj-origin-join -> materialize-after-bts-mj-carrier-join,0,materialize-after-bts-mj-filter,2026-07-19T06:12:49.194938+00:00,88.2107,250.0,929,sha256:2e28043d2ee9ea90a8bff098db806a2aa4d9ad8c5140a47f2fc1fb5ee2222562
25,bts-multijoin-block-025,materialize-after-bts-mj-filter -> fused -> materialize-after-bts-mj-origin-join -> materialize-after-bts-mj-carrier-join,1,fused,2026-07-19T06:12:49.293884+00:00,71.486,187.5,929,sha256:2e28043d2ee9ea90a8bff098db806a2aa4d9ad8c5140a47f2fc1fb5ee2222562
25,bts-multijoin-block-025,materialize-after-bts-mj-filter -> fused -> materialize-after-bts-mj-origin-join -> materialize-after-bts-mj-carrier-join,2,materialize-after-bts-mj-origin-join,2026-07-19T06:12:49.375887+00:00,91.2826,250.0,929,sha256:2e28043d2ee9ea90a8bff098db806a2aa4d9ad8c5140a47f2fc1fb5ee2222562
25,bts-multijoin-block-025,materialize-after-bts-mj-filter -> fused -> materialize-after-bts-mj-origin-join -> materialize-after-bts-mj-carrier-join,3,materialize-after-bts-mj-carrier-join,2026-07-19T06:12:49.475913+00:00,104.2392,265.625,929,sha256:2e28043d2ee9ea90a8bff098db806a2aa4d9ad8c5140a47f2fc1fb5ee2222562
26,bts-multijoin-block-026,fused -> materialize-after-bts-mj-carrier-join -> materialize-after-bts-mj-origin-join -> materialize-after-bts-mj-filter,0,fused,2026-07-19T06:12:49.592752+00:00,75.173,203.125,929,sha256:2e28043d2ee9ea90a8bff098db806a2aa4d9ad8c5140a47f2fc1fb5ee2222562
26,bts-multijoin-block-026,fused -> materialize-after-bts-mj-carrier-join -> materialize-after-bts-mj-origin-join -> materialize-after-bts-mj-filter,1,materialize-after-bts-mj-carrier-join,2026-07-19T06:12:49.679752+00:00,97.7854,218.75,929,sha256:2e28043d2ee9ea90a8bff098db806a2aa4d9ad8c5140a47f2fc1fb5ee2222562
26,bts-multijoin-block-026,fused -> materialize-after-bts-mj-carrier-join -> materialize-after-bts-mj-origin-join -> materialize-after-bts-mj-filter,2,materialize-after-bts-mj-origin-join,2026-07-19T06:12:49.788347+00:00,104.5662,234.375,929,sha256:2e28043d2ee9ea90a8bff098db806a2aa4d9ad8c5140a47f2fc1fb5ee2222562
26,bts-multijoin-block-026,fused -> materialize-after-bts-mj-carrier-join -> materialize-after-bts-mj-origin-join -> materialize-after-bts-mj-filter,3,materialize-after-bts-mj-filter,2026-07-19T06:12:49.904255+00:00,106.1583,250.0,929,sha256:2e28043d2ee9ea90a8bff098db806a2aa4d9ad8c5140a47f2fc1fb5ee2222562
27,bts-multijoin-block-027,materialize-after-bts-mj-origin-join -> fused -> materialize-after-bts-mj-carrier-join -> materialize-after-bts-mj-filter,0,materialize-after-bts-mj-origin-join,2026-07-19T06:12:50.022930+00:00,84.8879,250.0,929,sha256:2e28043d2ee9ea90a8bff098db806a2aa4d9ad8c5140a47f2fc1fb5ee2222562
27,bts-multijoin-block-027,materialize-after-bts-mj-origin-join -> fused -> materialize-after-bts-mj-carrier-join -> materialize-after-bts-mj-filter,1,fused,2026-07-19T06:12:50.118343+00:00,98.292,203.125,929,sha256:2e28043d2ee9ea90a8bff098db806a2aa4d9ad8c5140a47f2fc1fb5ee2222562
27,bts-multijoin-block-027,materialize-after-bts-mj-origin-join -> fused -> materialize-after-bts-mj-carrier-join -> materialize-after-bts-mj-filter,2,materialize-after-bts-mj-carrier-join,2026-07-19T06:12:50.226918+00:00,118.6914,265.625,929,sha256:2e28043d2ee9ea90a8bff098db806a2aa4d9ad8c5140a47f2fc1fb5ee2222562
27,bts-multijoin-block-027,materialize-after-bts-mj-origin-join -> fused -> materialize-after-bts-mj-carrier-join -> materialize-after-bts-mj-filter,3,materialize-after-bts-mj-filter,2026-07-19T06:12:50.360685+00:00,111.8847,250.0,929,sha256:2e28043d2ee9ea90a8bff098db806a2aa4d9ad8c5140a47f2fc1fb5ee2222562
28,bts-multijoin-block-028,materialize-after-bts-mj-filter -> materialize-after-bts-mj-carrier-join -> fused -> materialize-after-bts-mj-origin-join,0,materialize-after-bts-mj-filter,2026-07-19T06:12:50.486883+00:00,100.7249,250.0,929,sha256:2e28043d2ee9ea90a8bff098db806a2aa4d9ad8c5140a47f2fc1fb5ee2222562
28,bts-multijoin-block-028,materialize-after-bts-mj-filter -> materialize-after-bts-mj-carrier-join -> fused -> materialize-after-bts-mj-origin-join,1,materialize-after-bts-mj-carrier-join,2026-07-19T06:12:50.598876+00:00,117.5182,296.875,929,sha256:2e28043d2ee9ea90a8bff098db806a2aa4d9ad8c5140a47f2fc1fb5ee2222562
28,bts-multijoin-block-028,materialize-after-bts-mj-filter -> materialize-after-bts-mj-carrier-join -> fused -> materialize-after-bts-mj-origin-join,2,fused,2026-07-19T06:12:50.727875+00:00,66.2279,125.0,929,sha256:2e28043d2ee9ea90a8bff098db806a2aa4d9ad8c5140a47f2fc1fb5ee2222562
28,bts-multijoin-block-028,materialize-after-bts-mj-filter -> materialize-after-bts-mj-carrier-join -> fused -> materialize-after-bts-mj-origin-join,3,materialize-after-bts-mj-origin-join,2026-07-19T06:12:50.800875+00:00,97.218,218.75,929,sha256:2e28043d2ee9ea90a8bff098db806a2aa4d9ad8c5140a47f2fc1fb5ee2222562
29,bts-multijoin-block-029,materialize-after-bts-mj-carrier-join -> fused -> materialize-after-bts-mj-filter -> materialize-after-bts-mj-origin-join,0,materialize-after-bts-mj-carrier-join,2026-07-19T06:12:50.910876+00:00,95.65,218.75,929,sha256:2e28043d2ee9ea90a8bff098db806a2aa4d9ad8c5140a47f2fc1fb5ee2222562
29,bts-multijoin-block-029,materialize-after-bts-mj-carrier-join -> fused -> materialize-after-bts-mj-filter -> materialize-after-bts-mj-origin-join,1,fused,2026-07-19T06:12:51.015367+00:00,82.3093,250.0,929,sha256:2e28043d2ee9ea90a8bff098db806a2aa4d9ad8c5140a47f2fc1fb5ee2222562
29,bts-multijoin-block-029,materialize-after-bts-mj-carrier-join -> fused -> materialize-after-bts-mj-filter -> materialize-after-bts-mj-origin-join,2,materialize-after-bts-mj-filter,2026-07-19T06:12:51.107368+00:00,84.2481,250.0,929,sha256:2e28043d2ee9ea90a8bff098db806a2aa4d9ad8c5140a47f2fc1fb5ee2222562
29,bts-multijoin-block-029,materialize-after-bts-mj-carrier-join -> fused -> materialize-after-bts-mj-filter -> materialize-after-bts-mj-origin-join,3,materialize-after-bts-mj-origin-join,2026-07-19T06:12:51.202503+00:00,93.6161,265.625,929,sha256:2e28043d2ee9ea90a8bff098db806a2aa4d9ad8c5140a47f2fc1fb5ee2222562
30,bts-multijoin-block-030,fused -> materialize-after-bts-mj-filter -> materialize-after-bts-mj-carrier-join -> materialize-after-bts-mj-origin-join,0,fused,2026-07-19T06:12:51.310502+00:00,66.5826,203.125,929,sha256:2e28043d2ee9ea90a8bff098db806a2aa4d9ad8c5140a47f2fc1fb5ee2222562
30,bts-multijoin-block-030,fused -> materialize-after-bts-mj-filter -> materialize-after-bts-mj-carrier-join -> materialize-after-bts-mj-origin-join,1,materialize-after-bts-mj-filter,2026-07-19T06:12:51.383502+00:00,104.7932,203.125,929,sha256:2e28043d2ee9ea90a8bff098db806a2aa4d9ad8c5140a47f2fc1fb5ee2222562
30,bts-multijoin-block-030,fused -> materialize-after-bts-mj-filter -> materialize-after-bts-mj-carrier-join -> materialize-after-bts-mj-origin-join,2,materialize-after-bts-mj-carrier-join,2026-07-19T06:12:51.498636+00:00,95.4411,156.25,929,sha256:2e28043d2ee9ea90a8bff098db806a2aa4d9ad8c5140a47f2fc1fb5ee2222562
30,bts-multijoin-block-030,fused -> materialize-after-bts-mj-filter -> materialize-after-bts-mj-carrier-join -> materialize-after-bts-mj-origin-join,3,materialize-after-bts-mj-origin-join,2026-07-19T06:12:51.604636+00:00,89.3696,203.125,929,sha256:2e28043d2ee9ea90a8bff098db806a2aa4d9ad8c5140a47f2fc1fb5ee2222562
31,bts-multijoin-block-031,materialize-after-bts-mj-filter -> fused -> materialize-after-bts-mj-carrier-join -> materialize-after-bts-mj-origin-join,0,materialize-after-bts-mj-filter,2026-07-19T06:12:51.704104+00:00,84.8368,156.25,929,sha256:2e28043d2ee9ea90a8bff098db806a2aa4d9ad8c5140a47f2fc1fb5ee2222562
31,bts-multijoin-block-031,materialize-after-bts-mj-filter -> fused -> materialize-after-bts-mj-carrier-join -> materialize-after-bts-mj-origin-join,1,fused,2026-07-19T06:12:51.799103+00:00,67.4106,187.5,929,sha256:2e28043d2ee9ea90a8bff098db806a2aa4d9ad8c5140a47f2fc1fb5ee2222562
31,bts-multijoin-block-031,materialize-after-bts-mj-filter -> fused -> materialize-after-bts-mj-carrier-join -> materialize-after-bts-mj-origin-join,2,materialize-after-bts-mj-carrier-join,2026-07-19T06:12:51.876935+00:00,105.0937,296.875,929,sha256:2e28043d2ee9ea90a8bff098db806a2aa4d9ad8c5140a47f2fc1fb5ee2222562
31,bts-multijoin-block-031,materialize-after-bts-mj-filter -> fused -> materialize-after-bts-mj-carrier-join -> materialize-after-bts-mj-origin-join,3,materialize-after-bts-mj-origin-join,2026-07-19T06:12:51.994454+00:00,111.018,281.25,929,sha256:2e28043d2ee9ea90a8bff098db806a2aa4d9ad8c5140a47f2fc1fb5ee2222562
32,bts-multijoin-block-032,fused -> materialize-after-bts-mj-origin-join -> materialize-after-bts-mj-carrier-join -> materialize-after-bts-mj-filter,0,fused,2026-07-19T06:12:52.122632+00:00,83.6591,187.5,929,sha256:2e28043d2ee9ea90a8bff098db806a2aa4d9ad8c5140a47f2fc1fb5ee2222562
32,bts-multijoin-block-032,fused -> materialize-after-bts-mj-origin-join -> materialize-after-bts-mj-carrier-join -> materialize-after-bts-mj-filter,1,materialize-after-bts-mj-origin-join,2026-07-19T06:12:52.218633+00:00,81.3965,250.0,929,sha256:2e28043d2ee9ea90a8bff098db806a2aa4d9ad8c5140a47f2fc1fb5ee2222562
32,bts-multijoin-block-032,fused -> materialize-after-bts-mj-origin-join -> materialize-after-bts-mj-carrier-join -> materialize-after-bts-mj-filter,2,materialize-after-bts-mj-carrier-join,2026-07-19T06:12:52.309276+00:00,96.0497,296.875,929,sha256:2e28043d2ee9ea90a8bff098db806a2aa4d9ad8c5140a47f2fc1fb5ee2222562
32,bts-multijoin-block-032,fused -> materialize-after-bts-mj-origin-join -> materialize-after-bts-mj-carrier-join -> materialize-after-bts-mj-filter,3,materialize-after-bts-mj-filter,2026-07-19T06:12:52.417277+00:00,85.7854,250.0,929,sha256:2e28043d2ee9ea90a8bff098db806a2aa4d9ad8c5140a47f2fc1fb5ee2222562
33,bts-multijoin-block-033,materialize-after-bts-mj-origin-join -> materialize-after-bts-mj-filter -> materialize-after-bts-mj-carrier-join -> fused,0,materialize-after-bts-mj-origin-join,2026-07-19T06:12:52.517272+00:00,97.7298,265.625,929,sha256:2e28043d2ee9ea90a8bff098db806a2aa4d9ad8c5140a47f2fc1fb5ee2222562
33,bts-multijoin-block-033,materialize-after-bts-mj-origin-join -> materialize-after-bts-mj-filter -> materialize-after-bts-mj-carrier-join -> fused,1,materialize-after-bts-mj-filter,2026-07-19T06:12:52.625274+00:00,92.2126,250.0,929,sha256:2e28043d2ee9ea90a8bff098db806a2aa4d9ad8c5140a47f2fc1fb5ee2222562
33,bts-multijoin-block-033,materialize-after-bts-mj-origin-join -> materialize-after-bts-mj-filter -> materialize-after-bts-mj-carrier-join -> fused,2,materialize-after-bts-mj-carrier-join,2026-07-19T06:12:52.724935+00:00,89.4292,187.5,929,sha256:2e28043d2ee9ea90a8bff098db806a2aa4d9ad8c5140a47f2fc1fb5ee2222562
33,bts-multijoin-block-033,materialize-after-bts-mj-origin-join -> materialize-after-bts-mj-filter -> materialize-after-bts-mj-carrier-join -> fused,3,fused,2026-07-19T06:12:52.826933+00:00,71.081,171.875,929,sha256:2e28043d2ee9ea90a8bff098db806a2aa4d9ad8c5140a47f2fc1fb5ee2222562
34,bts-multijoin-block-034,materialize-after-bts-mj-origin-join -> fused -> materialize-after-bts-mj-filter -> materialize-after-bts-mj-carrier-join,0,materialize-after-bts-mj-origin-join,2026-07-19T06:12:52.911933+00:00,100.142,265.625,929,sha256:2e28043d2ee9ea90a8bff098db806a2aa4d9ad8c5140a47f2fc1fb5ee2222562
34,bts-multijoin-block-034,materialize-after-bts-mj-origin-join -> fused -> materialize-after-bts-mj-filter -> materialize-after-bts-mj-carrier-join,1,fused,2026-07-19T06:12:53.020932+00:00,62.2662,187.5,929,sha256:2e28043d2ee9ea90a8bff098db806a2aa4d9ad8c5140a47f2fc1fb5ee2222562
34,bts-multijoin-block-034,materialize-after-bts-mj-origin-join -> fused -> materialize-after-bts-mj-filter -> materialize-after-bts-mj-carrier-join,2,materialize-after-bts-mj-filter,2026-07-19T06:12:53.091550+00:00,67.3607,203.125,929,sha256:2e28043d2ee9ea90a8bff098db806a2aa4d9ad8c5140a47f2fc1fb5ee2222562
34,bts-multijoin-block-034,materialize-after-bts-mj-origin-join -> fused -> materialize-after-bts-mj-filter -> materialize-after-bts-mj-carrier-join,3,materialize-after-bts-mj-carrier-join,2026-07-19T06:12:53.167545+00:00,97.1278,234.375,929,sha256:2e28043d2ee9ea90a8bff098db806a2aa4d9ad8c5140a47f2fc1fb5ee2222562
35,bts-multijoin-block-035,materialize-after-bts-mj-carrier-join -> materialize-after-bts-mj-filter -> fused -> materialize-after-bts-mj-origin-join,0,materialize-after-bts-mj-carrier-join,2026-07-19T06:12:53.278737+00:00,120.3269,234.375,929,sha256:2e28043d2ee9ea90a8bff098db806a2aa4d9ad8c5140a47f2fc1fb5ee2222562
35,bts-multijoin-block-035,materialize-after-bts-mj-carrier-join -> materialize-after-bts-mj-filter -> fused -> materialize-after-bts-mj-origin-join,1,materialize-after-bts-mj-filter,2026-07-19T06:12:53.408654+00:00,89.2638,203.125,929,sha256:2e28043d2ee9ea90a8bff098db806a2aa4d9ad8c5140a47f2fc1fb5ee2222562
35,bts-multijoin-block-035,materialize-after-bts-mj-carrier-join -> materialize-after-bts-mj-filter -> fused -> materialize-after-bts-mj-origin-join,2,fused,2026-07-19T06:12:53.504653+00:00,67.7452,171.875,929,sha256:2e28043d2ee9ea90a8bff098db806a2aa4d9ad8c5140a47f2fc1fb5ee2222562
35,bts-multijoin-block-035,materialize-after-bts-mj-carrier-join -> materialize-after-bts-mj-filter -> fused -> materialize-after-bts-mj-origin-join,3,materialize-after-bts-mj-origin-join,2026-07-19T06:12:53.579327+00:00,81.4464,281.25,929,sha256:2e28043d2ee9ea90a8bff098db806a2aa4d9ad8c5140a47f2fc1fb5ee2222562
36,bts-multijoin-block-036,materialize-after-bts-mj-carrier-join -> materialize-after-bts-mj-filter -> materialize-after-bts-mj-origin-join -> fused,0,materialize-after-bts-mj-carrier-join,2026-07-19T06:12:53.671377+00:00,87.9125,250.0,929,sha256:2e28043d2ee9ea90a8bff098db806a2aa4d9ad8c5140a47f2fc1fb5ee2222562
36,bts-multijoin-block-036,materialize-after-bts-mj-carrier-join -> materialize-after-bts-mj-filter -> materialize-after-bts-mj-origin-join -> fused,1,materialize-after-bts-mj-filter,2026-07-19T06:12:53.767376+00:00,89.456,234.375,929,sha256:2e28043d2ee9ea90a8bff098db806a2aa4d9ad8c5140a47f2fc1fb5ee2222562
36,bts-multijoin-block-036,materialize-after-bts-mj-carrier-join -> materialize-after-bts-mj-filter -> materialize-after-bts-mj-origin-join -> fused,2,materialize-after-bts-mj-origin-join,2026-07-19T06:12:53.863384+00:00,75.0849,187.5,929,sha256:2e28043d2ee9ea90a8bff098db806a2aa4d9ad8c5140a47f2fc1fb5ee2222562
36,bts-multijoin-block-036,materialize-after-bts-mj-carrier-join -> materialize-after-bts-mj-filter -> materialize-after-bts-mj-origin-join -> fused,3,fused,2026-07-19T06:12:53.945377+00:00,57.8434,140.625,929,sha256:2e28043d2ee9ea90a8bff098db806a2aa4d9ad8c5140a47f2fc1fb5ee2222562
37,bts-multijoin-block-037,materialize-after-bts-mj-origin-join -> materialize-after-bts-mj-carrier-join -> fused -> materialize-after-bts-mj-filter,0,materialize-after-bts-mj-origin-join,2026-07-19T06:12:54.013030+00:00,69.8564,187.5,929,sha256:2e28043d2ee9ea90a8bff098db806a2aa4d9ad8c5140a47f2fc1fb5ee2222562
37,bts-multijoin-block-037,materialize-after-bts-mj-origin-join -> materialize-after-bts-mj-carrier-join -> fused -> materialize-after-bts-mj-filter,1,materialize-after-bts-mj-carrier-join,2026-07-19T06:12:54.093648+00:00,77.1289,218.75,929,sha256:2e28043d2ee9ea90a8bff098db806a2aa4d9ad8c5140a47f2fc1fb5ee2222562
37,bts-multijoin-block-037,materialize-after-bts-mj-origin-join -> materialize-after-bts-mj-carrier-join -> fused -> materialize-after-bts-mj-filter,2,fused,2026-07-19T06:12:54.175647+00:00,57.7147,187.5,929,sha256:2e28043d2ee9ea90a8bff098db806a2aa4d9ad8c5140a47f2fc1fb5ee2222562
37,bts-multijoin-block-037,materialize-after-bts-mj-origin-join -> materialize-after-bts-mj-carrier-join -> fused -> materialize-after-bts-mj-filter,3,materialize-after-bts-mj-filter,2026-07-19T06:12:54.239293+00:00,71.7767,203.125,929,sha256:2e28043d2ee9ea90a8bff098db806a2aa4d9ad8c5140a47f2fc1fb5ee2222562
38,bts-multijoin-block-038,fused -> materialize-after-bts-mj-origin-join -> materialize-after-bts-mj-filter -> materialize-after-bts-mj-carrier-join,0,fused,2026-07-19T06:12:54.320707+00:00,68.017,156.25,929,sha256:2e28043d2ee9ea90a8bff098db806a2aa4d9ad8c5140a47f2fc1fb5ee2222562
38,bts-multijoin-block-038,fused -> materialize-after-bts-mj-origin-join -> materialize-after-bts-mj-filter -> materialize-after-bts-mj-carrier-join,1,materialize-after-bts-mj-origin-join,2026-07-19T06:12:54.395294+00:00,72.0211,203.125,929,sha256:2e28043d2ee9ea90a8bff098db806a2aa4d9ad8c5140a47f2fc1fb5ee2222562
38,bts-multijoin-block-038,fused -> materialize-after-bts-mj-origin-join -> materialize-after-bts-mj-filter -> materialize-after-bts-mj-carrier-join,2,materialize-after-bts-mj-filter,2026-07-19T06:12:54.473293+00:00,88.8461,234.375,929,sha256:2e28043d2ee9ea90a8bff098db806a2aa4d9ad8c5140a47f2fc1fb5ee2222562
38,bts-multijoin-block-038,fused -> materialize-after-bts-mj-origin-join -> materialize-after-bts-mj-filter -> materialize-after-bts-mj-carrier-join,3,materialize-after-bts-mj-carrier-join,2026-07-19T06:12:54.570309+00:00,76.1753,250.0,929,sha256:2e28043d2ee9ea90a8bff098db806a2aa4d9ad8c5140a47f2fc1fb5ee2222562
39,bts-multijoin-block-039,materialize-after-bts-mj-carrier-join -> materialize-after-bts-mj-origin-join -> materialize-after-bts-mj-filter -> fused,0,materialize-after-bts-mj-carrier-join,2026-07-19T06:12:54.657391+00:00,78.0821,250.0,929,sha256:2e28043d2ee9ea90a8bff098db806a2aa4d9ad8c5140a47f2fc1fb5ee2222562
39,bts-multijoin-block-039,materialize-after-bts-mj-carrier-join -> materialize-after-bts-mj-origin-join -> materialize-after-bts-mj-filter -> fused,1,materialize-after-bts-mj-origin-join,2026-07-19T06:12:54.745393+00:00,70.5064,171.875,929,sha256:2e28043d2ee9ea90a8bff098db806a2aa4d9ad8c5140a47f2fc1fb5ee2222562
39,bts-multijoin-block-039,materialize-after-bts-mj-carrier-join -> materialize-after-bts-mj-origin-join -> materialize-after-bts-mj-filter -> fused,2,materialize-after-bts-mj-filter,2026-07-19T06:12:54.824596+00:00,72.1284,218.75,929,sha256:2e28043d2ee9ea90a8bff098db806a2aa4d9ad8c5140a47f2fc1fb5ee2222562
39,bts-multijoin-block-039,materialize-after-bts-mj-carrier-join -> materialize-after-bts-mj-origin-join -> materialize-after-bts-mj-filter -> fused,3,fused,2026-07-19T06:12:54.904595+00:00,59.7241,171.875,929,sha256:2e28043d2ee9ea90a8bff098db806a2aa4d9ad8c5140a47f2fc1fb5ee2222562
40,bts-multijoin-block-040,materialize-after-bts-mj-origin-join -> materialize-after-bts-mj-filter -> fused -> materialize-after-bts-mj-carrier-join,0,materialize-after-bts-mj-origin-join,2026-07-19T06:12:54.973589+00:00,68.8913,203.125,929,sha256:2e28043d2ee9ea90a8bff098db806a2aa4d9ad8c5140a47f2fc1fb5ee2222562
40,bts-multijoin-block-040,materialize-after-bts-mj-origin-join -> materialize-after-bts-mj-filter -> fused -> materialize-after-bts-mj-carrier-join,1,materialize-after-bts-mj-filter,2026-07-19T06:12:55.047239+00:00,63.3251,218.75,929,sha256:2e28043d2ee9ea90a8bff098db806a2aa4d9ad8c5140a47f2fc1fb5ee2222562
40,bts-multijoin-block-040,materialize-after-bts-mj-origin-join -> materialize-after-bts-mj-filter -> fused -> materialize-after-bts-mj-carrier-join,2,fused,2026-07-19T06:12:55.116052+00:00,54.1226,187.5,929,sha256:2e28043d2ee9ea90a8bff098db806a2aa4d9ad8c5140a47f2fc1fb5ee2222562
40,bts-multijoin-block-040,materialize-after-bts-mj-origin-join -> materialize-after-bts-mj-filter -> fused -> materialize-after-bts-mj-carrier-join,3,materialize-after-bts-mj-carrier-join,2026-07-19T06:12:55.175617+00:00,73.5692,187.5,929,sha256:2e28043d2ee9ea90a8bff098db806a2aa4d9ad8c5140a47f2fc1fb5ee2222562
41,bts-multijoin-block-041,materialize-after-bts-mj-filter -> materialize-after-bts-mj-origin-join -> materialize-after-bts-mj-carrier-join -> fused,0,materialize-after-bts-mj-filter,2026-07-19T06:12:55.259477+00:00,69.6442,156.25,929,sha256:2e28043d2ee9ea90a8bff098db806a2aa4d9ad8c5140a47f2fc1fb5ee2222562
41,bts-multijoin-block-041,materialize-after-bts-mj-filter -> materialize-after-bts-mj-origin-join -> materialize-after-bts-mj-carrier-join -> fused,1,materialize-after-bts-mj-origin-join,2026-07-19T06:12:55.335483+00:00,64.8064,156.25,929,sha256:2e28043d2ee9ea90a8bff098db806a2aa4d9ad8c5140a47f2fc1fb5ee2222562
41,bts-multijoin-block-041,materialize-after-bts-mj-filter -> materialize-after-bts-mj-origin-join -> materialize-after-bts-mj-carrier-join -> fused,2,materialize-after-bts-mj-carrier-join,2026-07-19T06:12:55.405482+00:00,59.9256,171.875,929,sha256:2e28043d2ee9ea90a8bff098db806a2aa4d9ad8c5140a47f2fc1fb5ee2222562
41,bts-multijoin-block-041,materialize-after-bts-mj-filter -> materialize-after-bts-mj-origin-join -> materialize-after-bts-mj-carrier-join -> fused,3,fused,2026-07-19T06:12:55.470989+00:00,44.8274,109.375,929,sha256:2e28043d2ee9ea90a8bff098db806a2aa4d9ad8c5140a47f2fc1fb5ee2222562
42,bts-multijoin-block-042,materialize-after-bts-mj-origin-join -> materialize-after-bts-mj-carrier-join -> materialize-after-bts-mj-filter -> fused,0,materialize-after-bts-mj-origin-join,2026-07-19T06:12:55.523988+00:00,64.7898,187.5,929,sha256:2e28043d2ee9ea90a8bff098db806a2aa4d9ad8c5140a47f2fc1fb5ee2222562
42,bts-multijoin-block-042,materialize-after-bts-mj-origin-join -> materialize-after-bts-mj-carrier-join -> materialize-after-bts-mj-filter -> fused,1,materialize-after-bts-mj-carrier-join,2026-07-19T06:12:55.593994+00:00,76.0146,218.75,929,sha256:2e28043d2ee9ea90a8bff098db806a2aa4d9ad8c5140a47f2fc1fb5ee2222562
42,bts-multijoin-block-042,materialize-after-bts-mj-origin-join -> materialize-after-bts-mj-carrier-join -> materialize-after-bts-mj-filter -> fused,2,materialize-after-bts-mj-filter,2026-07-19T06:12:55.675990+00:00,73.0008,203.125,929,sha256:2e28043d2ee9ea90a8bff098db806a2aa4d9ad8c5140a47f2fc1fb5ee2222562
42,bts-multijoin-block-042,materialize-after-bts-mj-origin-join -> materialize-after-bts-mj-carrier-join -> materialize-after-bts-mj-filter -> fused,3,fused,2026-07-19T06:12:55.757994+00:00,54.6252,125.0,929,sha256:2e28043d2ee9ea90a8bff098db806a2aa4d9ad8c5140a47f2fc1fb5ee2222562
43,bts-multijoin-block-043,fused -> materialize-after-bts-mj-filter -> materialize-after-bts-mj-origin-join -> materialize-after-bts-mj-carrier-join,0,fused,2026-07-19T06:12:55.821990+00:00,59.8443,140.625,929,sha256:2e28043d2ee9ea90a8bff098db806a2aa4d9ad8c5140a47f2fc1fb5ee2222562
43,bts-multijoin-block-043,fused -> materialize-after-bts-mj-filter -> materialize-after-bts-mj-origin-join -> materialize-after-bts-mj-carrier-join,1,materialize-after-bts-mj-filter,2026-07-19T06:12:55.889990+00:00,68.4748,203.125,929,sha256:2e28043d2ee9ea90a8bff098db806a2aa4d9ad8c5140a47f2fc1fb5ee2222562
43,bts-multijoin-block-043,fused -> materialize-after-bts-mj-filter -> materialize-after-bts-mj-origin-join -> materialize-after-bts-mj-carrier-join,2,materialize-after-bts-mj-origin-join,2026-07-19T06:12:55.964989+00:00,73.2082,203.125,929,sha256:2e28043d2ee9ea90a8bff098db806a2aa4d9ad8c5140a47f2fc1fb5ee2222562
43,bts-multijoin-block-043,fused -> materialize-after-bts-mj-filter -> materialize-after-bts-mj-origin-join -> materialize-after-bts-mj-carrier-join,3,materialize-after-bts-mj-carrier-join,2026-07-19T06:12:56.048582+00:00,72.7632,234.375,929,sha256:2e28043d2ee9ea90a8bff098db806a2aa4d9ad8c5140a47f2fc1fb5ee2222562
44,bts-multijoin-block-044,fused -> materialize-after-bts-mj-carrier-join -> materialize-after-bts-mj-filter -> materialize-after-bts-mj-origin-join,0,fused,2026-07-19T06:12:56.129579+00:00,51.3182,125.0,929,sha256:2e28043d2ee9ea90a8bff098db806a2aa4d9ad8c5140a47f2fc1fb5ee2222562
44,bts-multijoin-block-044,fused -> materialize-after-bts-mj-carrier-join -> materialize-after-bts-mj-filter -> materialize-after-bts-mj-origin-join,1,materialize-after-bts-mj-carrier-join,2026-07-19T06:12:56.188579+00:00,78.4561,203.125,929,sha256:2e28043d2ee9ea90a8bff098db806a2aa4d9ad8c5140a47f2fc1fb5ee2222562
44,bts-multijoin-block-044,fused -> materialize-after-bts-mj-carrier-join -> materialize-after-bts-mj-filter -> materialize-after-bts-mj-origin-join,2,materialize-after-bts-mj-filter,2026-07-19T06:12:56.273036+00:00,62.5856,234.375,929,sha256:2e28043d2ee9ea90a8bff098db806a2aa4d9ad8c5140a47f2fc1fb5ee2222562
44,bts-multijoin-block-044,fused -> materialize-after-bts-mj-carrier-join -> materialize-after-bts-mj-filter -> materialize-after-bts-mj-origin-join,3,materialize-after-bts-mj-origin-join,2026-07-19T06:12:56.341026+00:00,65.7794,187.5,929,sha256:2e28043d2ee9ea90a8bff098db806a2aa4d9ad8c5140a47f2fc1fb5ee2222562
45,bts-multijoin-block-045,materialize-after-bts-mj-carrier-join -> fused -> materialize-after-bts-mj-origin-join -> materialize-after-bts-mj-filter,0,materialize-after-bts-mj-carrier-join,2026-07-19T06:12:56.415077+00:00,75.2753,250.0,929,sha256:2e28043d2ee9ea90a8bff098db806a2aa4d9ad8c5140a47f2fc1fb5ee2222562
45,bts-multijoin-block-045,materialize-after-bts-mj-carrier-join -> fused -> materialize-after-bts-mj-origin-join -> materialize-after-bts-mj-filter,1,fused,2026-07-19T06:12:56.496076+00:00,51.8224,140.625,929,sha256:2e28043d2ee9ea90a8bff098db806a2aa4d9ad8c5140a47f2fc1fb5ee2222562
45,bts-multijoin-block-045,materialize-after-bts-mj-carrier-join -> fused -> materialize-after-bts-mj-origin-join -> materialize-after-bts-mj-filter,2,materialize-after-bts-mj-origin-join,2026-07-19T06:12:56.556077+00:00,64.1129,140.625,929,sha256:2e28043d2ee9ea90a8bff098db806a2aa4d9ad8c5140a47f2fc1fb5ee2222562
45,bts-multijoin-block-045,materialize-after-bts-mj-carrier-join -> fused -> materialize-after-bts-mj-origin-join -> materialize-after-bts-mj-filter,3,materialize-after-bts-mj-filter,2026-07-19T06:12:56.626076+00:00,64.1227,203.125,929,sha256:2e28043d2ee9ea90a8bff098db806a2aa4d9ad8c5140a47f2fc1fb5ee2222562
46,bts-multijoin-block-046,materialize-after-bts-mj-filter -> materialize-after-bts-mj-origin-join -> fused -> materialize-after-bts-mj-carrier-join,0,materialize-after-bts-mj-filter,2026-07-19T06:12:56.698076+00:00,72.2408,218.75,929,sha256:2e28043d2ee9ea90a8bff098db806a2aa4d9ad8c5140a47f2fc1fb5ee2222562
46,bts-multijoin-block-046,materialize-after-bts-mj-filter -> materialize-after-bts-mj-origin-join -> fused -> materialize-after-bts-mj-carrier-join,1,materialize-after-bts-mj-origin-join,2026-07-19T06:12:56.776077+00:00,82.2555,250.0,929,sha256:2e28043d2ee9ea90a8bff098db806a2aa4d9ad8c5140a47f2fc1fb5ee2222562
46,bts-multijoin-block-046,materialize-after-bts-mj-filter -> materialize-after-bts-mj-origin-join -> fused -> materialize-after-bts-mj-carrier-join,2,fused,2026-07-19T06:12:56.868081+00:00,56.6575,156.25,929,sha256:2e28043d2ee9ea90a8bff098db806a2aa4d9ad8c5140a47f2fc1fb5ee2222562
46,bts-multijoin-block-046,materialize-after-bts-mj-filter -> materialize-after-bts-mj-origin-join -> fused -> materialize-after-bts-mj-carrier-join,3,materialize-after-bts-mj-carrier-join,2026-07-19T06:12:56.931076+00:00,99.4431,250.0,929,sha256:2e28043d2ee9ea90a8bff098db806a2aa4d9ad8c5140a47f2fc1fb5ee2222562
47,bts-multijoin-block-047,materialize-after-bts-mj-carrier-join -> materialize-after-bts-mj-origin-join -> fused -> materialize-after-bts-mj-filter,0,materialize-after-bts-mj-carrier-join,2026-07-19T06:12:57.044693+00:00,103.0075,250.0,929,sha256:2e28043d2ee9ea90a8bff098db806a2aa4d9ad8c5140a47f2fc1fb5ee2222562
47,bts-multijoin-block-047,materialize-after-bts-mj-carrier-join -> materialize-after-bts-mj-origin-join -> fused -> materialize-after-bts-mj-filter,1,materialize-after-bts-mj-origin-join,2026-07-19T06:12:57.157694+00:00,79.8676,218.75,929,sha256:2e28043d2ee9ea90a8bff098db806a2aa4d9ad8c5140a47f2fc1fb5ee2222562
47,bts-multijoin-block-047,materialize-after-bts-mj-carrier-join -> materialize-after-bts-mj-origin-join -> fused -> materialize-after-bts-mj-filter,2,fused,2026-07-19T06:12:57.243328+00:00,49.4035,93.75,929,sha256:2e28043d2ee9ea90a8bff098db806a2aa4d9ad8c5140a47f2fc1fb5ee2222562
47,bts-multijoin-block-047,materialize-after-bts-mj-carrier-join -> materialize-after-bts-mj-origin-join -> fused -> materialize-after-bts-mj-filter,3,materialize-after-bts-mj-filter,2026-07-19T06:12:57.298335+00:00,78.3003,250.0,929,sha256:2e28043d2ee9ea90a8bff098db806a2aa4d9ad8c5140a47f2fc1fb5ee2222562
