unit_id,benchmark,identifier_width,match_rate,row_count,seed,matched_rows,component,runs,median_latency_ms,p95_latency_ms,min_latency_ms,max_latency_ms,logical_payload_bytes,median_mib_per_second,physical_plan_fingerprint,physical_operator_names,peak_buffer_memory_bytes,peak_temp_directory_bytes
mask_fragment-n150000-w1024-m0100-s707,mask_fragment,1024,0.1,150000,707,15000,early_mask_fragment,15,2136.858200014103,2915.7238000188954,1761.1441999906674,2915.7238000188954,153600000,68.55128477829423,sha256:1a43e0ddf8cc02438cc76d27ba1cce86da34109d2e43dcc8ed7c9d581b95b39d,EXPLAIN_ANALYZE|BATCH_CREATE_TABLE_AS|CTE|PROJECTION|SEQ_SCAN|PROJECTION|ORDER_BY|PROJECTION|HASH_JOIN|CTE_SCAN|SEQ_SCAN,377810944,0
mask_fragment-n150000-w1024-m0100-s707,mask_fragment,1024,0.1,150000,707,15000,late_mask_fragment,15,268.51199998054653,401.24649996869266,205.3017999860458,401.24649996869266,153600000,545.5412607653017,sha256:18bd7fb3b6d02ff88c53bf4a74124c631590d7e276f031a9034dc7f9cb857902,EXPLAIN_ANALYZE|BATCH_CREATE_TABLE_AS|PROJECTION|ORDER_BY|PROJECTION|PROJECTION|HASH_JOIN|SEQ_SCAN|SEQ_SCAN,377810944,0
mask_fragment-n150000-w1024-m0100-s808,mask_fragment,1024,0.1,150000,808,15000,early_mask_fragment,15,1803.7933000014164,2119.6873000008054,1547.370599990245,2119.6873000008054,153600000,81.20906924306958,sha256:1a43e0ddf8cc02438cc76d27ba1cce86da34109d2e43dcc8ed7c9d581b95b39d,EXPLAIN_ANALYZE|BATCH_CREATE_TABLE_AS|CTE|PROJECTION|SEQ_SCAN|PROJECTION|ORDER_BY|PROJECTION|HASH_JOIN|CTE_SCAN|SEQ_SCAN,377810944,0
mask_fragment-n150000-w1024-m0100-s808,mask_fragment,1024,0.1,150000,808,15000,late_mask_fragment,15,220.44029994867742,364.3124000518583,188.2642999989912,364.3124000518583,153600000,664.5081458975708,sha256:18bd7fb3b6d02ff88c53bf4a74124c631590d7e276f031a9034dc7f9cb857902,EXPLAIN_ANALYZE|BATCH_CREATE_TABLE_AS|PROJECTION|ORDER_BY|PROJECTION|PROJECTION|HASH_JOIN|SEQ_SCAN|SEQ_SCAN,377810944,0
mask_fragment-n150000-w1024-m0100-s909,mask_fragment,1024,0.1,150000,909,15000,early_mask_fragment,15,1811.0469999955967,2318.1088999845088,1489.7159000393003,2318.1088999845088,153600000,80.8838064392344,sha256:1a43e0ddf8cc02438cc76d27ba1cce86da34109d2e43dcc8ed7c9d581b95b39d,EXPLAIN_ANALYZE|BATCH_CREATE_TABLE_AS|CTE|PROJECTION|SEQ_SCAN|PROJECTION|ORDER_BY|PROJECTION|HASH_JOIN|CTE_SCAN|SEQ_SCAN,377909248,0
mask_fragment-n150000-w1024-m0100-s909,mask_fragment,1024,0.1,150000,909,15000,late_mask_fragment,15,210.46380000188947,339.410999964457,183.08690004050732,339.410999964457,153600000,696.0074606591961,sha256:18bd7fb3b6d02ff88c53bf4a74124c631590d7e276f031a9034dc7f9cb857902,EXPLAIN_ANALYZE|BATCH_CREATE_TABLE_AS|PROJECTION|ORDER_BY|PROJECTION|PROJECTION|HASH_JOIN|SEQ_SCAN|SEQ_SCAN,377909248,0
mask_fragment-n150000-w1024-m0500-s707,mask_fragment,1024,0.5,150000,707,75000,early_mask_fragment,15,1829.1137000196613,2090.863600024022,1558.383599971421,2090.863600024022,153600000,80.08489302683886,sha256:1a43e0ddf8cc02438cc76d27ba1cce86da34109d2e43dcc8ed7c9d581b95b39d,EXPLAIN_ANALYZE|BATCH_CREATE_TABLE_AS|CTE|PROJECTION|SEQ_SCAN|PROJECTION|ORDER_BY|PROJECTION|HASH_JOIN|CTE_SCAN|SEQ_SCAN,387173888,0
mask_fragment-n150000-w1024-m0500-s707,mask_fragment,1024,0.5,150000,707,75000,late_mask_fragment,15,1129.3342999997549,1266.5655000018887,947.059599973727,1266.5655000018887,153600000,129.70860355523763,sha256:18bd7fb3b6d02ff88c53bf4a74124c631590d7e276f031a9034dc7f9cb857902,EXPLAIN_ANALYZE|BATCH_CREATE_TABLE_AS|PROJECTION|ORDER_BY|PROJECTION|PROJECTION|HASH_JOIN|SEQ_SCAN|SEQ_SCAN,387173888,0
mask_fragment-n150000-w1024-m0500-s808,mask_fragment,1024,0.5,150000,808,75000,early_mask_fragment,15,1897.7825000183657,2440.1015000185,1549.9474999960512,2440.1015000185,153600000,77.18712497274183,sha256:1a43e0ddf8cc02438cc76d27ba1cce86da34109d2e43dcc8ed7c9d581b95b39d,EXPLAIN_ANALYZE|BATCH_CREATE_TABLE_AS|CTE|PROJECTION|SEQ_SCAN|PROJECTION|ORDER_BY|PROJECTION|HASH_JOIN|CTE_SCAN|SEQ_SCAN,387227136,0
mask_fragment-n150000-w1024-m0500-s808,mask_fragment,1024,0.5,150000,808,75000,late_mask_fragment,15,1121.5296000009403,1282.6017999905162,949.6982999844477,1282.6017999905162,153600000,130.6112428953076,sha256:18bd7fb3b6d02ff88c53bf4a74124c631590d7e276f031a9034dc7f9cb857902,EXPLAIN_ANALYZE|BATCH_CREATE_TABLE_AS|PROJECTION|ORDER_BY|PROJECTION|PROJECTION|HASH_JOIN|SEQ_SCAN|SEQ_SCAN,387227136,0
mask_fragment-n150000-w1024-m0500-s909,mask_fragment,1024,0.5,150000,909,75000,early_mask_fragment,15,2096.6342000174336,2979.909999994561,1717.239299963694,2979.909999994561,153600000,69.8664435592923,sha256:1a43e0ddf8cc02438cc76d27ba1cce86da34109d2e43dcc8ed7c9d581b95b39d,EXPLAIN_ANALYZE|BATCH_CREATE_TABLE_AS|CTE|PROJECTION|SEQ_SCAN|PROJECTION|ORDER_BY|PROJECTION|HASH_JOIN|CTE_SCAN|SEQ_SCAN,389044224,0
mask_fragment-n150000-w1024-m0500-s909,mask_fragment,1024,0.5,150000,909,75000,late_mask_fragment,15,1247.4591000354849,1621.7376999557018,1068.410900013987,1621.7376999557018,153600000,117.42619457089467,sha256:18bd7fb3b6d02ff88c53bf4a74124c631590d7e276f031a9034dc7f9cb857902,EXPLAIN_ANALYZE|BATCH_CREATE_TABLE_AS|PROJECTION|ORDER_BY|PROJECTION|PROJECTION|HASH_JOIN|SEQ_SCAN|SEQ_SCAN,389044224,0
mask_fragment-n150000-w1024-m1000-s707,mask_fragment,1024,1.0,150000,707,150000,early_mask_fragment,15,2250.8333000005223,2795.036900031846,1848.9419999532402,2795.036900031846,153600000,65.08006390342902,sha256:1a43e0ddf8cc02438cc76d27ba1cce86da34109d2e43dcc8ed7c9d581b95b39d,EXPLAIN_ANALYZE|BATCH_CREATE_TABLE_AS|CTE|PROJECTION|SEQ_SCAN|PROJECTION|ORDER_BY|PROJECTION|HASH_JOIN|CTE_SCAN|SEQ_SCAN,419983360,0
mask_fragment-n150000-w1024-m1000-s707,mask_fragment,1024,1.0,150000,707,150000,late_mask_fragment,15,2199.386099993717,2729.8551999847405,1843.4432999929413,2729.8551999847405,153600000,66.60239191309724,sha256:92b825cb6ca6efd8c921ae328d9dcd567e5fc1cecda65d185180a168e33b45c9,EXPLAIN_ANALYZE|BATCH_CREATE_TABLE_AS|PROJECTION|ORDER_BY|PROJECTION|PROJECTION|HASH_JOIN|SEQ_SCAN|SEQ_SCAN,419983360,0
mask_fragment-n150000-w1024-m1000-s808,mask_fragment,1024,1.0,150000,808,150000,early_mask_fragment,15,2128.2025999971665,3115.75840000296,1809.814800042659,3115.75840000296,153600000,68.8300892970411,sha256:1a43e0ddf8cc02438cc76d27ba1cce86da34109d2e43dcc8ed7c9d581b95b39d,EXPLAIN_ANALYZE|BATCH_CREATE_TABLE_AS|CTE|PROJECTION|SEQ_SCAN|PROJECTION|ORDER_BY|PROJECTION|HASH_JOIN|CTE_SCAN|SEQ_SCAN,420671488,0
mask_fragment-n150000-w1024-m1000-s808,mask_fragment,1024,1.0,150000,808,150000,late_mask_fragment,15,2037.858200026676,2906.8434999790043,1839.655700023286,2906.8434999790043,153600000,71.88153473979813,sha256:92b825cb6ca6efd8c921ae328d9dcd567e5fc1cecda65d185180a168e33b45c9,EXPLAIN_ANALYZE|BATCH_CREATE_TABLE_AS|PROJECTION|ORDER_BY|PROJECTION|PROJECTION|HASH_JOIN|SEQ_SCAN|SEQ_SCAN,420671488,0
mask_fragment-n150000-w1024-m1000-s909,mask_fragment,1024,1.0,150000,909,150000,early_mask_fragment,15,2103.9397999993525,2667.209599982016,1780.7375999982469,2667.209599982016,153600000,69.62384332481618,sha256:1a43e0ddf8cc02438cc76d27ba1cce86da34109d2e43dcc8ed7c9d581b95b39d,EXPLAIN_ANALYZE|BATCH_CREATE_TABLE_AS|CTE|PROJECTION|SEQ_SCAN|PROJECTION|ORDER_BY|PROJECTION|HASH_JOIN|CTE_SCAN|SEQ_SCAN,420671488,0
mask_fragment-n150000-w1024-m1000-s909,mask_fragment,1024,1.0,150000,909,150000,late_mask_fragment,15,2072.7288000052795,2917.321000015363,1836.065600044094,2917.321000015363,153600000,70.67223410975275,sha256:92b825cb6ca6efd8c921ae328d9dcd567e5fc1cecda65d185180a168e33b45c9,EXPLAIN_ANALYZE|BATCH_CREATE_TABLE_AS|PROJECTION|ORDER_BY|PROJECTION|PROJECTION|HASH_JOIN|SEQ_SCAN|SEQ_SCAN,420671488,0
mask_fragment-n150000-w2048-m0100-s707,mask_fragment,2048,0.1,150000,707,15000,early_mask_fragment,15,3829.3103000032715,5296.15480004577,3482.985499955248,5296.15480004577,307200000,76.50692345296481,sha256:1a43e0ddf8cc02438cc76d27ba1cce86da34109d2e43dcc8ed7c9d581b95b39d,EXPLAIN_ANALYZE|BATCH_CREATE_TABLE_AS|CTE|PROJECTION|SEQ_SCAN|PROJECTION|ORDER_BY|PROJECTION|HASH_JOIN|CTE_SCAN|SEQ_SCAN,688328704,0
mask_fragment-n150000-w2048-m0100-s707,mask_fragment,2048,0.1,150000,707,15000,late_mask_fragment,15,466.274100006558,606.005500012543,388.7838000082411,606.005500012543,307200000,628.3187292536289,sha256:18bd7fb3b6d02ff88c53bf4a74124c631590d7e276f031a9034dc7f9cb857902,EXPLAIN_ANALYZE|BATCH_CREATE_TABLE_AS|PROJECTION|ORDER_BY|PROJECTION|PROJECTION|HASH_JOIN|SEQ_SCAN|SEQ_SCAN,688328704,0
mask_fragment-n150000-w2048-m0100-s808,mask_fragment,2048,0.1,150000,808,15000,early_mask_fragment,15,3699.445399979595,4587.04700000817,3102.931000001263,4587.04700000817,307200000,79.1926135743525,sha256:1a43e0ddf8cc02438cc76d27ba1cce86da34109d2e43dcc8ed7c9d581b95b39d,EXPLAIN_ANALYZE|BATCH_CREATE_TABLE_AS|CTE|PROJECTION|SEQ_SCAN|PROJECTION|ORDER_BY|PROJECTION|HASH_JOIN|CTE_SCAN|SEQ_SCAN,688328704,0
mask_fragment-n150000-w2048-m0100-s808,mask_fragment,2048,0.1,150000,808,15000,late_mask_fragment,15,448.95990000804886,515.3063999605365,369.89259999245405,515.3063999605365,307200000,652.5499270530569,sha256:18bd7fb3b6d02ff88c53bf4a74124c631590d7e276f031a9034dc7f9cb857902,EXPLAIN_ANALYZE|BATCH_CREATE_TABLE_AS|PROJECTION|ORDER_BY|PROJECTION|PROJECTION|HASH_JOIN|SEQ_SCAN|SEQ_SCAN,688328704,0
mask_fragment-n150000-w2048-m0100-s909,mask_fragment,2048,0.1,150000,909,15000,early_mask_fragment,15,3712.298099999316,4654.979399987496,3130.22930000443,4654.979399987496,307200000,78.91843330147813,sha256:1a43e0ddf8cc02438cc76d27ba1cce86da34109d2e43dcc8ed7c9d581b95b39d,EXPLAIN_ANALYZE|BATCH_CREATE_TABLE_AS|CTE|PROJECTION|SEQ_SCAN|PROJECTION|ORDER_BY|PROJECTION|HASH_JOIN|CTE_SCAN|SEQ_SCAN,688328704,0
mask_fragment-n150000-w2048-m0100-s909,mask_fragment,2048,0.1,150000,909,15000,late_mask_fragment,15,428.19669999880716,669.8624999844469,379.6959000173956,669.8624999844469,307200000,684.1919846668975,sha256:18bd7fb3b6d02ff88c53bf4a74124c631590d7e276f031a9034dc7f9cb857902,EXPLAIN_ANALYZE|BATCH_CREATE_TABLE_AS|PROJECTION|ORDER_BY|PROJECTION|PROJECTION|HASH_JOIN|SEQ_SCAN|SEQ_SCAN,688328704,0
mask_fragment-n150000-w2048-m0500-s707,mask_fragment,2048,0.5,150000,707,75000,early_mask_fragment,15,3806.771000032313,4538.45170000568,3279.6605000039563,4538.45170000568,307200000,76.95990906663762,sha256:1a43e0ddf8cc02438cc76d27ba1cce86da34109d2e43dcc8ed7c9d581b95b39d,EXPLAIN_ANALYZE|BATCH_CREATE_TABLE_AS|CTE|PROJECTION|SEQ_SCAN|PROJECTION|ORDER_BY|PROJECTION|HASH_JOIN|CTE_SCAN|SEQ_SCAN,696991232,0
mask_fragment-n150000-w2048-m0500-s707,mask_fragment,2048,0.5,150000,707,75000,late_mask_fragment,15,2269.684700004291,3183.9150000014342,1902.0219999947585,3183.9150000014342,307200000,129.07905225754314,sha256:18bd7fb3b6d02ff88c53bf4a74124c631590d7e276f031a9034dc7f9cb857902,EXPLAIN_ANALYZE|BATCH_CREATE_TABLE_AS|PROJECTION|ORDER_BY|PROJECTION|PROJECTION|HASH_JOIN|SEQ_SCAN|SEQ_SCAN,696991232,0
mask_fragment-n150000-w2048-m0500-s808,mask_fragment,2048,0.5,150000,808,75000,early_mask_fragment,15,3957.399800012354,4534.508800017647,3312.0323000475764,4534.508800017647,307200000,74.030617275284,sha256:1a43e0ddf8cc02438cc76d27ba1cce86da34109d2e43dcc8ed7c9d581b95b39d,EXPLAIN_ANALYZE|BATCH_CREATE_TABLE_AS|CTE|PROJECTION|SEQ_SCAN|PROJECTION|ORDER_BY|PROJECTION|HASH_JOIN|CTE_SCAN|SEQ_SCAN,697060864,0
mask_fragment-n150000-w2048-m0500-s808,mask_fragment,2048,0.5,150000,808,75000,late_mask_fragment,15,2248.2038000016473,2926.7014000215568,1903.0925999977626,2926.7014000215568,307200000,130.31236314064824,sha256:18bd7fb3b6d02ff88c53bf4a74124c631590d7e276f031a9034dc7f9cb857902,EXPLAIN_ANALYZE|BATCH_CREATE_TABLE_AS|PROJECTION|ORDER_BY|PROJECTION|PROJECTION|HASH_JOIN|SEQ_SCAN|SEQ_SCAN,697060864,0
mask_fragment-n150000-w2048-m0500-s909,mask_fragment,2048,0.5,150000,909,75000,early_mask_fragment,15,3799.2290999973193,4472.224899975117,3198.8127999939024,4472.224899975117,307200000,77.11268320202294,sha256:1a43e0ddf8cc02438cc76d27ba1cce86da34109d2e43dcc8ed7c9d581b95b39d,EXPLAIN_ANALYZE|BATCH_CREATE_TABLE_AS|CTE|PROJECTION|SEQ_SCAN|PROJECTION|ORDER_BY|PROJECTION|HASH_JOIN|CTE_SCAN|SEQ_SCAN,697093632,0
mask_fragment-n150000-w2048-m0500-s909,mask_fragment,2048,0.5,150000,909,75000,late_mask_fragment,15,2298.827300022822,3041.1891999538057,1928.4929999848828,3041.1891999538057,307200000,127.44269654231596,sha256:18bd7fb3b6d02ff88c53bf4a74124c631590d7e276f031a9034dc7f9cb857902,EXPLAIN_ANALYZE|BATCH_CREATE_TABLE_AS|PROJECTION|ORDER_BY|PROJECTION|PROJECTION|HASH_JOIN|SEQ_SCAN|SEQ_SCAN,697093632,0
mask_fragment-n150000-w2048-m1000-s707,mask_fragment,2048,1.0,150000,707,150000,early_mask_fragment,15,3858.8593000313267,4857.9352000379,3318.338799988851,4857.9352000379,307200000,75.92107595050736,sha256:1a43e0ddf8cc02438cc76d27ba1cce86da34109d2e43dcc8ed7c9d581b95b39d,EXPLAIN_ANALYZE|BATCH_CREATE_TABLE_AS|CTE|PROJECTION|SEQ_SCAN|PROJECTION|ORDER_BY|PROJECTION|HASH_JOIN|CTE_SCAN|SEQ_SCAN,730148864,0
mask_fragment-n150000-w2048-m1000-s707,mask_fragment,2048,1.0,150000,707,150000,late_mask_fragment,15,3845.130799978506,4755.141799978446,3245.3401000238955,4755.141799978446,307200000,76.19214150052781,sha256:92b825cb6ca6efd8c921ae328d9dcd567e5fc1cecda65d185180a168e33b45c9,EXPLAIN_ANALYZE|BATCH_CREATE_TABLE_AS|PROJECTION|ORDER_BY|PROJECTION|PROJECTION|HASH_JOIN|SEQ_SCAN|SEQ_SCAN,730148864,0
mask_fragment-n150000-w2048-m1000-s808,mask_fragment,2048,1.0,150000,808,150000,early_mask_fragment,15,3855.869899969548,4967.488299997058,3634.141299990006,4967.488299997058,307200000,75.97993646059317,sha256:1a43e0ddf8cc02438cc76d27ba1cce86da34109d2e43dcc8ed7c9d581b95b39d,EXPLAIN_ANALYZE|BATCH_CREATE_TABLE_AS|CTE|PROJECTION|SEQ_SCAN|PROJECTION|ORDER_BY|PROJECTION|HASH_JOIN|CTE_SCAN|SEQ_SCAN,730148864,0
mask_fragment-n150000-w2048-m1000-s808,mask_fragment,2048,1.0,150000,808,150000,late_mask_fragment,15,3830.658900027629,4582.223400007933,3242.583800049033,4582.223400007933,307200000,76.47998885985044,sha256:92b825cb6ca6efd8c921ae328d9dcd567e5fc1cecda65d185180a168e33b45c9,EXPLAIN_ANALYZE|BATCH_CREATE_TABLE_AS|PROJECTION|ORDER_BY|PROJECTION|PROJECTION|HASH_JOIN|SEQ_SCAN|SEQ_SCAN,730148864,0
mask_fragment-n150000-w2048-m1000-s909,mask_fragment,2048,1.0,150000,909,150000,early_mask_fragment,15,3810.52020000061,4584.971900039818,3319.457000005059,4584.971900039818,307200000,76.88418762350429,sha256:1a43e0ddf8cc02438cc76d27ba1cce86da34109d2e43dcc8ed7c9d581b95b39d,EXPLAIN_ANALYZE|BATCH_CREATE_TABLE_AS|CTE|PROJECTION|SEQ_SCAN|PROJECTION|ORDER_BY|PROJECTION|HASH_JOIN|CTE_SCAN|SEQ_SCAN,730148864,0
mask_fragment-n150000-w2048-m1000-s909,mask_fragment,2048,1.0,150000,909,150000,late_mask_fragment,15,3877.778700029012,4810.388999991119,3198.0058000190184,4810.388999991119,307200000,75.55066254755799,sha256:92b825cb6ca6efd8c921ae328d9dcd567e5fc1cecda65d185180a168e33b45c9,EXPLAIN_ANALYZE|BATCH_CREATE_TABLE_AS|PROJECTION|ORDER_BY|PROJECTION|PROJECTION|HASH_JOIN|SEQ_SCAN|SEQ_SCAN,730148864,0
mask_fragment-n150000-w256-m0100-s707,mask_fragment,256,0.1,150000,707,15000,early_mask_fragment,15,649.8756000073627,1805.0492000184022,579.1743000154383,1805.0492000184022,38400000,56.35092893099096,sha256:1a43e0ddf8cc02438cc76d27ba1cce86da34109d2e43dcc8ed7c9d581b95b39d,EXPLAIN_ANALYZE|BATCH_CREATE_TABLE_AS|CTE|PROJECTION|SEQ_SCAN|PROJECTION|ORDER_BY|PROJECTION|HASH_JOIN|CTE_SCAN|SEQ_SCAN,249065472,0
mask_fragment-n150000-w256-m0100-s707,mask_fragment,256,0.1,150000,707,15000,late_mask_fragment,15,95.90239997487515,203.27050000196323,79.82530002482235,203.27050000196323,38400000,381.8579489104978,sha256:18bd7fb3b6d02ff88c53bf4a74124c631590d7e276f031a9034dc7f9cb857902,EXPLAIN_ANALYZE|BATCH_CREATE_TABLE_AS|PROJECTION|ORDER_BY|PROJECTION|PROJECTION|HASH_JOIN|SEQ_SCAN|SEQ_SCAN,249065472,0
mask_fragment-n150000-w256-m0100-s808,mask_fragment,256,0.1,150000,808,15000,early_mask_fragment,15,729.4234000146389,900.7376999943517,628.0002000275999,900.7376999943517,38400000,50.20553734534023,sha256:1a43e0ddf8cc02438cc76d27ba1cce86da34109d2e43dcc8ed7c9d581b95b39d,EXPLAIN_ANALYZE|BATCH_CREATE_TABLE_AS|CTE|PROJECTION|SEQ_SCAN|PROJECTION|ORDER_BY|PROJECTION|HASH_JOIN|CTE_SCAN|SEQ_SCAN,249065472,0
mask_fragment-n150000-w256-m0100-s808,mask_fragment,256,0.1,150000,808,15000,late_mask_fragment,15,100.28709995094687,263.36459995945916,85.21509997081012,263.36459995945916,38400000,365.1625559809025,sha256:18bd7fb3b6d02ff88c53bf4a74124c631590d7e276f031a9034dc7f9cb857902,EXPLAIN_ANALYZE|BATCH_CREATE_TABLE_AS|PROJECTION|ORDER_BY|PROJECTION|PROJECTION|HASH_JOIN|SEQ_SCAN|SEQ_SCAN,249065472,0
mask_fragment-n150000-w256-m0100-s909,mask_fragment,256,0.1,150000,909,15000,early_mask_fragment,15,702.2063999902457,1723.9873000071384,588.8099999865517,1723.9873000071384,38400000,52.15146679168504,sha256:1a43e0ddf8cc02438cc76d27ba1cce86da34109d2e43dcc8ed7c9d581b95b39d,EXPLAIN_ANALYZE|BATCH_CREATE_TABLE_AS|CTE|PROJECTION|SEQ_SCAN|PROJECTION|ORDER_BY|PROJECTION|HASH_JOIN|CTE_SCAN|SEQ_SCAN,249065472,0
mask_fragment-n150000-w256-m0100-s909,mask_fragment,256,0.1,150000,909,15000,late_mask_fragment,15,218.6513000051491,247.8028999757953,93.01399998366833,247.8028999757953,38400000,167.4862840931547,sha256:18bd7fb3b6d02ff88c53bf4a74124c631590d7e276f031a9034dc7f9cb857902,EXPLAIN_ANALYZE|BATCH_CREATE_TABLE_AS|PROJECTION|ORDER_BY|PROJECTION|PROJECTION|HASH_JOIN|SEQ_SCAN|SEQ_SCAN,249065472,0
mask_fragment-n150000-w256-m0500-s707,mask_fragment,256,0.5,150000,707,75000,early_mask_fragment,15,751.6691999626346,877.1766000427306,639.521400036756,877.1766000427306,38400000,48.7196944504583,sha256:1a43e0ddf8cc02438cc76d27ba1cce86da34109d2e43dcc8ed7c9d581b95b39d,EXPLAIN_ANALYZE|BATCH_CREATE_TABLE_AS|CTE|PROJECTION|SEQ_SCAN|PROJECTION|ORDER_BY|PROJECTION|HASH_JOIN|CTE_SCAN|SEQ_SCAN,249065472,0
mask_fragment-n150000-w256-m0500-s707,mask_fragment,256,0.5,150000,707,75000,late_mask_fragment,15,503.253799979575,724.9739000108093,444.28830000106245,724.9739000108093,38400000,72.76863831229153,sha256:18bd7fb3b6d02ff88c53bf4a74124c631590d7e276f031a9034dc7f9cb857902,EXPLAIN_ANALYZE|BATCH_CREATE_TABLE_AS|PROJECTION|ORDER_BY|PROJECTION|PROJECTION|HASH_JOIN|SEQ_SCAN|SEQ_SCAN,249065472,0
mask_fragment-n150000-w256-m0500-s808,mask_fragment,256,0.5,150000,808,75000,early_mask_fragment,15,752.380300022196,823.6336000263691,642.1747000422329,823.6336000263691,38400000,48.673647820018196,sha256:1a43e0ddf8cc02438cc76d27ba1cce86da34109d2e43dcc8ed7c9d581b95b39d,EXPLAIN_ANALYZE|BATCH_CREATE_TABLE_AS|CTE|PROJECTION|SEQ_SCAN|PROJECTION|ORDER_BY|PROJECTION|HASH_JOIN|CTE_SCAN|SEQ_SCAN,249065472,0
mask_fragment-n150000-w256-m0500-s808,mask_fragment,256,0.5,150000,808,75000,late_mask_fragment,15,450.35050000296906,531.9311999483034,414.33699999470264,531.9311999483034,38400000,81.31687152508671,sha256:18bd7fb3b6d02ff88c53bf4a74124c631590d7e276f031a9034dc7f9cb857902,EXPLAIN_ANALYZE|BATCH_CREATE_TABLE_AS|PROJECTION|ORDER_BY|PROJECTION|PROJECTION|HASH_JOIN|SEQ_SCAN|SEQ_SCAN,249065472,0
mask_fragment-n150000-w256-m0500-s909,mask_fragment,256,0.5,150000,909,75000,early_mask_fragment,15,724.9281000113115,826.0393999516964,645.9614999475889,826.0393999516964,38400000,50.51686332676107,sha256:1a43e0ddf8cc02438cc76d27ba1cce86da34109d2e43dcc8ed7c9d581b95b39d,EXPLAIN_ANALYZE|BATCH_CREATE_TABLE_AS|CTE|PROJECTION|SEQ_SCAN|PROJECTION|ORDER_BY|PROJECTION|HASH_JOIN|CTE_SCAN|SEQ_SCAN,249065472,0
mask_fragment-n150000-w256-m0500-s909,mask_fragment,256,0.5,150000,909,75000,late_mask_fragment,15,469.3688999977894,506.3887999858707,412.8976999782026,506.3887999858707,38400000,78.02198601179686,sha256:18bd7fb3b6d02ff88c53bf4a74124c631590d7e276f031a9034dc7f9cb857902,EXPLAIN_ANALYZE|BATCH_CREATE_TABLE_AS|PROJECTION|ORDER_BY|PROJECTION|PROJECTION|HASH_JOIN|SEQ_SCAN|SEQ_SCAN,249065472,0
mask_fragment-n150000-w256-m1000-s707,mask_fragment,256,1.0,150000,707,150000,early_mask_fragment,15,782.5340999988839,942.3245000070892,687.9327999777161,942.3245000070892,38400000,46.798080428766276,sha256:1a43e0ddf8cc02438cc76d27ba1cce86da34109d2e43dcc8ed7c9d581b95b39d,EXPLAIN_ANALYZE|BATCH_CREATE_TABLE_AS|CTE|PROJECTION|SEQ_SCAN|PROJECTION|ORDER_BY|PROJECTION|HASH_JOIN|CTE_SCAN|SEQ_SCAN,249065472,0
mask_fragment-n150000-w256-m1000-s707,mask_fragment,256,1.0,150000,707,150000,late_mask_fragment,15,825.1438000006601,1063.8738000416197,712.6364000141621,1063.8738000416197,38400000,44.38146872093168,sha256:92b825cb6ca6efd8c921ae328d9dcd567e5fc1cecda65d185180a168e33b45c9,EXPLAIN_ANALYZE|BATCH_CREATE_TABLE_AS|PROJECTION|ORDER_BY|PROJECTION|PROJECTION|HASH_JOIN|SEQ_SCAN|SEQ_SCAN,249065472,0
mask_fragment-n150000-w256-m1000-s808,mask_fragment,256,1.0,150000,808,150000,early_mask_fragment,15,749.030800012406,991.5859999600798,668.4813000028953,991.5859999600798,38400000,48.891305603712766,sha256:1a43e0ddf8cc02438cc76d27ba1cce86da34109d2e43dcc8ed7c9d581b95b39d,EXPLAIN_ANALYZE|BATCH_CREATE_TABLE_AS|CTE|PROJECTION|SEQ_SCAN|PROJECTION|ORDER_BY|PROJECTION|HASH_JOIN|CTE_SCAN|SEQ_SCAN,249065472,0
mask_fragment-n150000-w256-m1000-s808,mask_fragment,256,1.0,150000,808,150000,late_mask_fragment,15,811.1437999759801,1051.3532000477426,709.4647999620065,1051.3532000477426,38400000,45.147474160666015,sha256:92b825cb6ca6efd8c921ae328d9dcd567e5fc1cecda65d185180a168e33b45c9,EXPLAIN_ANALYZE|BATCH_CREATE_TABLE_AS|PROJECTION|ORDER_BY|PROJECTION|PROJECTION|HASH_JOIN|SEQ_SCAN|SEQ_SCAN,249065472,0
mask_fragment-n150000-w256-m1000-s909,mask_fragment,256,1.0,150000,909,150000,early_mask_fragment,15,795.6539000151679,1020.3135999618098,717.6320999860764,1020.3135999618098,38400000,46.02641141996775,sha256:1a43e0ddf8cc02438cc76d27ba1cce86da34109d2e43dcc8ed7c9d581b95b39d,EXPLAIN_ANALYZE|BATCH_CREATE_TABLE_AS|CTE|PROJECTION|SEQ_SCAN|PROJECTION|ORDER_BY|PROJECTION|HASH_JOIN|CTE_SCAN|SEQ_SCAN,249065472,0
mask_fragment-n150000-w256-m1000-s909,mask_fragment,256,1.0,150000,909,150000,late_mask_fragment,15,848.3149000094272,1122.7769000106491,732.3784999898635,1122.7769000106491,38400000,43.16922141718015,sha256:92b825cb6ca6efd8c921ae328d9dcd567e5fc1cecda65d185180a168e33b45c9,EXPLAIN_ANALYZE|BATCH_CREATE_TABLE_AS|PROJECTION|ORDER_BY|PROJECTION|PROJECTION|HASH_JOIN|SEQ_SCAN|SEQ_SCAN,249065472,0
mask_fragment-n150000-w512-m0100-s707,mask_fragment,512,0.1,150000,707,15000,early_mask_fragment,15,1135.68349997513,1574.3173999944702,944.1398000344634,1574.3173999944702,76800000,64.4917245884121,sha256:1a43e0ddf8cc02438cc76d27ba1cce86da34109d2e43dcc8ed7c9d581b95b39d,EXPLAIN_ANALYZE|BATCH_CREATE_TABLE_AS|CTE|PROJECTION|SEQ_SCAN|PROJECTION|ORDER_BY|PROJECTION|HASH_JOIN|CTE_SCAN|SEQ_SCAN,249065472,0
mask_fragment-n150000-w512-m0100-s707,mask_fragment,512,0.1,150000,707,15000,late_mask_fragment,15,145.41130000725389,376.3113999739289,124.81559999287128,376.3113999739289,76800000,503.6897923087566,sha256:18bd7fb3b6d02ff88c53bf4a74124c631590d7e276f031a9034dc7f9cb857902,EXPLAIN_ANALYZE|BATCH_CREATE_TABLE_AS|PROJECTION|ORDER_BY|PROJECTION|PROJECTION|HASH_JOIN|SEQ_SCAN|SEQ_SCAN,249065472,0
mask_fragment-n150000-w512-m0100-s808,mask_fragment,512,0.1,150000,808,15000,early_mask_fragment,15,1092.4619000288658,1175.5947000347078,976.1297000222839,1175.5947000347078,76800000,67.04324196392089,sha256:1a43e0ddf8cc02438cc76d27ba1cce86da34109d2e43dcc8ed7c9d581b95b39d,EXPLAIN_ANALYZE|BATCH_CREATE_TABLE_AS|CTE|PROJECTION|SEQ_SCAN|PROJECTION|ORDER_BY|PROJECTION|HASH_JOIN|CTE_SCAN|SEQ_SCAN,249065472,0
mask_fragment-n150000-w512-m0100-s808,mask_fragment,512,0.1,150000,808,15000,late_mask_fragment,15,132.96150002861395,159.60110002197325,122.69749998813495,159.60110002197325,76800000,550.8525963097433,sha256:18bd7fb3b6d02ff88c53bf4a74124c631590d7e276f031a9034dc7f9cb857902,EXPLAIN_ANALYZE|BATCH_CREATE_TABLE_AS|PROJECTION|ORDER_BY|PROJECTION|PROJECTION|HASH_JOIN|SEQ_SCAN|SEQ_SCAN,249065472,0
mask_fragment-n150000-w512-m0100-s909,mask_fragment,512,0.1,150000,909,15000,early_mask_fragment,15,1167.6768000470474,1501.2169999536127,937.6373999984935,1501.2169999536127,76800000,62.7247090094185,sha256:1a43e0ddf8cc02438cc76d27ba1cce86da34109d2e43dcc8ed7c9d581b95b39d,EXPLAIN_ANALYZE|BATCH_CREATE_TABLE_AS|CTE|PROJECTION|SEQ_SCAN|PROJECTION|ORDER_BY|PROJECTION|HASH_JOIN|CTE_SCAN|SEQ_SCAN,249065472,0
mask_fragment-n150000-w512-m0100-s909,mask_fragment,512,0.1,150000,909,15000,late_mask_fragment,15,152.75059995474294,195.31080004526302,117.2002999810502,195.31080004526302,76800000,479.4887059147411,sha256:18bd7fb3b6d02ff88c53bf4a74124c631590d7e276f031a9034dc7f9cb857902,EXPLAIN_ANALYZE|BATCH_CREATE_TABLE_AS|PROJECTION|ORDER_BY|PROJECTION|PROJECTION|HASH_JOIN|SEQ_SCAN|SEQ_SCAN,249065472,0
mask_fragment-n150000-w512-m0500-s707,mask_fragment,512,0.5,150000,707,75000,early_mask_fragment,15,1183.2649999996647,1280.4498000186868,1027.020099980291,1280.4498000186868,76800000,61.89838075158207,sha256:1a43e0ddf8cc02438cc76d27ba1cce86da34109d2e43dcc8ed7c9d581b95b39d,EXPLAIN_ANALYZE|BATCH_CREATE_TABLE_AS|CTE|PROJECTION|SEQ_SCAN|PROJECTION|ORDER_BY|PROJECTION|HASH_JOIN|CTE_SCAN|SEQ_SCAN,249065472,0
mask_fragment-n150000-w512-m0500-s707,mask_fragment,512,0.5,150000,707,75000,late_mask_fragment,15,719.7296000085771,952.9876000015065,641.3031999836676,952.9876000015065,76800000,101.76347825506573,sha256:18bd7fb3b6d02ff88c53bf4a74124c631590d7e276f031a9034dc7f9cb857902,EXPLAIN_ANALYZE|BATCH_CREATE_TABLE_AS|PROJECTION|ORDER_BY|PROJECTION|PROJECTION|HASH_JOIN|SEQ_SCAN|SEQ_SCAN,249065472,0
mask_fragment-n150000-w512-m0500-s808,mask_fragment,512,0.5,150000,808,75000,early_mask_fragment,15,1164.2859000130557,1393.333200016059,979.704600002151,1393.333200016059,76800000,62.90739027173541,sha256:1a43e0ddf8cc02438cc76d27ba1cce86da34109d2e43dcc8ed7c9d581b95b39d,EXPLAIN_ANALYZE|BATCH_CREATE_TABLE_AS|CTE|PROJECTION|SEQ_SCAN|PROJECTION|ORDER_BY|PROJECTION|HASH_JOIN|CTE_SCAN|SEQ_SCAN,249065472,0
mask_fragment-n150000-w512-m0500-s808,mask_fragment,512,0.5,150000,808,75000,late_mask_fragment,15,737.9867999698035,913.6914000264369,602.3846000316553,913.6914000264369,76800000,99.24593163861044,sha256:18bd7fb3b6d02ff88c53bf4a74124c631590d7e276f031a9034dc7f9cb857902,EXPLAIN_ANALYZE|BATCH_CREATE_TABLE_AS|PROJECTION|ORDER_BY|PROJECTION|PROJECTION|HASH_JOIN|SEQ_SCAN|SEQ_SCAN,249065472,0
mask_fragment-n150000-w512-m0500-s909,mask_fragment,512,0.5,150000,909,75000,early_mask_fragment,15,1177.333700004965,1302.7832999941893,1000.1365999924019,1302.7832999941893,76800000,62.210219158502916,sha256:1a43e0ddf8cc02438cc76d27ba1cce86da34109d2e43dcc8ed7c9d581b95b39d,EXPLAIN_ANALYZE|BATCH_CREATE_TABLE_AS|CTE|PROJECTION|SEQ_SCAN|PROJECTION|ORDER_BY|PROJECTION|HASH_JOIN|CTE_SCAN|SEQ_SCAN,249065472,0
mask_fragment-n150000-w512-m0500-s909,mask_fragment,512,0.5,150000,909,75000,late_mask_fragment,15,726.346299983561,938.8216999941505,628.4134000306949,938.8216999941505,76800000,100.83645707516875,sha256:18bd7fb3b6d02ff88c53bf4a74124c631590d7e276f031a9034dc7f9cb857902,EXPLAIN_ANALYZE|BATCH_CREATE_TABLE_AS|PROJECTION|ORDER_BY|PROJECTION|PROJECTION|HASH_JOIN|SEQ_SCAN|SEQ_SCAN,249065472,0
mask_fragment-n150000-w512-m1000-s707,mask_fragment,512,1.0,150000,707,150000,early_mask_fragment,15,1253.9734999882057,1847.3354000016116,1066.1071999929845,1847.3354000016116,76800000,58.408082388255316,sha256:1a43e0ddf8cc02438cc76d27ba1cce86da34109d2e43dcc8ed7c9d581b95b39d,EXPLAIN_ANALYZE|BATCH_CREATE_TABLE_AS|CTE|PROJECTION|SEQ_SCAN|PROJECTION|ORDER_BY|PROJECTION|HASH_JOIN|CTE_SCAN|SEQ_SCAN,265576448,0
mask_fragment-n150000-w512-m1000-s707,mask_fragment,512,1.0,150000,707,150000,late_mask_fragment,15,1233.4707000409253,1597.4086000351235,1079.3551999959163,1597.4086000351235,76800000,59.37894389998068,sha256:92b825cb6ca6efd8c921ae328d9dcd567e5fc1cecda65d185180a168e33b45c9,EXPLAIN_ANALYZE|BATCH_CREATE_TABLE_AS|PROJECTION|ORDER_BY|PROJECTION|PROJECTION|HASH_JOIN|SEQ_SCAN|SEQ_SCAN,265576448,0
mask_fragment-n150000-w512-m1000-s808,mask_fragment,512,1.0,150000,808,150000,early_mask_fragment,15,1292.2383999684826,1708.6601000046358,1078.4922000020742,1708.6601000046358,76800000,56.67854128292919,sha256:1a43e0ddf8cc02438cc76d27ba1cce86da34109d2e43dcc8ed7c9d581b95b39d,EXPLAIN_ANALYZE|BATCH_CREATE_TABLE_AS|CTE|PROJECTION|SEQ_SCAN|PROJECTION|ORDER_BY|PROJECTION|HASH_JOIN|CTE_SCAN|SEQ_SCAN,265576448,0
mask_fragment-n150000-w512-m1000-s808,mask_fragment,512,1.0,150000,808,150000,late_mask_fragment,15,1278.6020999774337,1499.921099981293,1053.7672000355087,1499.921099981293,76800000,57.28301830670595,sha256:92b825cb6ca6efd8c921ae328d9dcd567e5fc1cecda65d185180a168e33b45c9,EXPLAIN_ANALYZE|BATCH_CREATE_TABLE_AS|PROJECTION|ORDER_BY|PROJECTION|PROJECTION|HASH_JOIN|SEQ_SCAN|SEQ_SCAN,265576448,0
mask_fragment-n150000-w512-m1000-s909,mask_fragment,512,1.0,150000,909,150000,early_mask_fragment,15,1366.3657999713905,1670.1548999990337,1035.922200011555,1670.1548999990337,76800000,53.603645159688256,sha256:1a43e0ddf8cc02438cc76d27ba1cce86da34109d2e43dcc8ed7c9d581b95b39d,EXPLAIN_ANALYZE|BATCH_CREATE_TABLE_AS|CTE|PROJECTION|SEQ_SCAN|PROJECTION|ORDER_BY|PROJECTION|HASH_JOIN|CTE_SCAN|SEQ_SCAN,265576448,0
mask_fragment-n150000-w512-m1000-s909,mask_fragment,512,1.0,150000,909,150000,late_mask_fragment,15,1315.9431000240147,1590.671400015708,1073.866899998393,1590.671400015708,76800000,55.65756414442494,sha256:92b825cb6ca6efd8c921ae328d9dcd567e5fc1cecda65d185180a168e33b45c9,EXPLAIN_ANALYZE|BATCH_CREATE_TABLE_AS|PROJECTION|ORDER_BY|PROJECTION|PROJECTION|HASH_JOIN|SEQ_SCAN|SEQ_SCAN,265576448,0
mask_fragment-n50000-w1024-m0100-s707,mask_fragment,1024,0.1,50000,707,5000,early_mask_fragment,15,853.275700006634,1342.1934000216424,648.9284000126645,1342.1934000216424,51200000,57.2243238611159,sha256:1a43e0ddf8cc02438cc76d27ba1cce86da34109d2e43dcc8ed7c9d581b95b39d,EXPLAIN_ANALYZE|BATCH_CREATE_TABLE_AS|CTE|PROJECTION|SEQ_SCAN|PROJECTION|ORDER_BY|PROJECTION|HASH_JOIN|CTE_SCAN|SEQ_SCAN,135049216,0
mask_fragment-n50000-w1024-m0100-s707,mask_fragment,1024,0.1,50000,707,5000,late_mask_fragment,15,87.86420000251383,180.44779996853322,70.11090003652498,180.44779996853322,51200000,555.7226378730246,sha256:c31a5394c72fa4480e21e21f18941a529737407325437b881b853a480254b8dd,EXPLAIN_ANALYZE|BATCH_CREATE_TABLE_AS|PROJECTION|ORDER_BY|PROJECTION|PROJECTION|HASH_JOIN|SEQ_SCAN|SEQ_SCAN,135049216,0
mask_fragment-n50000-w1024-m0100-s808,mask_fragment,1024,0.1,50000,808,5000,early_mask_fragment,15,934.3696000287309,1141.9853999977931,639.4800000125542,1141.9853999977931,51200000,52.2578270937952,sha256:1a43e0ddf8cc02438cc76d27ba1cce86da34109d2e43dcc8ed7c9d581b95b39d,EXPLAIN_ANALYZE|BATCH_CREATE_TABLE_AS|CTE|PROJECTION|SEQ_SCAN|PROJECTION|ORDER_BY|PROJECTION|HASH_JOIN|CTE_SCAN|SEQ_SCAN,135147520,0
mask_fragment-n50000-w1024-m0100-s808,mask_fragment,1024,0.1,50000,808,5000,late_mask_fragment,15,88.18730001803488,120.64870004542172,70.7778999931179,120.64870004542172,51200000,553.6865851433747,sha256:c31a5394c72fa4480e21e21f18941a529737407325437b881b853a480254b8dd,EXPLAIN_ANALYZE|BATCH_CREATE_TABLE_AS|PROJECTION|ORDER_BY|PROJECTION|PROJECTION|HASH_JOIN|SEQ_SCAN|SEQ_SCAN,135147520,0
mask_fragment-n50000-w1024-m0100-s909,mask_fragment,1024,0.1,50000,909,5000,early_mask_fragment,15,735.4936000192538,757.7813999960199,596.1779999779537,757.7813999960199,51200000,66.38823913453737,sha256:1a43e0ddf8cc02438cc76d27ba1cce86da34109d2e43dcc8ed7c9d581b95b39d,EXPLAIN_ANALYZE|BATCH_CREATE_TABLE_AS|CTE|PROJECTION|SEQ_SCAN|PROJECTION|ORDER_BY|PROJECTION|HASH_JOIN|CTE_SCAN|SEQ_SCAN,135172096,0
mask_fragment-n50000-w1024-m0100-s909,mask_fragment,1024,0.1,50000,909,5000,late_mask_fragment,15,68.68890003534034,81.32890000706539,64.3440000130795,81.32890000706539,51200000,710.8590321708166,sha256:c31a5394c72fa4480e21e21f18941a529737407325437b881b853a480254b8dd,EXPLAIN_ANALYZE|BATCH_CREATE_TABLE_AS|PROJECTION|ORDER_BY|PROJECTION|PROJECTION|HASH_JOIN|SEQ_SCAN|SEQ_SCAN,135172096,0
mask_fragment-n50000-w1024-m0500-s707,mask_fragment,1024,0.5,50000,707,25000,early_mask_fragment,15,747.6486999657936,944.7155000525527,599.676100013312,944.7155000525527,51200000,65.30891447043776,sha256:1a43e0ddf8cc02438cc76d27ba1cce86da34109d2e43dcc8ed7c9d581b95b39d,EXPLAIN_ANALYZE|BATCH_CREATE_TABLE_AS|CTE|PROJECTION|SEQ_SCAN|PROJECTION|ORDER_BY|PROJECTION|HASH_JOIN|CTE_SCAN|SEQ_SCAN,141606912,0
mask_fragment-n50000-w1024-m0500-s707,mask_fragment,1024,0.5,50000,707,25000,late_mask_fragment,15,365.5947999795899,575.9640999604017,318.9847000176087,575.9640999604017,51200000,133.55804022028195,sha256:c31a5394c72fa4480e21e21f18941a529737407325437b881b853a480254b8dd,EXPLAIN_ANALYZE|BATCH_CREATE_TABLE_AS|PROJECTION|ORDER_BY|PROJECTION|PROJECTION|HASH_JOIN|SEQ_SCAN|SEQ_SCAN,141606912,0
mask_fragment-n50000-w1024-m0500-s808,mask_fragment,1024,0.5,50000,808,25000,early_mask_fragment,15,804.4952999916859,1070.3574999934062,640.1256999815814,1070.3574999934062,51200000,60.69410846838337,sha256:1a43e0ddf8cc02438cc76d27ba1cce86da34109d2e43dcc8ed7c9d581b95b39d,EXPLAIN_ANALYZE|BATCH_CREATE_TABLE_AS|CTE|PROJECTION|SEQ_SCAN|PROJECTION|ORDER_BY|PROJECTION|HASH_JOIN|CTE_SCAN|SEQ_SCAN,141721600,0
mask_fragment-n50000-w1024-m0500-s808,mask_fragment,1024,0.5,50000,808,25000,late_mask_fragment,15,377.60200002230704,473.59089995734394,331.6287000197917,473.59089995734394,51200000,129.31108679804518,sha256:c31a5394c72fa4480e21e21f18941a529737407325437b881b853a480254b8dd,EXPLAIN_ANALYZE|BATCH_CREATE_TABLE_AS|PROJECTION|ORDER_BY|PROJECTION|PROJECTION|HASH_JOIN|SEQ_SCAN|SEQ_SCAN,141721600,0
mask_fragment-n50000-w1024-m0500-s909,mask_fragment,1024,0.5,50000,909,25000,early_mask_fragment,15,833.2007999997586,1176.052000024356,672.6096000056714,1176.052000024356,51200000,58.60307023230672,sha256:1a43e0ddf8cc02438cc76d27ba1cce86da34109d2e43dcc8ed7c9d581b95b39d,EXPLAIN_ANALYZE|BATCH_CREATE_TABLE_AS|CTE|PROJECTION|SEQ_SCAN|PROJECTION|ORDER_BY|PROJECTION|HASH_JOIN|CTE_SCAN|SEQ_SCAN,141721600,0
mask_fragment-n50000-w1024-m0500-s909,mask_fragment,1024,0.5,50000,909,25000,late_mask_fragment,15,390.0736000505276,499.1912999539636,325.4282000125386,499.1912999539636,51200000,125.17669740704093,sha256:c31a5394c72fa4480e21e21f18941a529737407325437b881b853a480254b8dd,EXPLAIN_ANALYZE|BATCH_CREATE_TABLE_AS|PROJECTION|ORDER_BY|PROJECTION|PROJECTION|HASH_JOIN|SEQ_SCAN|SEQ_SCAN,141721600,0
mask_fragment-n50000-w1024-m1000-s707,mask_fragment,1024,1.0,50000,707,50000,early_mask_fragment,15,915.7461000140756,1120.3789000282995,734.1948000248522,1120.3789000282995,51200000,53.32059290151438,sha256:1a43e0ddf8cc02438cc76d27ba1cce86da34109d2e43dcc8ed7c9d581b95b39d,EXPLAIN_ANALYZE|BATCH_CREATE_TABLE_AS|CTE|PROJECTION|SEQ_SCAN|PROJECTION|ORDER_BY|PROJECTION|HASH_JOIN|CTE_SCAN|SEQ_SCAN,144281600,0
mask_fragment-n50000-w1024-m1000-s707,mask_fragment,1024,1.0,50000,707,50000,late_mask_fragment,15,889.5467999973334,1406.7403000080958,710.7991999946535,1406.7403000080958,51200000,54.89101304186173,sha256:6520d056e696ffac14dc135144255adbe9a9d7bbb5ae889b1b0e266e1ada2e57,EXPLAIN_ANALYZE|BATCH_CREATE_TABLE_AS|PROJECTION|ORDER_BY|PROJECTION|PROJECTION|HASH_JOIN|SEQ_SCAN|SEQ_SCAN,144281600,0
mask_fragment-n50000-w1024-m1000-s808,mask_fragment,1024,1.0,50000,808,50000,early_mask_fragment,15,942.4228999996558,1374.1625999682583,760.9758999897167,1374.1625999682583,51200000,51.81126753182444,sha256:1a43e0ddf8cc02438cc76d27ba1cce86da34109d2e43dcc8ed7c9d581b95b39d,EXPLAIN_ANALYZE|BATCH_CREATE_TABLE_AS|CTE|PROJECTION|SEQ_SCAN|PROJECTION|ORDER_BY|PROJECTION|HASH_JOIN|CTE_SCAN|SEQ_SCAN,144281600,0
mask_fragment-n50000-w1024-m1000-s808,mask_fragment,1024,1.0,50000,808,50000,late_mask_fragment,15,928.2006000285037,1221.1316999746487,776.344700017944,1221.1316999746487,51200000,52.60514267982649,sha256:6520d056e696ffac14dc135144255adbe9a9d7bbb5ae889b1b0e266e1ada2e57,EXPLAIN_ANALYZE|BATCH_CREATE_TABLE_AS|PROJECTION|ORDER_BY|PROJECTION|PROJECTION|HASH_JOIN|SEQ_SCAN|SEQ_SCAN,144281600,0
mask_fragment-n50000-w1024-m1000-s909,mask_fragment,1024,1.0,50000,909,50000,early_mask_fragment,15,862.7486999612302,1154.1132000274956,722.9616999975406,1154.1132000274956,51200000,56.595999509699894,sha256:1a43e0ddf8cc02438cc76d27ba1cce86da34109d2e43dcc8ed7c9d581b95b39d,EXPLAIN_ANALYZE|BATCH_CREATE_TABLE_AS|CTE|PROJECTION|SEQ_SCAN|PROJECTION|ORDER_BY|PROJECTION|HASH_JOIN|CTE_SCAN|SEQ_SCAN,144543744,0
mask_fragment-n50000-w1024-m1000-s909,mask_fragment,1024,1.0,50000,909,50000,late_mask_fragment,15,901.7353999661282,1046.3097000028938,765.4494000016712,1046.3097000028938,51200000,54.149060801909435,sha256:6520d056e696ffac14dc135144255adbe9a9d7bbb5ae889b1b0e266e1ada2e57,EXPLAIN_ANALYZE|BATCH_CREATE_TABLE_AS|PROJECTION|ORDER_BY|PROJECTION|PROJECTION|HASH_JOIN|SEQ_SCAN|SEQ_SCAN,144543744,0
mask_fragment-n50000-w2048-m0100-s707,mask_fragment,2048,0.1,50000,707,5000,early_mask_fragment,15,1520.1151999644935,1753.3946000039577,1231.9173999712802,1753.3946000039577,102400000,64.24266397854652,sha256:1a43e0ddf8cc02438cc76d27ba1cce86da34109d2e43dcc8ed7c9d581b95b39d,EXPLAIN_ANALYZE|BATCH_CREATE_TABLE_AS|CTE|PROJECTION|SEQ_SCAN|PROJECTION|ORDER_BY|PROJECTION|HASH_JOIN|CTE_SCAN|SEQ_SCAN,238284800,0
mask_fragment-n50000-w2048-m0100-s707,mask_fragment,2048,0.1,50000,707,5000,late_mask_fragment,15,145.6406000070274,166.33410000940785,130.62489998992532,166.33410000940785,102400000,670.5290282743132,sha256:c31a5394c72fa4480e21e21f18941a529737407325437b881b853a480254b8dd,EXPLAIN_ANALYZE|BATCH_CREATE_TABLE_AS|PROJECTION|ORDER_BY|PROJECTION|PROJECTION|HASH_JOIN|SEQ_SCAN|SEQ_SCAN,238284800,0
mask_fragment-n50000-w2048-m0100-s808,mask_fragment,2048,0.1,50000,808,5000,early_mask_fragment,15,1712.7268000040203,3000.9341999539174,1423.0202000471763,3000.9341999539174,102400000,57.017996098251494,sha256:1a43e0ddf8cc02438cc76d27ba1cce86da34109d2e43dcc8ed7c9d581b95b39d,EXPLAIN_ANALYZE|BATCH_CREATE_TABLE_AS|CTE|PROJECTION|SEQ_SCAN|PROJECTION|ORDER_BY|PROJECTION|HASH_JOIN|CTE_SCAN|SEQ_SCAN,238489600,0
mask_fragment-n50000-w2048-m0100-s808,mask_fragment,2048,0.1,50000,808,5000,late_mask_fragment,15,167.86220000358298,213.04220001911744,133.8098999694921,213.04220001911744,102400000,581.7643876817743,sha256:c31a5394c72fa4480e21e21f18941a529737407325437b881b853a480254b8dd,EXPLAIN_ANALYZE|BATCH_CREATE_TABLE_AS|PROJECTION|ORDER_BY|PROJECTION|PROJECTION|HASH_JOIN|SEQ_SCAN|SEQ_SCAN,238489600,0
mask_fragment-n50000-w2048-m0100-s909,mask_fragment,2048,0.1,50000,909,5000,early_mask_fragment,15,1438.4718000073917,1567.062700050883,1217.2231000149623,1567.062700050883,102400000,67.88888735913918,sha256:1a43e0ddf8cc02438cc76d27ba1cce86da34109d2e43dcc8ed7c9d581b95b39d,EXPLAIN_ANALYZE|BATCH_CREATE_TABLE_AS|CTE|PROJECTION|SEQ_SCAN|PROJECTION|ORDER_BY|PROJECTION|HASH_JOIN|CTE_SCAN|SEQ_SCAN,238714880,0
mask_fragment-n50000-w2048-m0100-s909,mask_fragment,2048,0.1,50000,909,5000,late_mask_fragment,15,137.08329998189583,184.619199950248,119.78270002873614,184.619199950248,102400000,712.3861915557706,sha256:c31a5394c72fa4480e21e21f18941a529737407325437b881b853a480254b8dd,EXPLAIN_ANALYZE|BATCH_CREATE_TABLE_AS|PROJECTION|ORDER_BY|PROJECTION|PROJECTION|HASH_JOIN|SEQ_SCAN|SEQ_SCAN,238714880,0
mask_fragment-n50000-w2048-m0500-s707,mask_fragment,2048,0.5,50000,707,25000,early_mask_fragment,15,1444.4567000027746,2194.2866000463255,1303.215999971144,2194.2866000463255,102400000,67.60759945231479,sha256:1a43e0ddf8cc02438cc76d27ba1cce86da34109d2e43dcc8ed7c9d581b95b39d,EXPLAIN_ANALYZE|BATCH_CREATE_TABLE_AS|CTE|PROJECTION|SEQ_SCAN|PROJECTION|ORDER_BY|PROJECTION|HASH_JOIN|CTE_SCAN|SEQ_SCAN,244645888,0
mask_fragment-n50000-w2048-m0500-s707,mask_fragment,2048,0.5,50000,707,25000,late_mask_fragment,15,645.4601000295952,834.6705999574624,556.3186000217684,834.6705999574624,102400000,151.29711347846649,sha256:c31a5394c72fa4480e21e21f18941a529737407325437b881b853a480254b8dd,EXPLAIN_ANALYZE|BATCH_CREATE_TABLE_AS|PROJECTION|ORDER_BY|PROJECTION|PROJECTION|HASH_JOIN|SEQ_SCAN|SEQ_SCAN,244645888,0
mask_fragment-n50000-w2048-m0500-s808,mask_fragment,2048,0.5,50000,808,25000,early_mask_fragment,15,1358.2352000521496,1532.9124000272714,1122.6097999606282,1532.9124000272714,102400000,71.89936617476154,sha256:1a43e0ddf8cc02438cc76d27ba1cce86da34109d2e43dcc8ed7c9d581b95b39d,EXPLAIN_ANALYZE|BATCH_CREATE_TABLE_AS|CTE|PROJECTION|SEQ_SCAN|PROJECTION|ORDER_BY|PROJECTION|HASH_JOIN|CTE_SCAN|SEQ_SCAN,244645888,0
mask_fragment-n50000-w2048-m0500-s808,mask_fragment,2048,0.5,50000,808,25000,late_mask_fragment,15,585.8700000098906,691.8238999787718,559.5692999777384,691.8238999787718,102400000,166.6858688759475,sha256:c31a5394c72fa4480e21e21f18941a529737407325437b881b853a480254b8dd,EXPLAIN_ANALYZE|BATCH_CREATE_TABLE_AS|PROJECTION|ORDER_BY|PROJECTION|PROJECTION|HASH_JOIN|SEQ_SCAN|SEQ_SCAN,244645888,0
mask_fragment-n50000-w2048-m0500-s909,mask_fragment,2048,0.5,50000,909,25000,early_mask_fragment,15,1330.1187999895774,1740.795599995181,1249.786000000313,1740.795599995181,102400000,73.4191938349907,sha256:1a43e0ddf8cc02438cc76d27ba1cce86da34109d2e43dcc8ed7c9d581b95b39d,EXPLAIN_ANALYZE|BATCH_CREATE_TABLE_AS|CTE|PROJECTION|SEQ_SCAN|PROJECTION|ORDER_BY|PROJECTION|HASH_JOIN|CTE_SCAN|SEQ_SCAN,244936704,0
mask_fragment-n50000-w2048-m0500-s909,mask_fragment,2048,0.5,50000,909,25000,late_mask_fragment,15,689.5523000275716,843.6708000372164,561.7505999980494,843.6708000372164,102400000,141.62268764254028,sha256:c31a5394c72fa4480e21e21f18941a529737407325437b881b853a480254b8dd,EXPLAIN_ANALYZE|BATCH_CREATE_TABLE_AS|PROJECTION|ORDER_BY|PROJECTION|PROJECTION|HASH_JOIN|SEQ_SCAN|SEQ_SCAN,244936704,0
mask_fragment-n50000-w2048-m1000-s707,mask_fragment,2048,1.0,50000,707,50000,early_mask_fragment,15,1345.4186000162736,1445.6087999860756,1144.6865000179969,1445.6087999860756,102400000,72.58428714960444,sha256:1a43e0ddf8cc02438cc76d27ba1cce86da34109d2e43dcc8ed7c9d581b95b39d,EXPLAIN_ANALYZE|BATCH_CREATE_TABLE_AS|CTE|PROJECTION|SEQ_SCAN|PROJECTION|ORDER_BY|PROJECTION|HASH_JOIN|CTE_SCAN|SEQ_SCAN,249065472,0
mask_fragment-n50000-w2048-m1000-s707,mask_fragment,2048,1.0,50000,707,50000,late_mask_fragment,15,1189.047300023958,1359.1132000437938,1109.91430003196,1359.1132000437938,102400000,82.12982780250401,sha256:6520d056e696ffac14dc135144255adbe9a9d7bbb5ae889b1b0e266e1ada2e57,EXPLAIN_ANALYZE|BATCH_CREATE_TABLE_AS|PROJECTION|ORDER_BY|PROJECTION|PROJECTION|HASH_JOIN|SEQ_SCAN|SEQ_SCAN,249065472,0
mask_fragment-n50000-w2048-m1000-s808,mask_fragment,2048,1.0,50000,808,50000,early_mask_fragment,15,1340.037299960386,1530.0447999616154,1110.9956000000238,1530.0447999616154,102400000,72.87576995273706,sha256:1a43e0ddf8cc02438cc76d27ba1cce86da34109d2e43dcc8ed7c9d581b95b39d,EXPLAIN_ANALYZE|BATCH_CREATE_TABLE_AS|CTE|PROJECTION|SEQ_SCAN|PROJECTION|ORDER_BY|PROJECTION|HASH_JOIN|CTE_SCAN|SEQ_SCAN,249065472,0
mask_fragment-n50000-w2048-m1000-s808,mask_fragment,2048,1.0,50000,808,50000,late_mask_fragment,15,1160.5920000001788,1351.8687999458052,1093.5316000250168,1351.8687999458052,102400000,84.14348022387277,sha256:6520d056e696ffac14dc135144255adbe9a9d7bbb5ae889b1b0e266e1ada2e57,EXPLAIN_ANALYZE|BATCH_CREATE_TABLE_AS|PROJECTION|ORDER_BY|PROJECTION|PROJECTION|HASH_JOIN|SEQ_SCAN|SEQ_SCAN,249065472,0
mask_fragment-n50000-w2048-m1000-s909,mask_fragment,2048,1.0,50000,909,50000,early_mask_fragment,15,1514.802600024268,2637.4895999906585,1087.317100027576,2637.4895999906585,102400000,64.46797094118764,sha256:1a43e0ddf8cc02438cc76d27ba1cce86da34109d2e43dcc8ed7c9d581b95b39d,EXPLAIN_ANALYZE|BATCH_CREATE_TABLE_AS|CTE|PROJECTION|SEQ_SCAN|PROJECTION|ORDER_BY|PROJECTION|HASH_JOIN|CTE_SCAN|SEQ_SCAN,249065472,0
mask_fragment-n50000-w2048-m1000-s909,mask_fragment,2048,1.0,50000,909,50000,late_mask_fragment,15,1389.5344999618828,2146.5873999986798,1132.3780000093393,2146.5873999986798,102400000,70.27983112522854,sha256:6520d056e696ffac14dc135144255adbe9a9d7bbb5ae889b1b0e266e1ada2e57,EXPLAIN_ANALYZE|BATCH_CREATE_TABLE_AS|PROJECTION|ORDER_BY|PROJECTION|PROJECTION|HASH_JOIN|SEQ_SCAN|SEQ_SCAN,249065472,0
mask_fragment-n50000-w256-m0100-s707,mask_fragment,256,0.1,50000,707,5000,early_mask_fragment,15,245.9853999898769,276.67999995173886,202.21469999523833,276.67999995173886,12800000,49.62502347904534,sha256:1a43e0ddf8cc02438cc76d27ba1cce86da34109d2e43dcc8ed7c9d581b95b39d,EXPLAIN_ANALYZE|BATCH_CREATE_TABLE_AS|CTE|PROJECTION|SEQ_SCAN|PROJECTION|ORDER_BY|PROJECTION|HASH_JOIN|CTE_SCAN|SEQ_SCAN,58695680,0
mask_fragment-n50000-w256-m0100-s707,mask_fragment,256,0.1,50000,707,5000,late_mask_fragment,15,30.179399996995926,40.39270000066608,26.90290001919493,40.39270000066608,12800000,404.482237924382,sha256:c31a5394c72fa4480e21e21f18941a529737407325437b881b853a480254b8dd,EXPLAIN_ANALYZE|BATCH_CREATE_TABLE_AS|PROJECTION|ORDER_BY|PROJECTION|PROJECTION|HASH_JOIN|SEQ_SCAN|SEQ_SCAN,58695680,0
mask_fragment-n50000-w256-m0100-s808,mask_fragment,256,0.1,50000,808,5000,early_mask_fragment,15,245.07050000829622,271.32329996675253,210.6952999602072,271.32329996675253,12800000,49.810284181844665,sha256:1a43e0ddf8cc02438cc76d27ba1cce86da34109d2e43dcc8ed7c9d581b95b39d,EXPLAIN_ANALYZE|BATCH_CREATE_TABLE_AS|CTE|PROJECTION|SEQ_SCAN|PROJECTION|ORDER_BY|PROJECTION|HASH_JOIN|CTE_SCAN|SEQ_SCAN,58695680,0
mask_fragment-n50000-w256-m0100-s808,mask_fragment,256,0.1,50000,808,5000,late_mask_fragment,15,32.01919997809455,49.79640000965446,26.945499994326383,49.79640000965446,12800000,381.24098223413625,sha256:c31a5394c72fa4480e21e21f18941a529737407325437b881b853a480254b8dd,EXPLAIN_ANALYZE|BATCH_CREATE_TABLE_AS|PROJECTION|ORDER_BY|PROJECTION|PROJECTION|HASH_JOIN|SEQ_SCAN|SEQ_SCAN,58695680,0
mask_fragment-n50000-w256-m0100-s909,mask_fragment,256,0.1,50000,909,5000,early_mask_fragment,15,243.58070001471788,280.1760999718681,235.6982000055723,280.1760999718681,12800000,50.114936237815286,sha256:1a43e0ddf8cc02438cc76d27ba1cce86da34109d2e43dcc8ed7c9d581b95b39d,EXPLAIN_ANALYZE|BATCH_CREATE_TABLE_AS|CTE|PROJECTION|SEQ_SCAN|PROJECTION|ORDER_BY|PROJECTION|HASH_JOIN|CTE_SCAN|SEQ_SCAN,58830848,0
mask_fragment-n50000-w256-m0100-s909,mask_fragment,256,0.1,50000,909,5000,late_mask_fragment,15,29.618100030347705,34.173699968960136,24.152000027243048,34.173699968960136,12800000,412.14768123182324,sha256:c31a5394c72fa4480e21e21f18941a529737407325437b881b853a480254b8dd,EXPLAIN_ANALYZE|BATCH_CREATE_TABLE_AS|PROJECTION|ORDER_BY|PROJECTION|PROJECTION|HASH_JOIN|SEQ_SCAN|SEQ_SCAN,58830848,0
mask_fragment-n50000-w256-m0500-s707,mask_fragment,256,0.5,50000,707,25000,early_mask_fragment,15,256.7846999736503,273.3651000307873,216.96099999826401,273.3651000307873,12800000,47.53800071130645,sha256:1a43e0ddf8cc02438cc76d27ba1cce86da34109d2e43dcc8ed7c9d581b95b39d,EXPLAIN_ANALYZE|BATCH_CREATE_TABLE_AS|CTE|PROJECTION|SEQ_SCAN|PROJECTION|ORDER_BY|PROJECTION|HASH_JOIN|CTE_SCAN|SEQ_SCAN,63676416,0
mask_fragment-n50000-w256-m0500-s707,mask_fragment,256,0.5,50000,707,25000,late_mask_fragment,15,131.85990002239123,163.63969998201355,117.66350001562387,163.63969998201355,12800000,92.57576600564019,sha256:c31a5394c72fa4480e21e21f18941a529737407325437b881b853a480254b8dd,EXPLAIN_ANALYZE|BATCH_CREATE_TABLE_AS|PROJECTION|ORDER_BY|PROJECTION|PROJECTION|HASH_JOIN|SEQ_SCAN|SEQ_SCAN,63676416,0
mask_fragment-n50000-w256-m0500-s808,mask_fragment,256,0.5,50000,808,25000,early_mask_fragment,15,260.8315999968909,290.93790001934394,199.25730000250041,290.93790001934394,12800000,46.80043081492238,sha256:1a43e0ddf8cc02438cc76d27ba1cce86da34109d2e43dcc8ed7c9d581b95b39d,EXPLAIN_ANALYZE|BATCH_CREATE_TABLE_AS|CTE|PROJECTION|SEQ_SCAN|PROJECTION|ORDER_BY|PROJECTION|HASH_JOIN|CTE_SCAN|SEQ_SCAN,63688704,0
mask_fragment-n50000-w256-m0500-s808,mask_fragment,256,0.5,50000,808,25000,late_mask_fragment,15,137.95100001152605,169.76409999188036,121.82510003913194,169.76409999188036,12800000,88.4881678928031,sha256:c31a5394c72fa4480e21e21f18941a529737407325437b881b853a480254b8dd,EXPLAIN_ANALYZE|BATCH_CREATE_TABLE_AS|PROJECTION|ORDER_BY|PROJECTION|PROJECTION|HASH_JOIN|SEQ_SCAN|SEQ_SCAN,63688704,0
mask_fragment-n50000-w256-m0500-s909,mask_fragment,256,0.5,50000,909,25000,early_mask_fragment,15,237.80230002012104,363.5503000114113,201.02610002504662,363.5503000114113,12800000,51.33268790489887,sha256:1a43e0ddf8cc02438cc76d27ba1cce86da34109d2e43dcc8ed7c9d581b95b39d,EXPLAIN_ANALYZE|BATCH_CREATE_TABLE_AS|CTE|PROJECTION|SEQ_SCAN|PROJECTION|ORDER_BY|PROJECTION|HASH_JOIN|CTE_SCAN|SEQ_SCAN,63721472,0
mask_fragment-n50000-w256-m0500-s909,mask_fragment,256,0.5,50000,909,25000,late_mask_fragment,15,131.1814000364393,152.8812000178732,108.92420000163838,152.8812000178732,12800000,93.05458888690893,sha256:c31a5394c72fa4480e21e21f18941a529737407325437b881b853a480254b8dd,EXPLAIN_ANALYZE|BATCH_CREATE_TABLE_AS|PROJECTION|ORDER_BY|PROJECTION|PROJECTION|HASH_JOIN|SEQ_SCAN|SEQ_SCAN,63721472,0
mask_fragment-n50000-w256-m1000-s707,mask_fragment,256,1.0,50000,707,50000,early_mask_fragment,15,272.08170003723353,362.2190000023693,253.2595000229776,362.2190000023693,12800000,44.865315264971905,sha256:1a43e0ddf8cc02438cc76d27ba1cce86da34109d2e43dcc8ed7c9d581b95b39d,EXPLAIN_ANALYZE|BATCH_CREATE_TABLE_AS|CTE|PROJECTION|SEQ_SCAN|PROJECTION|ORDER_BY|PROJECTION|HASH_JOIN|CTE_SCAN|SEQ_SCAN,66646016,0
mask_fragment-n50000-w256-m1000-s707,mask_fragment,256,1.0,50000,707,50000,late_mask_fragment,15,261.7047000094317,695.9798000170849,243.21970000164583,695.9798000170849,12800000,46.64429507593889,sha256:6520d056e696ffac14dc135144255adbe9a9d7bbb5ae889b1b0e266e1ada2e57,EXPLAIN_ANALYZE|BATCH_CREATE_TABLE_AS|PROJECTION|ORDER_BY|PROJECTION|PROJECTION|HASH_JOIN|SEQ_SCAN|SEQ_SCAN,66646016,0
mask_fragment-n50000-w256-m1000-s808,mask_fragment,256,1.0,50000,808,50000,early_mask_fragment,15,253.0953999958001,281.58039995469153,215.7526999944821,281.58039995469153,12800000,48.230948686552836,sha256:1a43e0ddf8cc02438cc76d27ba1cce86da34109d2e43dcc8ed7c9d581b95b39d,EXPLAIN_ANALYZE|BATCH_CREATE_TABLE_AS|CTE|PROJECTION|SEQ_SCAN|PROJECTION|ORDER_BY|PROJECTION|HASH_JOIN|CTE_SCAN|SEQ_SCAN,66646016,0
mask_fragment-n50000-w256-m1000-s808,mask_fragment,256,1.0,50000,808,50000,late_mask_fragment,15,650.9491000324488,723.4769000206143,243.04709996795282,723.4769000206143,12800000,18.752666298166016,sha256:6520d056e696ffac14dc135144255adbe9a9d7bbb5ae889b1b0e266e1ada2e57,EXPLAIN_ANALYZE|BATCH_CREATE_TABLE_AS|PROJECTION|ORDER_BY|PROJECTION|PROJECTION|HASH_JOIN|SEQ_SCAN|SEQ_SCAN,66646016,0
mask_fragment-n50000-w256-m1000-s909,mask_fragment,256,1.0,50000,909,50000,early_mask_fragment,15,337.7394999843091,461.47859998745844,263.4888999746181,461.47859998745844,12800000,36.14333310307833,sha256:1a43e0ddf8cc02438cc76d27ba1cce86da34109d2e43dcc8ed7c9d581b95b39d,EXPLAIN_ANALYZE|BATCH_CREATE_TABLE_AS|CTE|PROJECTION|SEQ_SCAN|PROJECTION|ORDER_BY|PROJECTION|HASH_JOIN|CTE_SCAN|SEQ_SCAN,66646016,0
mask_fragment-n50000-w256-m1000-s909,mask_fragment,256,1.0,50000,909,50000,late_mask_fragment,15,351.41889995429665,738.7522999779321,252.3996999952942,738.7522999779321,12800000,34.736410738260155,sha256:6520d056e696ffac14dc135144255adbe9a9d7bbb5ae889b1b0e266e1ada2e57,EXPLAIN_ANALYZE|BATCH_CREATE_TABLE_AS|PROJECTION|ORDER_BY|PROJECTION|PROJECTION|HASH_JOIN|SEQ_SCAN|SEQ_SCAN,66646016,0
mask_fragment-n50000-w512-m0100-s707,mask_fragment,512,0.1,50000,707,5000,early_mask_fragment,15,658.5927999694832,825.3878999967128,538.3694000192918,825.3878999967128,25600000,37.07004161164723,sha256:1a43e0ddf8cc02438cc76d27ba1cce86da34109d2e43dcc8ed7c9d581b95b39d,EXPLAIN_ANALYZE|BATCH_CREATE_TABLE_AS|CTE|PROJECTION|SEQ_SCAN|PROJECTION|ORDER_BY|PROJECTION|HASH_JOIN|CTE_SCAN|SEQ_SCAN,83841024,0
mask_fragment-n50000-w512-m0100-s707,mask_fragment,512,0.1,50000,707,5000,late_mask_fragment,15,84.91489995503798,130.32569998176768,65.71019999682903,130.32569998176768,25600000,287.5121152227362,sha256:c31a5394c72fa4480e21e21f18941a529737407325437b881b853a480254b8dd,EXPLAIN_ANALYZE|BATCH_CREATE_TABLE_AS|PROJECTION|ORDER_BY|PROJECTION|PROJECTION|HASH_JOIN|SEQ_SCAN|SEQ_SCAN,83841024,0
mask_fragment-n50000-w512-m0100-s808,mask_fragment,512,0.1,50000,808,5000,early_mask_fragment,15,379.9659999785945,459.6496000303887,329.3380999821238,459.6496000303887,25600000,64.25328187620833,sha256:1a43e0ddf8cc02438cc76d27ba1cce86da34109d2e43dcc8ed7c9d581b95b39d,EXPLAIN_ANALYZE|BATCH_CREATE_TABLE_AS|CTE|PROJECTION|SEQ_SCAN|PROJECTION|ORDER_BY|PROJECTION|HASH_JOIN|CTE_SCAN|SEQ_SCAN,84404224,0
mask_fragment-n50000-w512-m0100-s808,mask_fragment,512,0.1,50000,808,5000,late_mask_fragment,15,42.58559999288991,46.00380000192672,36.23670001979917,46.00380000192672,25600000,573.293848250962,sha256:c31a5394c72fa4480e21e21f18941a529737407325437b881b853a480254b8dd,EXPLAIN_ANALYZE|BATCH_CREATE_TABLE_AS|PROJECTION|ORDER_BY|PROJECTION|PROJECTION|HASH_JOIN|SEQ_SCAN|SEQ_SCAN,84404224,0
mask_fragment-n50000-w512-m0100-s909,mask_fragment,512,0.1,50000,909,5000,early_mask_fragment,15,419.39280001679435,552.4773999932222,363.1382000166923,552.4773999932222,25600000,58.21287942716793,sha256:1a43e0ddf8cc02438cc76d27ba1cce86da34109d2e43dcc8ed7c9d581b95b39d,EXPLAIN_ANALYZE|BATCH_CREATE_TABLE_AS|CTE|PROJECTION|SEQ_SCAN|PROJECTION|ORDER_BY|PROJECTION|HASH_JOIN|CTE_SCAN|SEQ_SCAN,84647936,0
mask_fragment-n50000-w512-m0100-s909,mask_fragment,512,0.1,50000,909,5000,late_mask_fragment,15,57.95300001045689,108.00400003790855,41.875499999150634,108.00400003790855,25600000,421.2734887856503,sha256:c31a5394c72fa4480e21e21f18941a529737407325437b881b853a480254b8dd,EXPLAIN_ANALYZE|BATCH_CREATE_TABLE_AS|PROJECTION|ORDER_BY|PROJECTION|PROJECTION|HASH_JOIN|SEQ_SCAN|SEQ_SCAN,84647936,0
mask_fragment-n50000-w512-m0500-s707,mask_fragment,512,0.5,50000,707,25000,early_mask_fragment,15,421.640100015793,529.3132999795489,336.7978000314906,529.3132999795489,25600000,57.902610541752416,sha256:1a43e0ddf8cc02438cc76d27ba1cce86da34109d2e43dcc8ed7c9d581b95b39d,EXPLAIN_ANALYZE|BATCH_CREATE_TABLE_AS|CTE|PROJECTION|SEQ_SCAN|PROJECTION|ORDER_BY|PROJECTION|HASH_JOIN|CTE_SCAN|SEQ_SCAN,90210304,0
mask_fragment-n50000-w512-m0500-s707,mask_fragment,512,0.5,50000,707,25000,late_mask_fragment,15,232.8589999815449,329.52900003874674,186.03999994229525,329.52900003874674,25600000,104.84483100045487,sha256:c31a5394c72fa4480e21e21f18941a529737407325437b881b853a480254b8dd,EXPLAIN_ANALYZE|BATCH_CREATE_TABLE_AS|PROJECTION|ORDER_BY|PROJECTION|PROJECTION|HASH_JOIN|SEQ_SCAN|SEQ_SCAN,90210304,0
mask_fragment-n50000-w512-m0500-s808,mask_fragment,512,0.5,50000,808,25000,early_mask_fragment,15,420.9797000512481,597.4747000145726,334.8188000381924,597.4747000145726,25600000,57.99344361979437,sha256:1a43e0ddf8cc02438cc76d27ba1cce86da34109d2e43dcc8ed7c9d581b95b39d,EXPLAIN_ANALYZE|BATCH_CREATE_TABLE_AS|CTE|PROJECTION|SEQ_SCAN|PROJECTION|ORDER_BY|PROJECTION|HASH_JOIN|CTE_SCAN|SEQ_SCAN,90210304,0
mask_fragment-n50000-w512-m0500-s808,mask_fragment,512,0.5,50000,808,25000,late_mask_fragment,15,204.99240001663566,254.49369999114424,172.42940003052354,254.49369999114424,25600000,119.09740311357268,sha256:c31a5394c72fa4480e21e21f18941a529737407325437b881b853a480254b8dd,EXPLAIN_ANALYZE|BATCH_CREATE_TABLE_AS|PROJECTION|ORDER_BY|PROJECTION|PROJECTION|HASH_JOIN|SEQ_SCAN|SEQ_SCAN,90210304,0
mask_fragment-n50000-w512-m0500-s909,mask_fragment,512,0.5,50000,909,25000,early_mask_fragment,15,436.1164000001736,572.1823999774642,367.43709997972474,572.1823999774642,25600000,55.98061091027598,sha256:1a43e0ddf8cc02438cc76d27ba1cce86da34109d2e43dcc8ed7c9d581b95b39d,EXPLAIN_ANALYZE|BATCH_CREATE_TABLE_AS|CTE|PROJECTION|SEQ_SCAN|PROJECTION|ORDER_BY|PROJECTION|HASH_JOIN|CTE_SCAN|SEQ_SCAN,90210304,0
mask_fragment-n50000-w512-m0500-s909,mask_fragment,512,0.5,50000,909,25000,late_mask_fragment,15,244.62799995671958,281.6733999643475,191.3228000048548,281.6733999643475,25600000,99.80076894026611,sha256:c31a5394c72fa4480e21e21f18941a529737407325437b881b853a480254b8dd,EXPLAIN_ANALYZE|BATCH_CREATE_TABLE_AS|PROJECTION|ORDER_BY|PROJECTION|PROJECTION|HASH_JOIN|SEQ_SCAN|SEQ_SCAN,90210304,0
mask_fragment-n50000-w512-m1000-s707,mask_fragment,512,1.0,50000,707,50000,early_mask_fragment,15,437.3885000240989,519.1960000083782,344.317700015381,519.1960000083782,25600000,55.81779698975819,sha256:1a43e0ddf8cc02438cc76d27ba1cce86da34109d2e43dcc8ed7c9d581b95b39d,EXPLAIN_ANALYZE|BATCH_CREATE_TABLE_AS|CTE|PROJECTION|SEQ_SCAN|PROJECTION|ORDER_BY|PROJECTION|HASH_JOIN|CTE_SCAN|SEQ_SCAN,91009024,0
mask_fragment-n50000-w512-m1000-s707,mask_fragment,512,1.0,50000,707,50000,late_mask_fragment,15,386.25759998103604,494.6615999797359,360.9711999888532,494.6615999797359,25600000,63.20668512722766,sha256:6520d056e696ffac14dc135144255adbe9a9d7bbb5ae889b1b0e266e1ada2e57,EXPLAIN_ANALYZE|BATCH_CREATE_TABLE_AS|PROJECTION|ORDER_BY|PROJECTION|PROJECTION|HASH_JOIN|SEQ_SCAN|SEQ_SCAN,91009024,0
mask_fragment-n50000-w512-m1000-s808,mask_fragment,512,1.0,50000,808,50000,early_mask_fragment,15,518.7541999621317,729.834400000982,395.8188000251539,729.834400000982,25600000,47.0628719763275,sha256:1a43e0ddf8cc02438cc76d27ba1cce86da34109d2e43dcc8ed7c9d581b95b39d,EXPLAIN_ANALYZE|BATCH_CREATE_TABLE_AS|CTE|PROJECTION|SEQ_SCAN|PROJECTION|ORDER_BY|PROJECTION|HASH_JOIN|CTE_SCAN|SEQ_SCAN,91009024,0
mask_fragment-n50000-w512-m1000-s808,mask_fragment,512,1.0,50000,808,50000,late_mask_fragment,15,482.24839998874813,740.1156999985687,390.9474999527447,740.1156999985687,25600000,50.62549196756201,sha256:6520d056e696ffac14dc135144255adbe9a9d7bbb5ae889b1b0e266e1ada2e57,EXPLAIN_ANALYZE|BATCH_CREATE_TABLE_AS|PROJECTION|ORDER_BY|PROJECTION|PROJECTION|HASH_JOIN|SEQ_SCAN|SEQ_SCAN,91009024,0
mask_fragment-n50000-w512-m1000-s909,mask_fragment,512,1.0,50000,909,50000,early_mask_fragment,15,466.25749999657273,584.2086999909952,402.3000000161119,584.2086999909952,25600000,52.36175825628426,sha256:1a43e0ddf8cc02438cc76d27ba1cce86da34109d2e43dcc8ed7c9d581b95b39d,EXPLAIN_ANALYZE|BATCH_CREATE_TABLE_AS|CTE|PROJECTION|SEQ_SCAN|PROJECTION|ORDER_BY|PROJECTION|HASH_JOIN|CTE_SCAN|SEQ_SCAN,95744000,0
mask_fragment-n50000-w512-m1000-s909,mask_fragment,512,1.0,50000,909,50000,late_mask_fragment,15,476.95779998321086,595.0063999625854,388.9989000163041,595.0063999625854,25600000,51.18704946403935,sha256:6520d056e696ffac14dc135144255adbe9a9d7bbb5ae889b1b0e266e1ada2e57,EXPLAIN_ANALYZE|BATCH_CREATE_TABLE_AS|PROJECTION|ORDER_BY|PROJECTION|PROJECTION|HASH_JOIN|SEQ_SCAN|SEQ_SCAN,95744000,0
