block_index,block_id,permutation_id,order_position,candidate_id,started_at_utc,client_materialization_latency_ms,process_cpu_time_ms,output_row_count,result_digest
0,tpch-q6-block-000,materialize-after-q06-time -> fused -> materialize-after-q06-predicate,0,materialize-after-q06-time,2026-07-19T13:23:08.286316+00:00,655.7476,2515.625,1,sha256:0606fc1be59a1a7f3f195deac59920c6681f839260f7d298f60cd4aa7348ab28
0,tpch-q6-block-000,materialize-after-q06-time -> fused -> materialize-after-q06-predicate,1,fused,2026-07-19T13:23:08.941953+00:00,228.0154,859.375,1,sha256:0606fc1be59a1a7f3f195deac59920c6681f839260f7d298f60cd4aa7348ab28
0,tpch-q6-block-000,materialize-after-q06-time -> fused -> materialize-after-q06-predicate,2,materialize-after-q06-predicate,2026-07-19T13:23:09.169952+00:00,250.3004,953.125,1,sha256:0606fc1be59a1a7f3f195deac59920c6681f839260f7d298f60cd4aa7348ab28
1,tpch-q6-block-001,fused -> materialize-after-q06-time -> materialize-after-q06-predicate,0,fused,2026-07-19T13:23:09.423332+00:00,207.7915,812.5,1,sha256:0606fc1be59a1a7f3f195deac59920c6681f839260f7d298f60cd4aa7348ab28
1,tpch-q6-block-001,fused -> materialize-after-q06-time -> materialize-after-q06-predicate,1,materialize-after-q06-time,2026-07-19T13:23:09.630825+00:00,561.4901,1953.125,1,sha256:0606fc1be59a1a7f3f195deac59920c6681f839260f7d298f60cd4aa7348ab28
1,tpch-q6-block-001,fused -> materialize-after-q06-time -> materialize-after-q06-predicate,2,materialize-after-q06-predicate,2026-07-19T13:23:10.192566+00:00,258.2197,937.5,1,sha256:0606fc1be59a1a7f3f195deac59920c6681f839260f7d298f60cd4aa7348ab28
2,tpch-q6-block-002,materialize-after-q06-time -> materialize-after-q06-predicate -> fused,0,materialize-after-q06-time,2026-07-19T13:23:10.453874+00:00,638.6516,2375.0,1,sha256:0606fc1be59a1a7f3f195deac59920c6681f839260f7d298f60cd4aa7348ab28
2,tpch-q6-block-002,materialize-after-q06-time -> materialize-after-q06-predicate -> fused,1,materialize-after-q06-predicate,2026-07-19T13:23:11.092649+00:00,241.929,875.0,1,sha256:0606fc1be59a1a7f3f195deac59920c6681f839260f7d298f60cd4aa7348ab28
2,tpch-q6-block-002,materialize-after-q06-time -> materialize-after-q06-predicate -> fused,2,fused,2026-07-19T13:23:11.335251+00:00,224.5651,812.5,1,sha256:0606fc1be59a1a7f3f195deac59920c6681f839260f7d298f60cd4aa7348ab28
3,tpch-q6-block-003,fused -> materialize-after-q06-predicate -> materialize-after-q06-time,0,fused,2026-07-19T13:23:11.561746+00:00,213.2994,812.5,1,sha256:0606fc1be59a1a7f3f195deac59920c6681f839260f7d298f60cd4aa7348ab28
3,tpch-q6-block-003,fused -> materialize-after-q06-predicate -> materialize-after-q06-time,1,materialize-after-q06-predicate,2026-07-19T13:23:11.775051+00:00,267.3445,906.25,1,sha256:0606fc1be59a1a7f3f195deac59920c6681f839260f7d298f60cd4aa7348ab28
3,tpch-q6-block-003,fused -> materialize-after-q06-predicate -> materialize-after-q06-time,2,materialize-after-q06-time,2026-07-19T13:23:12.042495+00:00,693.2152,2187.5,1,sha256:0606fc1be59a1a7f3f195deac59920c6681f839260f7d298f60cd4aa7348ab28
4,tpch-q6-block-004,materialize-after-q06-predicate -> fused -> materialize-after-q06-time,0,materialize-after-q06-predicate,2026-07-19T13:23:12.739192+00:00,340.6086,984.375,1,sha256:0606fc1be59a1a7f3f195deac59920c6681f839260f7d298f60cd4aa7348ab28
4,tpch-q6-block-004,materialize-after-q06-predicate -> fused -> materialize-after-q06-time,1,fused,2026-07-19T13:23:13.080004+00:00,290.3783,859.375,1,sha256:0606fc1be59a1a7f3f195deac59920c6681f839260f7d298f60cd4aa7348ab28
4,tpch-q6-block-004,materialize-after-q06-predicate -> fused -> materialize-after-q06-time,2,materialize-after-q06-time,2026-07-19T13:23:13.370005+00:00,675.7223,2609.375,1,sha256:0606fc1be59a1a7f3f195deac59920c6681f839260f7d298f60cd4aa7348ab28
5,tpch-q6-block-005,materialize-after-q06-predicate -> materialize-after-q06-time -> fused,0,materialize-after-q06-predicate,2026-07-19T13:23:14.051287+00:00,224.1135,828.125,1,sha256:0606fc1be59a1a7f3f195deac59920c6681f839260f7d298f60cd4aa7348ab28
5,tpch-q6-block-005,materialize-after-q06-predicate -> materialize-after-q06-time -> fused,1,materialize-after-q06-time,2026-07-19T13:23:14.275569+00:00,634.7057,2421.875,1,sha256:0606fc1be59a1a7f3f195deac59920c6681f839260f7d298f60cd4aa7348ab28
5,tpch-q6-block-005,materialize-after-q06-predicate -> materialize-after-q06-time -> fused,2,fused,2026-07-19T13:23:14.910906+00:00,229.0805,828.125,1,sha256:0606fc1be59a1a7f3f195deac59920c6681f839260f7d298f60cd4aa7348ab28
6,tpch-q6-block-006,materialize-after-q06-time -> materialize-after-q06-predicate -> fused,0,materialize-after-q06-time,2026-07-19T13:23:15.141728+00:00,580.9755,2218.75,1,sha256:0606fc1be59a1a7f3f195deac59920c6681f839260f7d298f60cd4aa7348ab28
6,tpch-q6-block-006,materialize-after-q06-time -> materialize-after-q06-predicate -> fused,1,materialize-after-q06-predicate,2026-07-19T13:23:15.722479+00:00,260.8302,890.625,1,sha256:0606fc1be59a1a7f3f195deac59920c6681f839260f7d298f60cd4aa7348ab28
6,tpch-q6-block-006,materialize-after-q06-time -> materialize-after-q06-predicate -> fused,2,fused,2026-07-19T13:23:15.983569+00:00,312.7443,1078.125,1,sha256:0606fc1be59a1a7f3f195deac59920c6681f839260f7d298f60cd4aa7348ab28
7,tpch-q6-block-007,materialize-after-q06-predicate -> materialize-after-q06-time -> fused,0,materialize-after-q06-predicate,2026-07-19T13:23:16.300058+00:00,303.6254,1000.0,1,sha256:0606fc1be59a1a7f3f195deac59920c6681f839260f7d298f60cd4aa7348ab28
7,tpch-q6-block-007,materialize-after-q06-predicate -> materialize-after-q06-time -> fused,1,materialize-after-q06-time,2026-07-19T13:23:16.603774+00:00,762.0616,2515.625,1,sha256:0606fc1be59a1a7f3f195deac59920c6681f839260f7d298f60cd4aa7348ab28
7,tpch-q6-block-007,materialize-after-q06-predicate -> materialize-after-q06-time -> fused,2,fused,2026-07-19T13:23:17.365801+00:00,266.6092,984.375,1,sha256:0606fc1be59a1a7f3f195deac59920c6681f839260f7d298f60cd4aa7348ab28
8,tpch-q6-block-008,materialize-after-q06-predicate -> fused -> materialize-after-q06-time,0,materialize-after-q06-predicate,2026-07-19T13:23:17.636025+00:00,256.6044,968.75,1,sha256:0606fc1be59a1a7f3f195deac59920c6681f839260f7d298f60cd4aa7348ab28
8,tpch-q6-block-008,materialize-after-q06-predicate -> fused -> materialize-after-q06-time,1,fused,2026-07-19T13:23:17.892423+00:00,219.2425,796.875,1,sha256:0606fc1be59a1a7f3f195deac59920c6681f839260f7d298f60cd4aa7348ab28
8,tpch-q6-block-008,materialize-after-q06-predicate -> fused -> materialize-after-q06-time,2,materialize-after-q06-time,2026-07-19T13:23:18.111423+00:00,601.089,2328.125,1,sha256:0606fc1be59a1a7f3f195deac59920c6681f839260f7d298f60cd4aa7348ab28
9,tpch-q6-block-009,fused -> materialize-after-q06-predicate -> materialize-after-q06-time,0,fused,2026-07-19T13:23:18.715146+00:00,211.353,796.875,1,sha256:0606fc1be59a1a7f3f195deac59920c6681f839260f7d298f60cd4aa7348ab28
9,tpch-q6-block-009,fused -> materialize-after-q06-predicate -> materialize-after-q06-time,1,materialize-after-q06-predicate,2026-07-19T13:23:18.927144+00:00,194.2345,718.75,1,sha256:0606fc1be59a1a7f3f195deac59920c6681f839260f7d298f60cd4aa7348ab28
9,tpch-q6-block-009,fused -> materialize-after-q06-predicate -> materialize-after-q06-time,2,materialize-after-q06-time,2026-07-19T13:23:19.121144+00:00,522.2672,2031.25,1,sha256:0606fc1be59a1a7f3f195deac59920c6681f839260f7d298f60cd4aa7348ab28
10,tpch-q6-block-010,materialize-after-q06-time -> fused -> materialize-after-q06-predicate,0,materialize-after-q06-time,2026-07-19T13:23:19.645588+00:00,619.6777,2375.0,1,sha256:0606fc1be59a1a7f3f195deac59920c6681f839260f7d298f60cd4aa7348ab28
10,tpch-q6-block-010,materialize-after-q06-time -> fused -> materialize-after-q06-predicate,1,fused,2026-07-19T13:23:20.265585+00:00,206.9325,812.5,1,sha256:0606fc1be59a1a7f3f195deac59920c6681f839260f7d298f60cd4aa7348ab28
10,tpch-q6-block-010,materialize-after-q06-time -> fused -> materialize-after-q06-predicate,2,materialize-after-q06-predicate,2026-07-19T13:23:20.472586+00:00,185.3181,734.375,1,sha256:0606fc1be59a1a7f3f195deac59920c6681f839260f7d298f60cd4aa7348ab28
11,tpch-q6-block-011,fused -> materialize-after-q06-time -> materialize-after-q06-predicate,0,fused,2026-07-19T13:23:20.659881+00:00,154.9967,625.0,1,sha256:0606fc1be59a1a7f3f195deac59920c6681f839260f7d298f60cd4aa7348ab28
11,tpch-q6-block-011,fused -> materialize-after-q06-time -> materialize-after-q06-predicate,1,materialize-after-q06-time,2026-07-19T13:23:20.815088+00:00,543.1354,2093.75,1,sha256:0606fc1be59a1a7f3f195deac59920c6681f839260f7d298f60cd4aa7348ab28
11,tpch-q6-block-011,fused -> materialize-after-q06-time -> materialize-after-q06-predicate,2,materialize-after-q06-predicate,2026-07-19T13:23:21.358354+00:00,262.3016,906.25,1,sha256:0606fc1be59a1a7f3f195deac59920c6681f839260f7d298f60cd4aa7348ab28
12,tpch-q6-block-012,fused -> materialize-after-q06-time -> materialize-after-q06-predicate,0,fused,2026-07-19T13:23:21.622606+00:00,263.8009,937.5,1,sha256:0606fc1be59a1a7f3f195deac59920c6681f839260f7d298f60cd4aa7348ab28
12,tpch-q6-block-012,fused -> materialize-after-q06-time -> materialize-after-q06-predicate,1,materialize-after-q06-time,2026-07-19T13:23:21.886989+00:00,751.0651,2656.25,1,sha256:0606fc1be59a1a7f3f195deac59920c6681f839260f7d298f60cd4aa7348ab28
12,tpch-q6-block-012,fused -> materialize-after-q06-time -> materialize-after-q06-predicate,2,materialize-after-q06-predicate,2026-07-19T13:23:22.638173+00:00,250.4243,906.25,1,sha256:0606fc1be59a1a7f3f195deac59920c6681f839260f7d298f60cd4aa7348ab28
13,tpch-q6-block-013,materialize-after-q06-time -> fused -> materialize-after-q06-predicate,0,materialize-after-q06-time,2026-07-19T13:23:22.891174+00:00,696.7169,2578.125,1,sha256:0606fc1be59a1a7f3f195deac59920c6681f839260f7d298f60cd4aa7348ab28
13,tpch-q6-block-013,materialize-after-q06-time -> fused -> materialize-after-q06-predicate,1,fused,2026-07-19T13:23:23.588153+00:00,217.4673,828.125,1,sha256:0606fc1be59a1a7f3f195deac59920c6681f839260f7d298f60cd4aa7348ab28
13,tpch-q6-block-013,materialize-after-q06-time -> fused -> materialize-after-q06-predicate,2,materialize-after-q06-predicate,2026-07-19T13:23:23.805424+00:00,237.3786,890.625,1,sha256:0606fc1be59a1a7f3f195deac59920c6681f839260f7d298f60cd4aa7348ab28
14,tpch-q6-block-014,fused -> materialize-after-q06-predicate -> materialize-after-q06-time,0,fused,2026-07-19T13:23:24.045694+00:00,219.6766,796.875,1,sha256:0606fc1be59a1a7f3f195deac59920c6681f839260f7d298f60cd4aa7348ab28
14,tpch-q6-block-014,fused -> materialize-after-q06-predicate -> materialize-after-q06-time,1,materialize-after-q06-predicate,2026-07-19T13:23:24.265694+00:00,240.9305,906.25,1,sha256:0606fc1be59a1a7f3f195deac59920c6681f839260f7d298f60cd4aa7348ab28
14,tpch-q6-block-014,fused -> materialize-after-q06-predicate -> materialize-after-q06-time,2,materialize-after-q06-time,2026-07-19T13:23:24.506226+00:00,607.7789,2343.75,1,sha256:0606fc1be59a1a7f3f195deac59920c6681f839260f7d298f60cd4aa7348ab28
15,tpch-q6-block-015,materialize-after-q06-predicate -> materialize-after-q06-time -> fused,0,materialize-after-q06-predicate,2026-07-19T13:23:25.116976+00:00,278.3749,984.375,1,sha256:0606fc1be59a1a7f3f195deac59920c6681f839260f7d298f60cd4aa7348ab28
15,tpch-q6-block-015,materialize-after-q06-predicate -> materialize-after-q06-time -> fused,1,materialize-after-q06-time,2026-07-19T13:23:25.395535+00:00,687.0545,2515.625,1,sha256:0606fc1be59a1a7f3f195deac59920c6681f839260f7d298f60cd4aa7348ab28
15,tpch-q6-block-015,materialize-after-q06-predicate -> materialize-after-q06-time -> fused,2,fused,2026-07-19T13:23:26.083111+00:00,237.2221,750.0,1,sha256:0606fc1be59a1a7f3f195deac59920c6681f839260f7d298f60cd4aa7348ab28
16,tpch-q6-block-016,materialize-after-q06-predicate -> fused -> materialize-after-q06-time,0,materialize-after-q06-predicate,2026-07-19T13:23:26.324636+00:00,328.3909,1109.375,1,sha256:0606fc1be59a1a7f3f195deac59920c6681f839260f7d298f60cd4aa7348ab28
16,tpch-q6-block-016,materialize-after-q06-predicate -> fused -> materialize-after-q06-time,1,fused,2026-07-19T13:23:26.653366+00:00,221.6465,812.5,1,sha256:0606fc1be59a1a7f3f195deac59920c6681f839260f7d298f60cd4aa7348ab28
16,tpch-q6-block-016,materialize-after-q06-predicate -> fused -> materialize-after-q06-time,2,materialize-after-q06-time,2026-07-19T13:23:26.875068+00:00,648.5941,2515.625,1,sha256:0606fc1be59a1a7f3f195deac59920c6681f839260f7d298f60cd4aa7348ab28
17,tpch-q6-block-017,materialize-after-q06-time -> materialize-after-q06-predicate -> fused,0,materialize-after-q06-time,2026-07-19T13:23:27.526953+00:00,612.9578,2390.625,1,sha256:0606fc1be59a1a7f3f195deac59920c6681f839260f7d298f60cd4aa7348ab28
17,tpch-q6-block-017,materialize-after-q06-time -> materialize-after-q06-predicate -> fused,1,materialize-after-q06-predicate,2026-07-19T13:23:28.139567+00:00,209.9734,796.875,1,sha256:0606fc1be59a1a7f3f195deac59920c6681f839260f7d298f60cd4aa7348ab28
17,tpch-q6-block-017,materialize-after-q06-time -> materialize-after-q06-predicate -> fused,2,fused,2026-07-19T13:23:28.350355+00:00,197.7228,734.375,1,sha256:0606fc1be59a1a7f3f195deac59920c6681f839260f7d298f60cd4aa7348ab28
18,tpch-q6-block-018,materialize-after-q06-time -> materialize-after-q06-predicate -> fused,0,materialize-after-q06-time,2026-07-19T13:23:28.549349+00:00,592.1717,2312.5,1,sha256:0606fc1be59a1a7f3f195deac59920c6681f839260f7d298f60cd4aa7348ab28
18,tpch-q6-block-018,materialize-after-q06-time -> materialize-after-q06-predicate -> fused,1,materialize-after-q06-predicate,2026-07-19T13:23:29.142050+00:00,231.3558,796.875,1,sha256:0606fc1be59a1a7f3f195deac59920c6681f839260f7d298f60cd4aa7348ab28
18,tpch-q6-block-018,materialize-after-q06-time -> materialize-after-q06-predicate -> fused,2,fused,2026-07-19T13:23:29.373279+00:00,217.7886,828.125,1,sha256:0606fc1be59a1a7f3f195deac59920c6681f839260f7d298f60cd4aa7348ab28
19,tpch-q6-block-019,materialize-after-q06-predicate -> fused -> materialize-after-q06-time,0,materialize-after-q06-predicate,2026-07-19T13:23:29.593670+00:00,251.3218,953.125,1,sha256:0606fc1be59a1a7f3f195deac59920c6681f839260f7d298f60cd4aa7348ab28
19,tpch-q6-block-019,materialize-after-q06-predicate -> fused -> materialize-after-q06-time,1,fused,2026-07-19T13:23:29.844771+00:00,269.2317,968.75,1,sha256:0606fc1be59a1a7f3f195deac59920c6681f839260f7d298f60cd4aa7348ab28
19,tpch-q6-block-019,materialize-after-q06-predicate -> fused -> materialize-after-q06-time,2,materialize-after-q06-time,2026-07-19T13:23:30.114771+00:00,608.9287,2343.75,1,sha256:0606fc1be59a1a7f3f195deac59920c6681f839260f7d298f60cd4aa7348ab28
20,tpch-q6-block-020,fused -> materialize-after-q06-time -> materialize-after-q06-predicate,0,fused,2026-07-19T13:23:30.727066+00:00,249.3241,906.25,1,sha256:0606fc1be59a1a7f3f195deac59920c6681f839260f7d298f60cd4aa7348ab28
20,tpch-q6-block-020,fused -> materialize-after-q06-time -> materialize-after-q06-predicate,1,materialize-after-q06-time,2026-07-19T13:23:30.975959+00:00,728.541,2578.125,1,sha256:0606fc1be59a1a7f3f195deac59920c6681f839260f7d298f60cd4aa7348ab28
20,tpch-q6-block-020,fused -> materialize-after-q06-time -> materialize-after-q06-predicate,2,materialize-after-q06-predicate,2026-07-19T13:23:31.704762+00:00,271.1826,1015.625,1,sha256:0606fc1be59a1a7f3f195deac59920c6681f839260f7d298f60cd4aa7348ab28
21,tpch-q6-block-021,materialize-after-q06-predicate -> materialize-after-q06-time -> fused,0,materialize-after-q06-predicate,2026-07-19T13:23:31.979203+00:00,226.6889,843.75,1,sha256:0606fc1be59a1a7f3f195deac59920c6681f839260f7d298f60cd4aa7348ab28
21,tpch-q6-block-021,materialize-after-q06-predicate -> materialize-after-q06-time -> fused,1,materialize-after-q06-time,2026-07-19T13:23:32.205863+00:00,609.4865,2359.375,1,sha256:0606fc1be59a1a7f3f195deac59920c6681f839260f7d298f60cd4aa7348ab28
21,tpch-q6-block-021,materialize-after-q06-predicate -> materialize-after-q06-time -> fused,2,fused,2026-07-19T13:23:32.815162+00:00,207.9789,765.625,1,sha256:0606fc1be59a1a7f3f195deac59920c6681f839260f7d298f60cd4aa7348ab28
22,tpch-q6-block-022,fused -> materialize-after-q06-predicate -> materialize-after-q06-time,0,fused,2026-07-19T13:23:33.025667+00:00,188.3644,703.125,1,sha256:0606fc1be59a1a7f3f195deac59920c6681f839260f7d298f60cd4aa7348ab28
22,tpch-q6-block-022,fused -> materialize-after-q06-predicate -> materialize-after-q06-time,1,materialize-after-q06-predicate,2026-07-19T13:23:33.213668+00:00,185.5576,703.125,1,sha256:0606fc1be59a1a7f3f195deac59920c6681f839260f7d298f60cd4aa7348ab28
22,tpch-q6-block-022,fused -> materialize-after-q06-predicate -> materialize-after-q06-time,2,materialize-after-q06-time,2026-07-19T13:23:33.398932+00:00,640.0053,2421.875,1,sha256:0606fc1be59a1a7f3f195deac59920c6681f839260f7d298f60cd4aa7348ab28
23,tpch-q6-block-023,materialize-after-q06-time -> fused -> materialize-after-q06-predicate,0,materialize-after-q06-time,2026-07-19T13:23:34.042185+00:00,640.0622,2421.875,1,sha256:0606fc1be59a1a7f3f195deac59920c6681f839260f7d298f60cd4aa7348ab28
23,tpch-q6-block-023,materialize-after-q06-time -> fused -> materialize-after-q06-predicate,1,fused,2026-07-19T13:23:34.682189+00:00,213.9984,781.25,1,sha256:0606fc1be59a1a7f3f195deac59920c6681f839260f7d298f60cd4aa7348ab28
23,tpch-q6-block-023,materialize-after-q06-time -> fused -> materialize-after-q06-predicate,2,materialize-after-q06-predicate,2026-07-19T13:23:34.896189+00:00,223.3967,828.125,1,sha256:0606fc1be59a1a7f3f195deac59920c6681f839260f7d298f60cd4aa7348ab28
24,tpch-q6-block-024,materialize-after-q06-time -> materialize-after-q06-predicate -> fused,0,materialize-after-q06-time,2026-07-19T13:23:35.122189+00:00,733.9788,2656.25,1,sha256:0606fc1be59a1a7f3f195deac59920c6681f839260f7d298f60cd4aa7348ab28
24,tpch-q6-block-024,materialize-after-q06-time -> materialize-after-q06-predicate -> fused,1,materialize-after-q06-predicate,2026-07-19T13:23:35.856898+00:00,264.7392,1000.0,1,sha256:0606fc1be59a1a7f3f195deac59920c6681f839260f7d298f60cd4aa7348ab28
24,tpch-q6-block-024,materialize-after-q06-time -> materialize-after-q06-predicate -> fused,2,fused,2026-07-19T13:23:36.120898+00:00,237.8836,890.625,1,sha256:0606fc1be59a1a7f3f195deac59920c6681f839260f7d298f60cd4aa7348ab28
25,tpch-q6-block-025,fused -> materialize-after-q06-predicate -> materialize-after-q06-time,0,fused,2026-07-19T13:23:36.362141+00:00,233.4275,843.75,1,sha256:0606fc1be59a1a7f3f195deac59920c6681f839260f7d298f60cd4aa7348ab28
25,tpch-q6-block-025,fused -> materialize-after-q06-predicate -> materialize-after-q06-time,1,materialize-after-q06-predicate,2026-07-19T13:23:36.595141+00:00,262.6489,906.25,1,sha256:0606fc1be59a1a7f3f195deac59920c6681f839260f7d298f60cd4aa7348ab28
25,tpch-q6-block-025,fused -> materialize-after-q06-predicate -> materialize-after-q06-time,2,materialize-after-q06-time,2026-07-19T13:23:36.857838+00:00,763.8425,2828.125,1,sha256:0606fc1be59a1a7f3f195deac59920c6681f839260f7d298f60cd4aa7348ab28
26,tpch-q6-block-026,materialize-after-q06-predicate -> materialize-after-q06-time -> fused,0,materialize-after-q06-predicate,2026-07-19T13:23:37.624824+00:00,256.6557,890.625,1,sha256:0606fc1be59a1a7f3f195deac59920c6681f839260f7d298f60cd4aa7348ab28
26,tpch-q6-block-026,materialize-after-q06-predicate -> materialize-after-q06-time -> fused,1,materialize-after-q06-time,2026-07-19T13:23:37.881825+00:00,686.209,2343.75,1,sha256:0606fc1be59a1a7f3f195deac59920c6681f839260f7d298f60cd4aa7348ab28
26,tpch-q6-block-026,materialize-after-q06-predicate -> materialize-after-q06-time -> fused,2,fused,2026-07-19T13:23:38.568104+00:00,293.6661,1046.875,1,sha256:0606fc1be59a1a7f3f195deac59920c6681f839260f7d298f60cd4aa7348ab28
27,tpch-q6-block-027,materialize-after-q06-predicate -> fused -> materialize-after-q06-time,0,materialize-after-q06-predicate,2026-07-19T13:23:38.865046+00:00,259.2921,1000.0,1,sha256:0606fc1be59a1a7f3f195deac59920c6681f839260f7d298f60cd4aa7348ab28
27,tpch-q6-block-027,materialize-after-q06-predicate -> fused -> materialize-after-q06-time,1,fused,2026-07-19T13:23:39.124281+00:00,221.6347,765.625,1,sha256:0606fc1be59a1a7f3f195deac59920c6681f839260f7d298f60cd4aa7348ab28
27,tpch-q6-block-027,materialize-after-q06-predicate -> fused -> materialize-after-q06-time,2,materialize-after-q06-time,2026-07-19T13:23:39.346031+00:00,782.4919,2812.5,1,sha256:0606fc1be59a1a7f3f195deac59920c6681f839260f7d298f60cd4aa7348ab28
28,tpch-q6-block-028,fused -> materialize-after-q06-time -> materialize-after-q06-predicate,0,fused,2026-07-19T13:23:40.131627+00:00,231.8411,812.5,1,sha256:0606fc1be59a1a7f3f195deac59920c6681f839260f7d298f60cd4aa7348ab28
28,tpch-q6-block-028,fused -> materialize-after-q06-time -> materialize-after-q06-predicate,1,materialize-after-q06-time,2026-07-19T13:23:40.363743+00:00,622.2973,2328.125,1,sha256:0606fc1be59a1a7f3f195deac59920c6681f839260f7d298f60cd4aa7348ab28
28,tpch-q6-block-028,fused -> materialize-after-q06-time -> materialize-after-q06-predicate,2,materialize-after-q06-predicate,2026-07-19T13:23:40.985963+00:00,270.8111,953.125,1,sha256:0606fc1be59a1a7f3f195deac59920c6681f839260f7d298f60cd4aa7348ab28
29,tpch-q6-block-029,materialize-after-q06-time -> fused -> materialize-after-q06-predicate,0,materialize-after-q06-time,2026-07-19T13:23:41.259560+00:00,520.9591,1953.125,1,sha256:0606fc1be59a1a7f3f195deac59920c6681f839260f7d298f60cd4aa7348ab28
29,tpch-q6-block-029,materialize-after-q06-time -> fused -> materialize-after-q06-predicate,1,fused,2026-07-19T13:23:41.780648+00:00,223.2069,843.75,1,sha256:0606fc1be59a1a7f3f195deac59920c6681f839260f7d298f60cd4aa7348ab28
29,tpch-q6-block-029,materialize-after-q06-time -> fused -> materialize-after-q06-predicate,2,materialize-after-q06-predicate,2026-07-19T13:23:42.004238+00:00,221.4293,796.875,1,sha256:0606fc1be59a1a7f3f195deac59920c6681f839260f7d298f60cd4aa7348ab28
