unit_id,benchmark,identifier_width,match_rate,row_count,seed,matched_rows,derived_component,left_component,right_component,paired_operation,pairs,median_paired_cost_ms,p95_paired_cost_ms,min_paired_cost_ms,max_paired_cost_ms
mask_fragment-n100000-w128-m0900-s1111,mask_fragment,128,0.9,100000,1111,90000,early_minus_late,early_mask_fragment,late_mask_fragment,subtract,15,37.643900024704635,84.2932999948971,-95.03830003086478,84.2932999948971
mask_fragment-n100000-w128-m0900-s1222,mask_fragment,128,0.9,100000,1222,90000,early_minus_late,early_mask_fragment,late_mask_fragment,subtract,15,11.570800037588924,64.7465999936685,-148.7337999860756,64.7465999936685
mask_fragment-n100000-w128-m0900-s1333,mask_fragment,128,0.9,100000,1333,90000,early_minus_late,early_mask_fragment,late_mask_fragment,subtract,15,10.721299913711846,883.1972000189126,-284.8727999953553,883.1972000189126
mask_fragment-n100000-w128-m0900-s1444,mask_fragment,128,0.9,100000,1444,90000,early_minus_late,early_mask_fragment,late_mask_fragment,subtract,15,-31.648899952415377,102.24959999322891,-106.61499999696389,102.24959999322891
mask_fragment-n100000-w128-m0900-s1555,mask_fragment,128,0.9,100000,1555,90000,early_minus_late,early_mask_fragment,late_mask_fragment,subtract,15,21.592499979306012,150.20340000046417,-93.00990001065657,150.20340000046417
mask_fragment-n100000-w128-m1000-s1111,mask_fragment,128,1.0,100000,1111,100000,early_minus_late,early_mask_fragment,late_mask_fragment,subtract,15,15.639800054486841,57.906100002583116,-92.4712999840267,57.906100002583116
mask_fragment-n100000-w128-m1000-s1222,mask_fragment,128,1.0,100000,1222,100000,early_minus_late,early_mask_fragment,late_mask_fragment,subtract,15,-19.240499997977167,56.45179998828098,-75.14179998543113,56.45179998828098
mask_fragment-n100000-w128-m1000-s1333,mask_fragment,128,1.0,100000,1333,100000,early_minus_late,early_mask_fragment,late_mask_fragment,subtract,15,2.9921000823378563,93.87720003724098,-89.2382999882102,93.87720003724098
mask_fragment-n100000-w128-m1000-s1444,mask_fragment,128,1.0,100000,1444,100000,early_minus_late,early_mask_fragment,late_mask_fragment,subtract,15,-17.008199996780604,87.64320000773296,-72.92790006613359,87.64320000773296
mask_fragment-n100000-w128-m1000-s1555,mask_fragment,128,1.0,100000,1555,100000,early_minus_late,early_mask_fragment,late_mask_fragment,subtract,15,-17.27270003175363,173.1060000602156,-774.2267000139691,173.1060000602156
mask_fragment-n100000-w256-m0900-s1111,mask_fragment,256,0.9,100000,1111,90000,early_minus_late,early_mask_fragment,late_mask_fragment,subtract,15,4.3317999807186425,135.47570002265275,-830.8179999585263,135.47570002265275
mask_fragment-n100000-w256-m0900-s1222,mask_fragment,256,0.9,100000,1222,90000,early_minus_late,early_mask_fragment,late_mask_fragment,subtract,15,37.661799986381084,1301.5571999712847,-39.29789998801425,1301.5571999712847
mask_fragment-n100000-w256-m0900-s1333,mask_fragment,256,0.9,100000,1333,90000,early_minus_late,early_mask_fragment,late_mask_fragment,subtract,15,44.974899967201054,139.35719995060936,-856.611100025475,139.35719995060936
mask_fragment-n100000-w256-m0900-s1444,mask_fragment,256,0.9,100000,1444,90000,early_minus_late,early_mask_fragment,late_mask_fragment,subtract,15,38.31100004026666,191.34940003277734,-908.2260999712162,191.34940003277734
mask_fragment-n100000-w256-m0900-s1555,mask_fragment,256,0.9,100000,1555,90000,early_minus_late,early_mask_fragment,late_mask_fragment,subtract,15,30.84830002626404,1003.0122000025585,-742.8492999752052,1003.0122000025585
mask_fragment-n100000-w256-m1000-s1111,mask_fragment,256,1.0,100000,1111,100000,early_minus_late,early_mask_fragment,late_mask_fragment,subtract,15,-36.37530002743006,61.77460006438196,-831.6352000110783,61.77460006438196
mask_fragment-n100000-w256-m1000-s1222,mask_fragment,256,1.0,100000,1222,100000,early_minus_late,early_mask_fragment,late_mask_fragment,subtract,15,-23.706100007984787,1077.8900999575853,-1039.1964000300504,1077.8900999575853
mask_fragment-n100000-w256-m1000-s1333,mask_fragment,256,1.0,100000,1333,100000,early_minus_late,early_mask_fragment,late_mask_fragment,subtract,15,-0.10989996371790767,1212.4428999959491,-69.53640002757311,1212.4428999959491
mask_fragment-n100000-w256-m1000-s1444,mask_fragment,256,1.0,100000,1444,100000,early_minus_late,early_mask_fragment,late_mask_fragment,subtract,15,27.063900022767484,122.91119998553768,-218.4885999886319,122.91119998553768
mask_fragment-n100000-w256-m1000-s1555,mask_fragment,256,1.0,100000,1555,100000,early_minus_late,early_mask_fragment,late_mask_fragment,subtract,15,-1.1905999854207039,905.1269000628963,-142.73160003358498,905.1269000628963
mask_fragment-n100000-w512-m0900-s1111,mask_fragment,512,0.9,100000,1111,90000,early_minus_late,early_mask_fragment,late_mask_fragment,subtract,15,109.33939996175468,235.10869994061068,-131.2570000300184,235.10869994061068
mask_fragment-n100000-w512-m0900-s1222,mask_fragment,512,0.9,100000,1222,90000,early_minus_late,early_mask_fragment,late_mask_fragment,subtract,15,106.70089995255694,231.9067000062205,-46.336500032339245,231.9067000062205
mask_fragment-n100000-w512-m0900-s1333,mask_fragment,512,0.9,100000,1333,90000,early_minus_late,early_mask_fragment,late_mask_fragment,subtract,15,114.33889996260405,168.7309000408277,7.789399998728186,168.7309000408277
mask_fragment-n100000-w512-m0900-s1444,mask_fragment,512,0.9,100000,1444,90000,early_minus_late,early_mask_fragment,late_mask_fragment,subtract,15,66.38489995384589,232.75759996613488,-79.85659997211769,232.75759996613488
mask_fragment-n100000-w512-m0900-s1555,mask_fragment,512,0.9,100000,1555,90000,early_minus_late,early_mask_fragment,late_mask_fragment,subtract,15,100.41079996153712,361.9057999458164,-51.3482999522239,361.9057999458164
mask_fragment-n100000-w512-m1000-s1111,mask_fragment,512,1.0,100000,1111,100000,early_minus_late,early_mask_fragment,late_mask_fragment,subtract,15,47.53149999305606,249.16940002003685,-175.0771999359131,249.16940002003685
mask_fragment-n100000-w512-m1000-s1222,mask_fragment,512,1.0,100000,1222,100000,early_minus_late,early_mask_fragment,late_mask_fragment,subtract,15,71.43670000368729,302.19490005401894,-205.9484000201337,302.19490005401894
mask_fragment-n100000-w512-m1000-s1333,mask_fragment,512,1.0,100000,1333,100000,early_minus_late,early_mask_fragment,late_mask_fragment,subtract,15,-26.51599998353049,198.84470000397414,-225.81399994669482,198.84470000397414
mask_fragment-n100000-w512-m1000-s1444,mask_fragment,512,1.0,100000,1444,100000,early_minus_late,early_mask_fragment,late_mask_fragment,subtract,15,71.27750001382083,340.9766999538988,-95.20849998807535,340.9766999538988
mask_fragment-n100000-w512-m1000-s1555,mask_fragment,512,1.0,100000,1555,100000,early_minus_late,early_mask_fragment,late_mask_fragment,subtract,15,74.99250001274049,217.5466000335291,-282.8292000340298,217.5466000335291
mask_fragment-n150000-w128-m0900-s1111,mask_fragment,128,0.9,150000,1111,135000,early_minus_late,early_mask_fragment,late_mask_fragment,subtract,15,-87.23150001605973,12.190900044515729,-996.2591000366956,12.190900044515729
mask_fragment-n150000-w128-m0900-s1222,mask_fragment,128,0.9,150000,1222,135000,early_minus_late,early_mask_fragment,late_mask_fragment,subtract,15,-53.05360001511872,1126.6270999913104,-952.9900000197813,1126.6270999913104
mask_fragment-n150000-w128-m0900-s1333,mask_fragment,128,0.9,150000,1333,135000,early_minus_late,early_mask_fragment,late_mask_fragment,subtract,15,-41.350900020916015,218.91970001161098,-307.85579996882007,218.91970001161098
mask_fragment-n150000-w128-m0900-s1444,mask_fragment,128,0.9,150000,1444,135000,early_minus_late,early_mask_fragment,late_mask_fragment,subtract,15,-60.346400015987456,34.665999992284924,-990.4306000098586,34.665999992284924
mask_fragment-n150000-w128-m0900-s1555,mask_fragment,128,0.9,150000,1555,135000,early_minus_late,early_mask_fragment,late_mask_fragment,subtract,15,-16.908399993553758,121.64249998750165,-119.57260000053793,121.64249998750165
mask_fragment-n150000-w128-m1000-s1111,mask_fragment,128,1.0,150000,1111,150000,early_minus_late,early_mask_fragment,late_mask_fragment,subtract,15,-42.33440000098199,138.55440000770614,-142.18739996431395,138.55440000770614
mask_fragment-n150000-w128-m1000-s1222,mask_fragment,128,1.0,150000,1222,150000,early_minus_late,early_mask_fragment,late_mask_fragment,subtract,15,-20.29360004235059,136.16409996757284,-1000.0534999999218,136.16409996757284
mask_fragment-n150000-w128-m1000-s1333,mask_fragment,128,1.0,150000,1333,150000,early_minus_late,early_mask_fragment,late_mask_fragment,subtract,15,-28.49699999205768,45.39499996462837,-94.30720005184412,45.39499996462837
mask_fragment-n150000-w128-m1000-s1444,mask_fragment,128,1.0,150000,1444,150000,early_minus_late,early_mask_fragment,late_mask_fragment,subtract,15,-50.816899980418384,43.06290001841262,-130.30930003151298,43.06290001841262
mask_fragment-n150000-w128-m1000-s1555,mask_fragment,128,1.0,150000,1555,150000,early_minus_late,early_mask_fragment,late_mask_fragment,subtract,15,-47.31930000707507,56.66099995141849,-200.44709998182952,56.66099995141849
mask_fragment-n150000-w256-m0900-s1111,mask_fragment,256,0.9,150000,1111,135000,early_minus_late,early_mask_fragment,late_mask_fragment,subtract,15,33.58250000746921,1356.6452000522986,-134.40380000974983,1356.6452000522986
mask_fragment-n150000-w256-m0900-s1222,mask_fragment,256,0.9,150000,1222,135000,early_minus_late,early_mask_fragment,late_mask_fragment,subtract,15,0.39110000943765044,1207.5543999671936,-146.2435000576079,1207.5543999671936
mask_fragment-n150000-w256-m0900-s1333,mask_fragment,256,0.9,150000,1333,135000,early_minus_late,early_mask_fragment,late_mask_fragment,subtract,15,14.659600041341037,185.2795000304468,-126.02130003506318,185.2795000304468
mask_fragment-n150000-w256-m0900-s1444,mask_fragment,256,0.9,150000,1444,135000,early_minus_late,early_mask_fragment,late_mask_fragment,subtract,15,-10.461599915288389,996.0970999673009,-135.27610001619905,996.0970999673009
mask_fragment-n150000-w256-m0900-s1555,mask_fragment,256,0.9,150000,1555,135000,early_minus_late,early_mask_fragment,late_mask_fragment,subtract,15,4.922599997371435,60.58239995036274,-119.85320004168898,60.58239995036274
mask_fragment-n150000-w256-m1000-s1111,mask_fragment,256,1.0,150000,1111,150000,early_minus_late,early_mask_fragment,late_mask_fragment,subtract,15,-36.868900002446026,95.17490002326667,-302.06750001525506,95.17490002326667
mask_fragment-n150000-w256-m1000-s1222,mask_fragment,256,1.0,150000,1222,150000,early_minus_late,early_mask_fragment,late_mask_fragment,subtract,15,-54.12130005424842,196.50759996147826,-181.80540000321344,196.50759996147826
mask_fragment-n150000-w256-m1000-s1333,mask_fragment,256,1.0,150000,1333,150000,early_minus_late,early_mask_fragment,late_mask_fragment,subtract,15,-16.88129996182397,129.81589999981225,-397.0038999686949,129.81589999981225
mask_fragment-n150000-w256-m1000-s1444,mask_fragment,256,1.0,150000,1444,150000,early_minus_late,early_mask_fragment,late_mask_fragment,subtract,15,-13.610500027425587,228.38979994412512,-207.43399998173118,228.38979994412512
mask_fragment-n150000-w256-m1000-s1555,mask_fragment,256,1.0,150000,1555,150000,early_minus_late,early_mask_fragment,late_mask_fragment,subtract,15,-13.724500022362918,1080.9256000211462,-214.58399994298816,1080.9256000211462
mask_fragment-n150000-w512-m0900-s1111,mask_fragment,512,0.9,150000,1111,135000,early_minus_late,early_mask_fragment,late_mask_fragment,subtract,15,47.11169999791309,162.99949999665841,-181.31640000501648,162.99949999665841
mask_fragment-n150000-w512-m0900-s1222,mask_fragment,512,0.9,150000,1222,135000,early_minus_late,early_mask_fragment,late_mask_fragment,subtract,15,40.61349999392405,465.50230000866577,-203.2244000583887,465.50230000866577
mask_fragment-n150000-w512-m0900-s1333,mask_fragment,512,0.9,150000,1333,135000,early_minus_late,early_mask_fragment,late_mask_fragment,subtract,15,22.699299966916442,191.21499999891967,-146.17090002866462,191.21499999891967
mask_fragment-n150000-w512-m0900-s1444,mask_fragment,512,0.9,150000,1444,135000,early_minus_late,early_mask_fragment,late_mask_fragment,subtract,15,7.589399989228696,185.77050004387274,-364.4653000519611,185.77050004387274
mask_fragment-n150000-w512-m0900-s1555,mask_fragment,512,0.9,150000,1555,135000,early_minus_late,early_mask_fragment,late_mask_fragment,subtract,15,49.490900011733174,236.4850000012666,-360.7713999808766,236.4850000012666
mask_fragment-n150000-w512-m1000-s1111,mask_fragment,512,1.0,150000,1111,150000,early_minus_late,early_mask_fragment,late_mask_fragment,subtract,15,40.66910000983626,313.7033000239171,-136.19119999930263,313.7033000239171
mask_fragment-n150000-w512-m1000-s1222,mask_fragment,512,1.0,150000,1222,150000,early_minus_late,early_mask_fragment,late_mask_fragment,subtract,15,7.894500042311847,296.5301999938674,-393.9898000098765,296.5301999938674
mask_fragment-n150000-w512-m1000-s1333,mask_fragment,512,1.0,150000,1333,150000,early_minus_late,early_mask_fragment,late_mask_fragment,subtract,15,23.091899987775832,234.47060002945364,-304.68240001937374,234.47060002945364
mask_fragment-n150000-w512-m1000-s1444,mask_fragment,512,1.0,150000,1444,150000,early_minus_late,early_mask_fragment,late_mask_fragment,subtract,15,-15.205899951979518,100.04329995717853,-299.4888999965042,100.04329995717853
mask_fragment-n150000-w512-m1000-s1555,mask_fragment,512,1.0,150000,1555,150000,early_minus_late,early_mask_fragment,late_mask_fragment,subtract,15,-47.66629997175187,137.99830002244562,-483.4127999492921,137.99830002244562
mask_fragment-n200000-w128-m0900-s1111,mask_fragment,128,0.9,200000,1111,180000,early_minus_late,early_mask_fragment,late_mask_fragment,subtract,15,-63.219200004823506,78.81269999779761,-304.4817000045441,78.81269999779761
mask_fragment-n200000-w128-m0900-s1222,mask_fragment,128,0.9,200000,1222,180000,early_minus_late,early_mask_fragment,late_mask_fragment,subtract,15,-70.970100001432,27.038300002459437,-198.761600011494,27.038300002459437
mask_fragment-n200000-w128-m0900-s1333,mask_fragment,128,0.9,200000,1333,180000,early_minus_late,early_mask_fragment,late_mask_fragment,subtract,15,-39.66460004448891,234.6304000238888,-134.44260007236153,234.6304000238888
mask_fragment-n200000-w128-m0900-s1444,mask_fragment,128,0.9,200000,1444,180000,early_minus_late,early_mask_fragment,late_mask_fragment,subtract,15,-19.033099990338087,479.31149997748435,-128.57679999433458,479.31149997748435
mask_fragment-n200000-w128-m0900-s1555,mask_fragment,128,0.9,200000,1555,180000,early_minus_late,early_mask_fragment,late_mask_fragment,subtract,15,-80.15429996885359,38.67989999707788,-224.97770003974438,38.67989999707788
mask_fragment-n200000-w128-m1000-s1111,mask_fragment,128,1.0,200000,1111,200000,early_minus_late,early_mask_fragment,late_mask_fragment,subtract,15,-78.77729996107519,-7.54429999506101,-195.1765000121668,-7.54429999506101
mask_fragment-n200000-w128-m1000-s1222,mask_fragment,128,1.0,200000,1222,200000,early_minus_late,early_mask_fragment,late_mask_fragment,subtract,15,-67.9731999989599,12.797500006854534,-335.84989997325465,12.797500006854534
mask_fragment-n200000-w128-m1000-s1333,mask_fragment,128,1.0,200000,1333,200000,early_minus_late,early_mask_fragment,late_mask_fragment,subtract,15,-79.80639999732375,-36.58369998447597,-148.9393999800086,-36.58369998447597
mask_fragment-n200000-w128-m1000-s1444,mask_fragment,128,1.0,200000,1444,200000,early_minus_late,early_mask_fragment,late_mask_fragment,subtract,15,-37.72619995288551,123.21659998269752,-1034.9509999505244,123.21659998269752
mask_fragment-n200000-w128-m1000-s1555,mask_fragment,128,1.0,200000,1555,200000,early_minus_late,early_mask_fragment,late_mask_fragment,subtract,15,-50.553400069475174,183.31259995466098,-146.80889999726787,183.31259995466098
mask_fragment-n200000-w256-m0900-s1111,mask_fragment,256,0.9,200000,1111,180000,early_minus_late,early_mask_fragment,late_mask_fragment,subtract,15,-16.477299970574677,848.9706999971531,-171.77460005041212,848.9706999971531
mask_fragment-n200000-w256-m0900-s1222,mask_fragment,256,0.9,200000,1222,180000,early_minus_late,early_mask_fragment,late_mask_fragment,subtract,15,335.2611000300385,1068.6022999580018,-1023.998600023333,1068.6022999580018
mask_fragment-n200000-w256-m0900-s1333,mask_fragment,256,0.9,200000,1333,180000,early_minus_late,early_mask_fragment,late_mask_fragment,subtract,15,-31.5847999881953,169.2361999885179,-170.0996999279596,169.2361999885179
mask_fragment-n200000-w256-m0900-s1444,mask_fragment,256,0.9,200000,1444,180000,early_minus_late,early_mask_fragment,late_mask_fragment,subtract,15,-42.87900001509115,148.50419998401776,-423.60589996678755,148.50419998401776
mask_fragment-n200000-w256-m0900-s1555,mask_fragment,256,0.9,200000,1555,180000,early_minus_late,early_mask_fragment,late_mask_fragment,subtract,15,-23.32790003856644,1126.4975999947637,-125.06629998097196,1126.4975999947637
mask_fragment-n200000-w256-m1000-s1111,mask_fragment,256,1.0,200000,1111,200000,early_minus_late,early_mask_fragment,late_mask_fragment,subtract,15,-76.56989997485653,463.5220000054687,-1230.0038999528624,463.5220000054687
mask_fragment-n200000-w256-m1000-s1222,mask_fragment,256,1.0,200000,1222,200000,early_minus_late,early_mask_fragment,late_mask_fragment,subtract,15,-14.67090001096949,180.15270004980266,-605.5331999668851,180.15270004980266
mask_fragment-n200000-w256-m1000-s1333,mask_fragment,256,1.0,200000,1333,200000,early_minus_late,early_mask_fragment,late_mask_fragment,subtract,15,-28.705500008072704,1175.7343000499532,-270.1658000005409,1175.7343000499532
mask_fragment-n200000-w256-m1000-s1444,mask_fragment,256,1.0,200000,1444,200000,early_minus_late,early_mask_fragment,late_mask_fragment,subtract,15,-21.13229996757582,60.59719994664192,-164.72060000523925,60.59719994664192
mask_fragment-n200000-w256-m1000-s1555,mask_fragment,256,1.0,200000,1555,200000,early_minus_late,early_mask_fragment,late_mask_fragment,subtract,15,-60.46880001667887,75.81379998009652,-318.744299991522,75.81379998009652
mask_fragment-n200000-w512-m0900-s1111,mask_fragment,512,0.9,200000,1111,180000,early_minus_late,early_mask_fragment,late_mask_fragment,subtract,15,13.931899971794337,234.15580001892522,-171.85770004289225,234.15580001892522
mask_fragment-n200000-w512-m0900-s1222,mask_fragment,512,0.9,200000,1222,180000,early_minus_late,early_mask_fragment,late_mask_fragment,subtract,15,61.469599953852594,235.59390002628788,-159.60379998432472,235.59390002628788
mask_fragment-n200000-w512-m0900-s1333,mask_fragment,512,0.9,200000,1333,180000,early_minus_late,early_mask_fragment,late_mask_fragment,subtract,15,-38.449999992735684,149.33439996093512,-431.6459999536164,149.33439996093512
mask_fragment-n200000-w512-m0900-s1444,mask_fragment,512,0.9,200000,1444,180000,early_minus_late,early_mask_fragment,late_mask_fragment,subtract,15,44.43349997745827,379.557800013572,-145.42930002789944,379.557800013572
mask_fragment-n200000-w512-m0900-s1555,mask_fragment,512,0.9,200000,1555,180000,early_minus_late,early_mask_fragment,late_mask_fragment,subtract,15,-76.66169997537509,38.4724999894388,-377.9176999232732,38.4724999894388
mask_fragment-n200000-w512-m1000-s1111,mask_fragment,512,1.0,200000,1111,200000,early_minus_late,early_mask_fragment,late_mask_fragment,subtract,15,1.0140000376850367,309.552300022915,-169.99020002549514,309.552300022915
mask_fragment-n200000-w512-m1000-s1222,mask_fragment,512,1.0,200000,1222,200000,early_minus_late,early_mask_fragment,late_mask_fragment,subtract,15,11.78589992923662,256.30419998196885,-346.18319995934144,256.30419998196885
mask_fragment-n200000-w512-m1000-s1333,mask_fragment,512,1.0,200000,1333,200000,early_minus_late,early_mask_fragment,late_mask_fragment,subtract,15,-12.105499976314604,184.40349999582395,-200.4313999786973,184.40349999582395
mask_fragment-n200000-w512-m1000-s1444,mask_fragment,512,1.0,200000,1444,200000,early_minus_late,early_mask_fragment,late_mask_fragment,subtract,15,-50.074399972800165,352.28819999611005,-472.8181000100449,352.28819999611005
mask_fragment-n200000-w512-m1000-s1555,mask_fragment,512,1.0,200000,1555,200000,early_minus_late,early_mask_fragment,late_mask_fragment,subtract,15,-41.9583999319002,133.2836999790743,-389.09630000125617,133.2836999790743
