scenario_id,identifier_width,match_rate,region_label,row_count,seed,variant,operator_index,operator_name,median_operator_timing_ms,actual_cardinality,rows_scanned,physical_plan_fingerprint
mixed-n100000-w128-m0900-s1666,128,0.9,phase2l_mixed,100000,1666,early_hash_materialized,0,EXPLAIN_ANALYZE,0.00039999999999999996,0,0,sha256:aaa00b3bd44c8b4eac45d7e7d997fa62366f1bf46f339190d03cee33407583a0
mixed-n100000-w128-m0900-s1666,128,0.9,phase2l_mixed,100000,1666,early_hash_materialized,1,BATCH_CREATE_TABLE_AS,49.35170000000001,1,0,sha256:aaa00b3bd44c8b4eac45d7e7d997fa62366f1bf46f339190d03cee33407583a0
mixed-n100000-w128-m0900-s1666,128,0.9,phase2l_mixed,100000,1666,early_hash_materialized,2,CTE,8.427399999999999,0,0,sha256:aaa00b3bd44c8b4eac45d7e7d997fa62366f1bf46f339190d03cee33407583a0
mixed-n100000-w128-m0900-s1666,128,0.9,phase2l_mixed,100000,1666,early_hash_materialized,3,PROJECTION,498.57919999999996,100000,0,sha256:aaa00b3bd44c8b4eac45d7e7d997fa62366f1bf46f339190d03cee33407583a0
mixed-n100000-w128-m0900-s1666,128,0.9,phase2l_mixed,100000,1666,early_hash_materialized,4,SEQ_SCAN,23.085500000000007,100000,100000,sha256:aaa00b3bd44c8b4eac45d7e7d997fa62366f1bf46f339190d03cee33407583a0
mixed-n100000-w128-m0900-s1666,128,0.9,phase2l_mixed,100000,1666,early_hash_materialized,5,PROJECTION,0.7751999999999998,90000,0,sha256:aaa00b3bd44c8b4eac45d7e7d997fa62366f1bf46f339190d03cee33407583a0
mixed-n100000-w128-m0900-s1666,128,0.9,phase2l_mixed,100000,1666,early_hash_materialized,6,ORDER_BY,83.11809999999998,90000,0,sha256:aaa00b3bd44c8b4eac45d7e7d997fa62366f1bf46f339190d03cee33407583a0
mixed-n100000-w128-m0900-s1666,128,0.9,phase2l_mixed,100000,1666,early_hash_materialized,7,PROJECTION,0.23279999999999998,90000,0,sha256:aaa00b3bd44c8b4eac45d7e7d997fa62366f1bf46f339190d03cee33407583a0
mixed-n100000-w128-m0900-s1666,128,0.9,phase2l_mixed,100000,1666,early_hash_materialized,8,HASH_JOIN,6.3823,90000,0,sha256:aaa00b3bd44c8b4eac45d7e7d997fa62366f1bf46f339190d03cee33407583a0
mixed-n100000-w128-m0900-s1666,128,0.9,phase2l_mixed,100000,1666,early_hash_materialized,9,CTE_SCAN,0.41800000000000004,100000,0,sha256:aaa00b3bd44c8b4eac45d7e7d997fa62366f1bf46f339190d03cee33407583a0
mixed-n100000-w128-m0900-s1666,128,0.9,phase2l_mixed,100000,1666,early_hash_materialized,10,SEQ_SCAN,0.0257,10000,10000,sha256:aaa00b3bd44c8b4eac45d7e7d997fa62366f1bf46f339190d03cee33407583a0
mixed-n100000-w128-m0900-s1666,128,0.9,phase2l_mixed,100000,1666,late_fused,0,EXPLAIN_ANALYZE,0.0003,0,0,sha256:f570cbbf354e04dbc1f358979321f6943968e8a815c0d2fb74a463dc822156e7
mixed-n100000-w128-m0900-s1666,128,0.9,phase2l_mixed,100000,1666,late_fused,1,BATCH_CREATE_TABLE_AS,15.442799999999997,1,0,sha256:f570cbbf354e04dbc1f358979321f6943968e8a815c0d2fb74a463dc822156e7
mixed-n100000-w128-m0900-s1666,128,0.9,phase2l_mixed,100000,1666,late_fused,2,PROJECTION,0.7010000000000002,90000,0,sha256:f570cbbf354e04dbc1f358979321f6943968e8a815c0d2fb74a463dc822156e7
mixed-n100000-w128-m0900-s1666,128,0.9,phase2l_mixed,100000,1666,late_fused,3,ORDER_BY,130.98129999999998,90000,0,sha256:f570cbbf354e04dbc1f358979321f6943968e8a815c0d2fb74a463dc822156e7
mixed-n100000-w128-m0900-s1666,128,0.9,phase2l_mixed,100000,1666,late_fused,4,PROJECTION,2.2859999999999996,90000,0,sha256:f570cbbf354e04dbc1f358979321f6943968e8a815c0d2fb74a463dc822156e7
mixed-n100000-w128-m0900-s1666,128,0.9,phase2l_mixed,100000,1666,late_fused,5,PROJECTION,441.74499999999995,90000,0,sha256:f570cbbf354e04dbc1f358979321f6943968e8a815c0d2fb74a463dc822156e7
mixed-n100000-w128-m0900-s1666,128,0.9,phase2l_mixed,100000,1666,late_fused,6,HASH_JOIN,4.428700000000001,90000,0,sha256:f570cbbf354e04dbc1f358979321f6943968e8a815c0d2fb74a463dc822156e7
mixed-n100000-w128-m0900-s1666,128,0.9,phase2l_mixed,100000,1666,late_fused,7,SEQ_SCAN,7.0119,90000,100000,sha256:f570cbbf354e04dbc1f358979321f6943968e8a815c0d2fb74a463dc822156e7
mixed-n100000-w128-m0900-s1666,128,0.9,phase2l_mixed,100000,1666,late_fused,8,SEQ_SCAN,0.2503,10000,10000,sha256:f570cbbf354e04dbc1f358979321f6943968e8a815c0d2fb74a463dc822156e7
mixed-n100000-w128-m0900-s1666,128,0.9,phase2l_mixed,100000,1666,late_hash_materialized,0,EXPLAIN_ANALYZE,0.00039999999999999996,0,0,sha256:8c775ff611abc16d74d7b882b9f184805f1ebab78a726a672f21ac5ab0810c9f
mixed-n100000-w128-m0900-s1666,128,0.9,phase2l_mixed,100000,1666,late_hash_materialized,1,BATCH_CREATE_TABLE_AS,17.268,1,0,sha256:8c775ff611abc16d74d7b882b9f184805f1ebab78a726a672f21ac5ab0810c9f
mixed-n100000-w128-m0900-s1666,128,0.9,phase2l_mixed,100000,1666,late_hash_materialized,2,CTE,12.398499999999999,0,0,sha256:8c775ff611abc16d74d7b882b9f184805f1ebab78a726a672f21ac5ab0810c9f
mixed-n100000-w128-m0900-s1666,128,0.9,phase2l_mixed,100000,1666,late_hash_materialized,3,PROJECTION,431.09079999999994,90000,0,sha256:8c775ff611abc16d74d7b882b9f184805f1ebab78a726a672f21ac5ab0810c9f
mixed-n100000-w128-m0900-s1666,128,0.9,phase2l_mixed,100000,1666,late_hash_materialized,4,HASH_JOIN,1.7227000000000006,90000,0,sha256:8c775ff611abc16d74d7b882b9f184805f1ebab78a726a672f21ac5ab0810c9f
mixed-n100000-w128-m0900-s1666,128,0.9,phase2l_mixed,100000,1666,late_hash_materialized,5,SEQ_SCAN,10.469000000000001,90000,100000,sha256:8c775ff611abc16d74d7b882b9f184805f1ebab78a726a672f21ac5ab0810c9f
mixed-n100000-w128-m0900-s1666,128,0.9,phase2l_mixed,100000,1666,late_hash_materialized,6,SEQ_SCAN,0.03269999999999999,10000,10000,sha256:8c775ff611abc16d74d7b882b9f184805f1ebab78a726a672f21ac5ab0810c9f
mixed-n100000-w128-m0900-s1666,128,0.9,phase2l_mixed,100000,1666,late_hash_materialized,7,ORDER_BY,91.35560000000001,90000,0,sha256:8c775ff611abc16d74d7b882b9f184805f1ebab78a726a672f21ac5ab0810c9f
mixed-n100000-w128-m0900-s1666,128,0.9,phase2l_mixed,100000,1666,late_hash_materialized,8,CTE_SCAN,0.35619999999999996,90000,0,sha256:8c775ff611abc16d74d7b882b9f184805f1ebab78a726a672f21ac5ab0810c9f
mixed-n100000-w128-m0900-s1666,128,0.9,phase2l_mixed,100000,1666,late_join_materialized,0,EXPLAIN_ANALYZE,0.0005,0,0,sha256:26c7beb699842444e252d17ec55e88fce7462da77b086dbbfc8863980d091221
mixed-n100000-w128-m0900-s1666,128,0.9,phase2l_mixed,100000,1666,late_join_materialized,1,BATCH_CREATE_TABLE_AS,15.634199999999998,1,0,sha256:26c7beb699842444e252d17ec55e88fce7462da77b086dbbfc8863980d091221
mixed-n100000-w128-m0900-s1666,128,0.9,phase2l_mixed,100000,1666,late_join_materialized,2,CTE,10.5229,0,0,sha256:26c7beb699842444e252d17ec55e88fce7462da77b086dbbfc8863980d091221
mixed-n100000-w128-m0900-s1666,128,0.9,phase2l_mixed,100000,1666,late_join_materialized,3,HASH_JOIN,1.4859000000000002,90000,0,sha256:26c7beb699842444e252d17ec55e88fce7462da77b086dbbfc8863980d091221
mixed-n100000-w128-m0900-s1666,128,0.9,phase2l_mixed,100000,1666,late_join_materialized,4,SEQ_SCAN,5.507199999999998,90000,100000,sha256:26c7beb699842444e252d17ec55e88fce7462da77b086dbbfc8863980d091221
mixed-n100000-w128-m0900-s1666,128,0.9,phase2l_mixed,100000,1666,late_join_materialized,5,SEQ_SCAN,0.0276,10000,10000,sha256:26c7beb699842444e252d17ec55e88fce7462da77b086dbbfc8863980d091221
mixed-n100000-w128-m0900-s1666,128,0.9,phase2l_mixed,100000,1666,late_join_materialized,6,ORDER_BY,127.63719999999998,90000,0,sha256:26c7beb699842444e252d17ec55e88fce7462da77b086dbbfc8863980d091221
mixed-n100000-w128-m0900-s1666,128,0.9,phase2l_mixed,100000,1666,late_join_materialized,7,PROJECTION,744.6823,90000,0,sha256:26c7beb699842444e252d17ec55e88fce7462da77b086dbbfc8863980d091221
mixed-n100000-w128-m0900-s1666,128,0.9,phase2l_mixed,100000,1666,late_join_materialized,8,CTE_SCAN,1.1444,90000,0,sha256:26c7beb699842444e252d17ec55e88fce7462da77b086dbbfc8863980d091221
stable-early-n200000-w128-m1000-s1666,128,1.0,phase2l_stable_early,200000,1666,early_hash_materialized,0,EXPLAIN_ANALYZE,0.0003,0,0,sha256:aaa00b3bd44c8b4eac45d7e7d997fa62366f1bf46f339190d03cee33407583a0
stable-early-n200000-w128-m1000-s1666,128,1.0,phase2l_stable_early,200000,1666,early_hash_materialized,1,BATCH_CREATE_TABLE_AS,32.6235,1,0,sha256:aaa00b3bd44c8b4eac45d7e7d997fa62366f1bf46f339190d03cee33407583a0
stable-early-n200000-w128-m1000-s1666,128,1.0,phase2l_stable_early,200000,1666,early_hash_materialized,2,CTE,28.002599999999997,0,0,sha256:aaa00b3bd44c8b4eac45d7e7d997fa62366f1bf46f339190d03cee33407583a0
stable-early-n200000-w128-m1000-s1666,128,1.0,phase2l_stable_early,200000,1666,early_hash_materialized,3,PROJECTION,871.2401000000001,200000,0,sha256:aaa00b3bd44c8b4eac45d7e7d997fa62366f1bf46f339190d03cee33407583a0
stable-early-n200000-w128-m1000-s1666,128,1.0,phase2l_stable_early,200000,1666,early_hash_materialized,4,SEQ_SCAN,9.8979,200000,200000,sha256:aaa00b3bd44c8b4eac45d7e7d997fa62366f1bf46f339190d03cee33407583a0
stable-early-n200000-w128-m1000-s1666,128,1.0,phase2l_stable_early,200000,1666,early_hash_materialized,5,PROJECTION,0.7140000000000002,200000,0,sha256:aaa00b3bd44c8b4eac45d7e7d997fa62366f1bf46f339190d03cee33407583a0
stable-early-n200000-w128-m1000-s1666,128,1.0,phase2l_stable_early,200000,1666,early_hash_materialized,6,ORDER_BY,167.175,200000,0,sha256:aaa00b3bd44c8b4eac45d7e7d997fa62366f1bf46f339190d03cee33407583a0
stable-early-n200000-w128-m1000-s1666,128,1.0,phase2l_stable_early,200000,1666,early_hash_materialized,7,PROJECTION,0.6829000000000001,200000,0,sha256:aaa00b3bd44c8b4eac45d7e7d997fa62366f1bf46f339190d03cee33407583a0
stable-early-n200000-w128-m1000-s1666,128,1.0,phase2l_stable_early,200000,1666,early_hash_materialized,8,HASH_JOIN,13.270999999999999,200000,0,sha256:aaa00b3bd44c8b4eac45d7e7d997fa62366f1bf46f339190d03cee33407583a0
stable-early-n200000-w128-m1000-s1666,128,1.0,phase2l_stable_early,200000,1666,early_hash_materialized,9,CTE_SCAN,0.8515,200000,0,sha256:aaa00b3bd44c8b4eac45d7e7d997fa62366f1bf46f339190d03cee33407583a0
stable-early-n200000-w128-m1000-s1666,128,1.0,phase2l_stable_early,200000,1666,early_hash_materialized,10,SEQ_SCAN,0.0281,10000,10000,sha256:aaa00b3bd44c8b4eac45d7e7d997fa62366f1bf46f339190d03cee33407583a0
stable-early-n200000-w128-m1000-s1666,128,1.0,phase2l_stable_early,200000,1666,late_fused,0,EXPLAIN_ANALYZE,0.0003,0,0,sha256:646d9ee6b2744682f1817c9d1081dfd325281f05a4a52fc1bd20bcc2c8df1e91
stable-early-n200000-w128-m1000-s1666,128,1.0,phase2l_stable_early,200000,1666,late_fused,1,BATCH_CREATE_TABLE_AS,48.881600000000006,1,0,sha256:646d9ee6b2744682f1817c9d1081dfd325281f05a4a52fc1bd20bcc2c8df1e91
stable-early-n200000-w128-m1000-s1666,128,1.0,phase2l_stable_early,200000,1666,late_fused,2,PROJECTION,1.1347,200000,0,sha256:646d9ee6b2744682f1817c9d1081dfd325281f05a4a52fc1bd20bcc2c8df1e91
stable-early-n200000-w128-m1000-s1666,128,1.0,phase2l_stable_early,200000,1666,late_fused,3,ORDER_BY,169.7574,200000,0,sha256:646d9ee6b2744682f1817c9d1081dfd325281f05a4a52fc1bd20bcc2c8df1e91
stable-early-n200000-w128-m1000-s1666,128,1.0,phase2l_stable_early,200000,1666,late_fused,4,PROJECTION,3.499799999999999,200000,0,sha256:646d9ee6b2744682f1817c9d1081dfd325281f05a4a52fc1bd20bcc2c8df1e91
stable-early-n200000-w128-m1000-s1666,128,1.0,phase2l_stable_early,200000,1666,late_fused,5,PROJECTION,900.0921,200000,0,sha256:646d9ee6b2744682f1817c9d1081dfd325281f05a4a52fc1bd20bcc2c8df1e91
stable-early-n200000-w128-m1000-s1666,128,1.0,phase2l_stable_early,200000,1666,late_fused,6,HASH_JOIN,2.6969999999999996,200000,0,sha256:646d9ee6b2744682f1817c9d1081dfd325281f05a4a52fc1bd20bcc2c8df1e91
stable-early-n200000-w128-m1000-s1666,128,1.0,phase2l_stable_early,200000,1666,late_fused,7,SEQ_SCAN,9.370399999999998,200000,200000,sha256:646d9ee6b2744682f1817c9d1081dfd325281f05a4a52fc1bd20bcc2c8df1e91
stable-early-n200000-w128-m1000-s1666,128,1.0,phase2l_stable_early,200000,1666,late_fused,8,SEQ_SCAN,0.0441,10000,10000,sha256:646d9ee6b2744682f1817c9d1081dfd325281f05a4a52fc1bd20bcc2c8df1e91
stable-early-n200000-w128-m1000-s1666,128,1.0,phase2l_stable_early,200000,1666,late_hash_materialized,0,EXPLAIN_ANALYZE,0.0003,0,0,sha256:328909ac7fb179c7d58c77fabdb6f910d863b1850355efc5b96283a10322c2b5
stable-early-n200000-w128-m1000-s1666,128,1.0,phase2l_stable_early,200000,1666,late_hash_materialized,1,BATCH_CREATE_TABLE_AS,40.2116,1,0,sha256:328909ac7fb179c7d58c77fabdb6f910d863b1850355efc5b96283a10322c2b5
stable-early-n200000-w128-m1000-s1666,128,1.0,phase2l_stable_early,200000,1666,late_hash_materialized,2,CTE,31.349100000000004,0,0,sha256:328909ac7fb179c7d58c77fabdb6f910d863b1850355efc5b96283a10322c2b5
stable-early-n200000-w128-m1000-s1666,128,1.0,phase2l_stable_early,200000,1666,late_hash_materialized,3,PROJECTION,911.0494,200000,0,sha256:328909ac7fb179c7d58c77fabdb6f910d863b1850355efc5b96283a10322c2b5
stable-early-n200000-w128-m1000-s1666,128,1.0,phase2l_stable_early,200000,1666,late_hash_materialized,4,HASH_JOIN,3.91,200000,0,sha256:328909ac7fb179c7d58c77fabdb6f910d863b1850355efc5b96283a10322c2b5
stable-early-n200000-w128-m1000-s1666,128,1.0,phase2l_stable_early,200000,1666,late_hash_materialized,5,SEQ_SCAN,10.1525,200000,200000,sha256:328909ac7fb179c7d58c77fabdb6f910d863b1850355efc5b96283a10322c2b5
stable-early-n200000-w128-m1000-s1666,128,1.0,phase2l_stable_early,200000,1666,late_hash_materialized,6,SEQ_SCAN,0.04359999999999999,10000,10000,sha256:328909ac7fb179c7d58c77fabdb6f910d863b1850355efc5b96283a10322c2b5
stable-early-n200000-w128-m1000-s1666,128,1.0,phase2l_stable_early,200000,1666,late_hash_materialized,7,ORDER_BY,205.53900000000002,200000,0,sha256:328909ac7fb179c7d58c77fabdb6f910d863b1850355efc5b96283a10322c2b5
stable-early-n200000-w128-m1000-s1666,128,1.0,phase2l_stable_early,200000,1666,late_hash_materialized,8,CTE_SCAN,0.5641000000000002,200000,0,sha256:328909ac7fb179c7d58c77fabdb6f910d863b1850355efc5b96283a10322c2b5
stable-early-n200000-w128-m1000-s1666,128,1.0,phase2l_stable_early,200000,1666,late_join_materialized,0,EXPLAIN_ANALYZE,0.00019999999999999998,0,0,sha256:2146efa17423ef7b2b1bf85104eb315ae502fb9f7e752a64678c691decce3cdd
stable-early-n200000-w128-m1000-s1666,128,1.0,phase2l_stable_early,200000,1666,late_join_materialized,1,BATCH_CREATE_TABLE_AS,47.632099999999994,1,0,sha256:2146efa17423ef7b2b1bf85104eb315ae502fb9f7e752a64678c691decce3cdd
stable-early-n200000-w128-m1000-s1666,128,1.0,phase2l_stable_early,200000,1666,late_join_materialized,2,CTE,38.617399999999996,0,0,sha256:2146efa17423ef7b2b1bf85104eb315ae502fb9f7e752a64678c691decce3cdd
stable-early-n200000-w128-m1000-s1666,128,1.0,phase2l_stable_early,200000,1666,late_join_materialized,3,HASH_JOIN,2.3907000000000003,200000,0,sha256:2146efa17423ef7b2b1bf85104eb315ae502fb9f7e752a64678c691decce3cdd
stable-early-n200000-w128-m1000-s1666,128,1.0,phase2l_stable_early,200000,1666,late_join_materialized,4,SEQ_SCAN,6.6041,200000,200000,sha256:2146efa17423ef7b2b1bf85104eb315ae502fb9f7e752a64678c691decce3cdd
stable-early-n200000-w128-m1000-s1666,128,1.0,phase2l_stable_early,200000,1666,late_join_materialized,5,SEQ_SCAN,0.0333,10000,10000,sha256:2146efa17423ef7b2b1bf85104eb315ae502fb9f7e752a64678c691decce3cdd
stable-early-n200000-w128-m1000-s1666,128,1.0,phase2l_stable_early,200000,1666,late_join_materialized,6,ORDER_BY,257.2974,200000,0,sha256:2146efa17423ef7b2b1bf85104eb315ae502fb9f7e752a64678c691decce3cdd
stable-early-n200000-w128-m1000-s1666,128,1.0,phase2l_stable_early,200000,1666,late_join_materialized,7,PROJECTION,1506.3703999999998,200000,0,sha256:2146efa17423ef7b2b1bf85104eb315ae502fb9f7e752a64678c691decce3cdd
stable-early-n200000-w128-m1000-s1666,128,1.0,phase2l_stable_early,200000,1666,late_join_materialized,8,CTE_SCAN,1.7396999999999998,200000,0,sha256:2146efa17423ef7b2b1bf85104eb315ae502fb9f7e752a64678c691decce3cdd
stable-late-n100000-w512-m0900-s1666,512,0.9,phase2l_stable_late,100000,1666,early_hash_materialized,0,EXPLAIN_ANALYZE,0.0003,0,0,sha256:aaa00b3bd44c8b4eac45d7e7d997fa62366f1bf46f339190d03cee33407583a0
stable-late-n100000-w512-m0900-s1666,512,0.9,phase2l_stable_late,100000,1666,early_hash_materialized,1,BATCH_CREATE_TABLE_AS,16.906200000000002,1,0,sha256:aaa00b3bd44c8b4eac45d7e7d997fa62366f1bf46f339190d03cee33407583a0
stable-late-n100000-w512-m0900-s1666,512,0.9,phase2l_stable_late,100000,1666,early_hash_materialized,2,CTE,14.426099999999998,0,0,sha256:aaa00b3bd44c8b4eac45d7e7d997fa62366f1bf46f339190d03cee33407583a0
stable-late-n100000-w512-m0900-s1666,512,0.9,phase2l_stable_late,100000,1666,early_hash_materialized,3,PROJECTION,1157.4661999999996,100000,0,sha256:aaa00b3bd44c8b4eac45d7e7d997fa62366f1bf46f339190d03cee33407583a0
stable-late-n100000-w512-m0900-s1666,512,0.9,phase2l_stable_late,100000,1666,early_hash_materialized,4,SEQ_SCAN,5.9088,100000,100000,sha256:aaa00b3bd44c8b4eac45d7e7d997fa62366f1bf46f339190d03cee33407583a0
stable-late-n100000-w512-m0900-s1666,512,0.9,phase2l_stable_late,100000,1666,early_hash_materialized,5,PROJECTION,0.3974000000000001,90000,0,sha256:aaa00b3bd44c8b4eac45d7e7d997fa62366f1bf46f339190d03cee33407583a0
stable-late-n100000-w512-m0900-s1666,512,0.9,phase2l_stable_late,100000,1666,early_hash_materialized,6,ORDER_BY,82.30369999999998,90000,0,sha256:aaa00b3bd44c8b4eac45d7e7d997fa62366f1bf46f339190d03cee33407583a0
stable-late-n100000-w512-m0900-s1666,512,0.9,phase2l_stable_late,100000,1666,early_hash_materialized,7,PROJECTION,0.2657,90000,0,sha256:aaa00b3bd44c8b4eac45d7e7d997fa62366f1bf46f339190d03cee33407583a0
stable-late-n100000-w512-m0900-s1666,512,0.9,phase2l_stable_late,100000,1666,early_hash_materialized,8,HASH_JOIN,7.6437,90000,0,sha256:aaa00b3bd44c8b4eac45d7e7d997fa62366f1bf46f339190d03cee33407583a0
stable-late-n100000-w512-m0900-s1666,512,0.9,phase2l_stable_late,100000,1666,early_hash_materialized,9,CTE_SCAN,0.37810000000000005,100000,0,sha256:aaa00b3bd44c8b4eac45d7e7d997fa62366f1bf46f339190d03cee33407583a0
stable-late-n100000-w512-m0900-s1666,512,0.9,phase2l_stable_late,100000,1666,early_hash_materialized,10,SEQ_SCAN,0.0966,10000,10000,sha256:aaa00b3bd44c8b4eac45d7e7d997fa62366f1bf46f339190d03cee33407583a0
stable-late-n100000-w512-m0900-s1666,512,0.9,phase2l_stable_late,100000,1666,late_fused,0,EXPLAIN_ANALYZE,0.0006,0,0,sha256:f570cbbf354e04dbc1f358979321f6943968e8a815c0d2fb74a463dc822156e7
stable-late-n100000-w512-m0900-s1666,512,0.9,phase2l_stable_late,100000,1666,late_fused,1,BATCH_CREATE_TABLE_AS,16.1835,1,0,sha256:f570cbbf354e04dbc1f358979321f6943968e8a815c0d2fb74a463dc822156e7
stable-late-n100000-w512-m0900-s1666,512,0.9,phase2l_stable_late,100000,1666,late_fused,2,PROJECTION,0.7232999999999999,90000,0,sha256:f570cbbf354e04dbc1f358979321f6943968e8a815c0d2fb74a463dc822156e7
stable-late-n100000-w512-m0900-s1666,512,0.9,phase2l_stable_late,100000,1666,late_fused,3,ORDER_BY,72.10960000000001,90000,0,sha256:f570cbbf354e04dbc1f358979321f6943968e8a815c0d2fb74a463dc822156e7
stable-late-n100000-w512-m0900-s1666,512,0.9,phase2l_stable_late,100000,1666,late_fused,4,PROJECTION,2.0349999999999997,90000,0,sha256:f570cbbf354e04dbc1f358979321f6943968e8a815c0d2fb74a463dc822156e7
stable-late-n100000-w512-m0900-s1666,512,0.9,phase2l_stable_late,100000,1666,late_fused,5,PROJECTION,820.9578999999999,90000,0,sha256:f570cbbf354e04dbc1f358979321f6943968e8a815c0d2fb74a463dc822156e7
stable-late-n100000-w512-m0900-s1666,512,0.9,phase2l_stable_late,100000,1666,late_fused,6,HASH_JOIN,1.3881,90000,0,sha256:f570cbbf354e04dbc1f358979321f6943968e8a815c0d2fb74a463dc822156e7
stable-late-n100000-w512-m0900-s1666,512,0.9,phase2l_stable_late,100000,1666,late_fused,7,SEQ_SCAN,6.740900000000002,90000,100000,sha256:f570cbbf354e04dbc1f358979321f6943968e8a815c0d2fb74a463dc822156e7
stable-late-n100000-w512-m0900-s1666,512,0.9,phase2l_stable_late,100000,1666,late_fused,8,SEQ_SCAN,0.04230000000000001,10000,10000,sha256:f570cbbf354e04dbc1f358979321f6943968e8a815c0d2fb74a463dc822156e7
stable-late-n100000-w512-m0900-s1666,512,0.9,phase2l_stable_late,100000,1666,late_hash_materialized,0,EXPLAIN_ANALYZE,0.0003,0,0,sha256:8c775ff611abc16d74d7b882b9f184805f1ebab78a726a672f21ac5ab0810c9f
stable-late-n100000-w512-m0900-s1666,512,0.9,phase2l_stable_late,100000,1666,late_hash_materialized,1,BATCH_CREATE_TABLE_AS,12.6091,1,0,sha256:8c775ff611abc16d74d7b882b9f184805f1ebab78a726a672f21ac5ab0810c9f
stable-late-n100000-w512-m0900-s1666,512,0.9,phase2l_stable_late,100000,1666,late_hash_materialized,2,CTE,33.56870000000001,0,0,sha256:8c775ff611abc16d74d7b882b9f184805f1ebab78a726a672f21ac5ab0810c9f
stable-late-n100000-w512-m0900-s1666,512,0.9,phase2l_stable_late,100000,1666,late_hash_materialized,3,PROJECTION,915.2091999999999,90000,0,sha256:8c775ff611abc16d74d7b882b9f184805f1ebab78a726a672f21ac5ab0810c9f
stable-late-n100000-w512-m0900-s1666,512,0.9,phase2l_stable_late,100000,1666,late_hash_materialized,4,HASH_JOIN,1.6807000000000003,90000,0,sha256:8c775ff611abc16d74d7b882b9f184805f1ebab78a726a672f21ac5ab0810c9f
stable-late-n100000-w512-m0900-s1666,512,0.9,phase2l_stable_late,100000,1666,late_hash_materialized,5,SEQ_SCAN,9.9624,90000,100000,sha256:8c775ff611abc16d74d7b882b9f184805f1ebab78a726a672f21ac5ab0810c9f
stable-late-n100000-w512-m0900-s1666,512,0.9,phase2l_stable_late,100000,1666,late_hash_materialized,6,SEQ_SCAN,0.0731,10000,10000,sha256:8c775ff611abc16d74d7b882b9f184805f1ebab78a726a672f21ac5ab0810c9f
stable-late-n100000-w512-m0900-s1666,512,0.9,phase2l_stable_late,100000,1666,late_hash_materialized,7,ORDER_BY,67.38470000000002,90000,0,sha256:8c775ff611abc16d74d7b882b9f184805f1ebab78a726a672f21ac5ab0810c9f
stable-late-n100000-w512-m0900-s1666,512,0.9,phase2l_stable_late,100000,1666,late_hash_materialized,8,CTE_SCAN,0.29960000000000003,90000,0,sha256:8c775ff611abc16d74d7b882b9f184805f1ebab78a726a672f21ac5ab0810c9f
stable-late-n100000-w512-m0900-s1666,512,0.9,phase2l_stable_late,100000,1666,late_join_materialized,0,EXPLAIN_ANALYZE,0.0006,0,0,sha256:26c7beb699842444e252d17ec55e88fce7462da77b086dbbfc8863980d091221
stable-late-n100000-w512-m0900-s1666,512,0.9,phase2l_stable_late,100000,1666,late_join_materialized,1,BATCH_CREATE_TABLE_AS,16.139899999999997,1,0,sha256:26c7beb699842444e252d17ec55e88fce7462da77b086dbbfc8863980d091221
stable-late-n100000-w512-m0900-s1666,512,0.9,phase2l_stable_late,100000,1666,late_join_materialized,2,CTE,46.274899999999995,0,0,sha256:26c7beb699842444e252d17ec55e88fce7462da77b086dbbfc8863980d091221
stable-late-n100000-w512-m0900-s1666,512,0.9,phase2l_stable_late,100000,1666,late_join_materialized,3,HASH_JOIN,1.1747999999999996,90000,0,sha256:26c7beb699842444e252d17ec55e88fce7462da77b086dbbfc8863980d091221
stable-late-n100000-w512-m0900-s1666,512,0.9,phase2l_stable_late,100000,1666,late_join_materialized,4,SEQ_SCAN,5.587199999999998,90000,100000,sha256:26c7beb699842444e252d17ec55e88fce7462da77b086dbbfc8863980d091221
stable-late-n100000-w512-m0900-s1666,512,0.9,phase2l_stable_late,100000,1666,late_join_materialized,5,SEQ_SCAN,0.0346,10000,10000,sha256:26c7beb699842444e252d17ec55e88fce7462da77b086dbbfc8863980d091221
stable-late-n100000-w512-m0900-s1666,512,0.9,phase2l_stable_late,100000,1666,late_join_materialized,6,ORDER_BY,74.19839999999999,90000,0,sha256:26c7beb699842444e252d17ec55e88fce7462da77b086dbbfc8863980d091221
stable-late-n100000-w512-m0900-s1666,512,0.9,phase2l_stable_late,100000,1666,late_join_materialized,7,PROJECTION,1244.3476,90000,0,sha256:26c7beb699842444e252d17ec55e88fce7462da77b086dbbfc8863980d091221
stable-late-n100000-w512-m0900-s1666,512,0.9,phase2l_stable_late,100000,1666,late_join_materialized,8,CTE_SCAN,1.5272,90000,0,sha256:26c7beb699842444e252d17ec55e88fce7462da77b086dbbfc8863980d091221
