commit_hash,identifier_width,latency_ms,match_rate,matched_rows,order_position,physical_plan_fingerprint,region_label,repeat_index,result_digest,row_count,run_id,scenario_id,seed,variant
ea37d0c07d329a3ac0a3d4d5e45802744319b23f,128,547.6027999538928,0.9,90000,0,sha256:8c775ff611abc16d74d7b882b9f184805f1ebab78a726a672f21ac5ab0810c9f,phase2l_mixed,0,sha256:fb77015206adc024759b7f225db6ddbd43d7e1a6a56a658bc696e46d761e0f24,100000,20260718T015229507668Z,mixed-n100000-w128-m0900-s1666,1666,late_hash_materialized
ea37d0c07d329a3ac0a3d4d5e45802744319b23f,128,547.7428999729455,0.9,90000,1,sha256:aaa00b3bd44c8b4eac45d7e7d997fa62366f1bf46f339190d03cee33407583a0,phase2l_mixed,0,sha256:fb77015206adc024759b7f225db6ddbd43d7e1a6a56a658bc696e46d761e0f24,100000,20260718T015229507668Z,mixed-n100000-w128-m0900-s1666,1666,early_hash_materialized
ea37d0c07d329a3ac0a3d4d5e45802744319b23f,128,456.8674999754876,0.9,90000,2,sha256:f570cbbf354e04dbc1f358979321f6943968e8a815c0d2fb74a463dc822156e7,phase2l_mixed,0,sha256:fb77015206adc024759b7f225db6ddbd43d7e1a6a56a658bc696e46d761e0f24,100000,20260718T015229507668Z,mixed-n100000-w128-m0900-s1666,1666,late_fused
ea37d0c07d329a3ac0a3d4d5e45802744319b23f,128,334.403500019107,0.9,90000,3,sha256:26c7beb699842444e252d17ec55e88fce7462da77b086dbbfc8863980d091221,phase2l_mixed,0,sha256:fb77015206adc024759b7f225db6ddbd43d7e1a6a56a658bc696e46d761e0f24,100000,20260718T015229507668Z,mixed-n100000-w128-m0900-s1666,1666,late_join_materialized
ea37d0c07d329a3ac0a3d4d5e45802744319b23f,128,529.8186999862082,0.9,90000,0,sha256:aaa00b3bd44c8b4eac45d7e7d997fa62366f1bf46f339190d03cee33407583a0,phase2l_mixed,1,sha256:fb77015206adc024759b7f225db6ddbd43d7e1a6a56a658bc696e46d761e0f24,100000,20260718T015229507668Z,mixed-n100000-w128-m0900-s1666,1666,early_hash_materialized
ea37d0c07d329a3ac0a3d4d5e45802744319b23f,128,489.58390002371743,0.9,90000,1,sha256:f570cbbf354e04dbc1f358979321f6943968e8a815c0d2fb74a463dc822156e7,phase2l_mixed,1,sha256:fb77015206adc024759b7f225db6ddbd43d7e1a6a56a658bc696e46d761e0f24,100000,20260718T015229507668Z,mixed-n100000-w128-m0900-s1666,1666,late_fused
ea37d0c07d329a3ac0a3d4d5e45802744319b23f,128,245.0591999804601,0.9,90000,2,sha256:26c7beb699842444e252d17ec55e88fce7462da77b086dbbfc8863980d091221,phase2l_mixed,1,sha256:fb77015206adc024759b7f225db6ddbd43d7e1a6a56a658bc696e46d761e0f24,100000,20260718T015229507668Z,mixed-n100000-w128-m0900-s1666,1666,late_join_materialized
ea37d0c07d329a3ac0a3d4d5e45802744319b23f,128,422.72490001050755,0.9,90000,3,sha256:8c775ff611abc16d74d7b882b9f184805f1ebab78a726a672f21ac5ab0810c9f,phase2l_mixed,1,sha256:fb77015206adc024759b7f225db6ddbd43d7e1a6a56a658bc696e46d761e0f24,100000,20260718T015229507668Z,mixed-n100000-w128-m0900-s1666,1666,late_hash_materialized
ea37d0c07d329a3ac0a3d4d5e45802744319b23f,128,404.75980000337586,0.9,90000,0,sha256:f570cbbf354e04dbc1f358979321f6943968e8a815c0d2fb74a463dc822156e7,phase2l_mixed,2,sha256:fb77015206adc024759b7f225db6ddbd43d7e1a6a56a658bc696e46d761e0f24,100000,20260718T015229507668Z,mixed-n100000-w128-m0900-s1666,1666,late_fused
ea37d0c07d329a3ac0a3d4d5e45802744319b23f,128,259.257500001695,0.9,90000,1,sha256:26c7beb699842444e252d17ec55e88fce7462da77b086dbbfc8863980d091221,phase2l_mixed,2,sha256:fb77015206adc024759b7f225db6ddbd43d7e1a6a56a658bc696e46d761e0f24,100000,20260718T015229507668Z,mixed-n100000-w128-m0900-s1666,1666,late_join_materialized
ea37d0c07d329a3ac0a3d4d5e45802744319b23f,128,472.84190001664683,0.9,90000,2,sha256:8c775ff611abc16d74d7b882b9f184805f1ebab78a726a672f21ac5ab0810c9f,phase2l_mixed,2,sha256:fb77015206adc024759b7f225db6ddbd43d7e1a6a56a658bc696e46d761e0f24,100000,20260718T015229507668Z,mixed-n100000-w128-m0900-s1666,1666,late_hash_materialized
ea37d0c07d329a3ac0a3d4d5e45802744319b23f,128,530.031299975235,0.9,90000,3,sha256:aaa00b3bd44c8b4eac45d7e7d997fa62366f1bf46f339190d03cee33407583a0,phase2l_mixed,2,sha256:fb77015206adc024759b7f225db6ddbd43d7e1a6a56a658bc696e46d761e0f24,100000,20260718T015229507668Z,mixed-n100000-w128-m0900-s1666,1666,early_hash_materialized
ea37d0c07d329a3ac0a3d4d5e45802744319b23f,128,586.1027999781072,1.0,200000,0,sha256:646d9ee6b2744682f1817c9d1081dfd325281f05a4a52fc1bd20bcc2c8df1e91,phase2l_stable_early,0,sha256:754e74229176049fb9251e61e2657cbed52347af89806a5c08c639467af0e624,200000,20260718T015229507668Z,stable-early-n200000-w128-m1000-s1666,1666,late_fused
ea37d0c07d329a3ac0a3d4d5e45802744319b23f,128,519.6782000130042,1.0,200000,1,sha256:2146efa17423ef7b2b1bf85104eb315ae502fb9f7e752a64678c691decce3cdd,phase2l_stable_early,0,sha256:754e74229176049fb9251e61e2657cbed52347af89806a5c08c639467af0e624,200000,20260718T015229507668Z,stable-early-n200000-w128-m1000-s1666,1666,late_join_materialized
ea37d0c07d329a3ac0a3d4d5e45802744319b23f,128,605.7024999754503,1.0,200000,2,sha256:328909ac7fb179c7d58c77fabdb6f910d863b1850355efc5b96283a10322c2b5,phase2l_stable_early,0,sha256:754e74229176049fb9251e61e2657cbed52347af89806a5c08c639467af0e624,200000,20260718T015229507668Z,stable-early-n200000-w128-m1000-s1666,1666,late_hash_materialized
ea37d0c07d329a3ac0a3d4d5e45802744319b23f,128,566.1518999841064,1.0,200000,3,sha256:aaa00b3bd44c8b4eac45d7e7d997fa62366f1bf46f339190d03cee33407583a0,phase2l_stable_early,0,sha256:754e74229176049fb9251e61e2657cbed52347af89806a5c08c639467af0e624,200000,20260718T015229507668Z,stable-early-n200000-w128-m1000-s1666,1666,early_hash_materialized
ea37d0c07d329a3ac0a3d4d5e45802744319b23f,128,476.4844999881461,1.0,200000,0,sha256:2146efa17423ef7b2b1bf85104eb315ae502fb9f7e752a64678c691decce3cdd,phase2l_stable_early,1,sha256:754e74229176049fb9251e61e2657cbed52347af89806a5c08c639467af0e624,200000,20260718T015229507668Z,stable-early-n200000-w128-m1000-s1666,1666,late_join_materialized
ea37d0c07d329a3ac0a3d4d5e45802744319b23f,128,525.9334000293165,1.0,200000,1,sha256:328909ac7fb179c7d58c77fabdb6f910d863b1850355efc5b96283a10322c2b5,phase2l_stable_early,1,sha256:754e74229176049fb9251e61e2657cbed52347af89806a5c08c639467af0e624,200000,20260718T015229507668Z,stable-early-n200000-w128-m1000-s1666,1666,late_hash_materialized
ea37d0c07d329a3ac0a3d4d5e45802744319b23f,128,507.20329995965585,1.0,200000,2,sha256:aaa00b3bd44c8b4eac45d7e7d997fa62366f1bf46f339190d03cee33407583a0,phase2l_stable_early,1,sha256:754e74229176049fb9251e61e2657cbed52347af89806a5c08c639467af0e624,200000,20260718T015229507668Z,stable-early-n200000-w128-m1000-s1666,1666,early_hash_materialized
ea37d0c07d329a3ac0a3d4d5e45802744319b23f,128,634.9030999699607,1.0,200000,3,sha256:646d9ee6b2744682f1817c9d1081dfd325281f05a4a52fc1bd20bcc2c8df1e91,phase2l_stable_early,1,sha256:754e74229176049fb9251e61e2657cbed52347af89806a5c08c639467af0e624,200000,20260718T015229507668Z,stable-early-n200000-w128-m1000-s1666,1666,late_fused
ea37d0c07d329a3ac0a3d4d5e45802744319b23f,128,519.4943000096828,1.0,200000,0,sha256:328909ac7fb179c7d58c77fabdb6f910d863b1850355efc5b96283a10322c2b5,phase2l_stable_early,2,sha256:754e74229176049fb9251e61e2657cbed52347af89806a5c08c639467af0e624,200000,20260718T015229507668Z,stable-early-n200000-w128-m1000-s1666,1666,late_hash_materialized
ea37d0c07d329a3ac0a3d4d5e45802744319b23f,128,610.982000012882,1.0,200000,1,sha256:aaa00b3bd44c8b4eac45d7e7d997fa62366f1bf46f339190d03cee33407583a0,phase2l_stable_early,2,sha256:754e74229176049fb9251e61e2657cbed52347af89806a5c08c639467af0e624,200000,20260718T015229507668Z,stable-early-n200000-w128-m1000-s1666,1666,early_hash_materialized
ea37d0c07d329a3ac0a3d4d5e45802744319b23f,128,734.1223999974318,1.0,200000,2,sha256:646d9ee6b2744682f1817c9d1081dfd325281f05a4a52fc1bd20bcc2c8df1e91,phase2l_stable_early,2,sha256:754e74229176049fb9251e61e2657cbed52347af89806a5c08c639467af0e624,200000,20260718T015229507668Z,stable-early-n200000-w128-m1000-s1666,1666,late_fused
ea37d0c07d329a3ac0a3d4d5e45802744319b23f,128,420.37720000371337,1.0,200000,3,sha256:2146efa17423ef7b2b1bf85104eb315ae502fb9f7e752a64678c691decce3cdd,phase2l_stable_early,2,sha256:754e74229176049fb9251e61e2657cbed52347af89806a5c08c639467af0e624,200000,20260718T015229507668Z,stable-early-n200000-w128-m1000-s1666,1666,late_join_materialized
ea37d0c07d329a3ac0a3d4d5e45802744319b23f,512,497.1795999445021,0.9,90000,0,sha256:26c7beb699842444e252d17ec55e88fce7462da77b086dbbfc8863980d091221,phase2l_stable_late,0,sha256:48236555ca439b891a2bc8ed559d8e7cb094efa817cb4f8af9459dd45efdfca0,100000,20260718T015229507668Z,stable-late-n100000-w512-m0900-s1666,1666,late_join_materialized
ea37d0c07d329a3ac0a3d4d5e45802744319b23f,512,797.5233999895863,0.9,90000,1,sha256:8c775ff611abc16d74d7b882b9f184805f1ebab78a726a672f21ac5ab0810c9f,phase2l_stable_late,0,sha256:48236555ca439b891a2bc8ed559d8e7cb094efa817cb4f8af9459dd45efdfca0,100000,20260718T015229507668Z,stable-late-n100000-w512-m0900-s1666,1666,late_hash_materialized
ea37d0c07d329a3ac0a3d4d5e45802744319b23f,512,1185.6755000189878,0.9,90000,2,sha256:aaa00b3bd44c8b4eac45d7e7d997fa62366f1bf46f339190d03cee33407583a0,phase2l_stable_late,0,sha256:48236555ca439b891a2bc8ed559d8e7cb094efa817cb4f8af9459dd45efdfca0,100000,20260718T015229507668Z,stable-late-n100000-w512-m0900-s1666,1666,early_hash_materialized
ea37d0c07d329a3ac0a3d4d5e45802744319b23f,512,782.0746000506915,0.9,90000,3,sha256:f570cbbf354e04dbc1f358979321f6943968e8a815c0d2fb74a463dc822156e7,phase2l_stable_late,0,sha256:48236555ca439b891a2bc8ed559d8e7cb094efa817cb4f8af9459dd45efdfca0,100000,20260718T015229507668Z,stable-late-n100000-w512-m0900-s1666,1666,late_fused
ea37d0c07d329a3ac0a3d4d5e45802744319b23f,512,851.6161000006832,0.9,90000,0,sha256:8c775ff611abc16d74d7b882b9f184805f1ebab78a726a672f21ac5ab0810c9f,phase2l_stable_late,1,sha256:48236555ca439b891a2bc8ed559d8e7cb094efa817cb4f8af9459dd45efdfca0,100000,20260718T015229507668Z,stable-late-n100000-w512-m0900-s1666,1666,late_hash_materialized
ea37d0c07d329a3ac0a3d4d5e45802744319b23f,512,887.5188999809325,0.9,90000,1,sha256:aaa00b3bd44c8b4eac45d7e7d997fa62366f1bf46f339190d03cee33407583a0,phase2l_stable_late,1,sha256:48236555ca439b891a2bc8ed559d8e7cb094efa817cb4f8af9459dd45efdfca0,100000,20260718T015229507668Z,stable-late-n100000-w512-m0900-s1666,1666,early_hash_materialized
ea37d0c07d329a3ac0a3d4d5e45802744319b23f,512,870.7370999618433,0.9,90000,2,sha256:f570cbbf354e04dbc1f358979321f6943968e8a815c0d2fb74a463dc822156e7,phase2l_stable_late,1,sha256:48236555ca439b891a2bc8ed559d8e7cb094efa817cb4f8af9459dd45efdfca0,100000,20260718T015229507668Z,stable-late-n100000-w512-m0900-s1666,1666,late_fused
ea37d0c07d329a3ac0a3d4d5e45802744319b23f,512,536.308899987489,0.9,90000,3,sha256:26c7beb699842444e252d17ec55e88fce7462da77b086dbbfc8863980d091221,phase2l_stable_late,1,sha256:48236555ca439b891a2bc8ed559d8e7cb094efa817cb4f8af9459dd45efdfca0,100000,20260718T015229507668Z,stable-late-n100000-w512-m0900-s1666,1666,late_join_materialized
ea37d0c07d329a3ac0a3d4d5e45802744319b23f,512,1492.051300010644,0.9,90000,0,sha256:aaa00b3bd44c8b4eac45d7e7d997fa62366f1bf46f339190d03cee33407583a0,phase2l_stable_late,2,sha256:48236555ca439b891a2bc8ed559d8e7cb094efa817cb4f8af9459dd45efdfca0,100000,20260718T015229507668Z,stable-late-n100000-w512-m0900-s1666,1666,early_hash_materialized
ea37d0c07d329a3ac0a3d4d5e45802744319b23f,512,1207.5551999732852,0.9,90000,1,sha256:f570cbbf354e04dbc1f358979321f6943968e8a815c0d2fb74a463dc822156e7,phase2l_stable_late,2,sha256:48236555ca439b891a2bc8ed559d8e7cb094efa817cb4f8af9459dd45efdfca0,100000,20260718T015229507668Z,stable-late-n100000-w512-m0900-s1666,1666,late_fused
ea37d0c07d329a3ac0a3d4d5e45802744319b23f,512,563.8835999998264,0.9,90000,2,sha256:26c7beb699842444e252d17ec55e88fce7462da77b086dbbfc8863980d091221,phase2l_stable_late,2,sha256:48236555ca439b891a2bc8ed559d8e7cb094efa817cb4f8af9459dd45efdfca0,100000,20260718T015229507668Z,stable-late-n100000-w512-m0900-s1666,1666,late_join_materialized
ea37d0c07d329a3ac0a3d4d5e45802744319b23f,512,1432.9248999711126,0.9,90000,3,sha256:8c775ff611abc16d74d7b882b9f184805f1ebab78a726a672f21ac5ab0810c9f,phase2l_stable_late,2,sha256:48236555ca439b891a2bc8ed559d8e7cb094efa817cb4f8af9459dd45efdfca0,100000,20260718T015229507668Z,stable-late-n100000-w512-m0900-s1666,1666,late_hash_materialized
