unit_id,workload,sample_rows,repeat_index,measurement_block_id,permutation_id,order_position,strategy_id,started_at_utc,client_materialization_latency_ms,process_cpu_time_ms,output_row_count,semantic_result_digest
bts-full-2024-01,bts,547271,0,bts-full-2024-01-block-000,materialize-after-gov-002-mask -> fused -> materialize-after-bts-filter,0,materialize-after-gov-002-mask,2026-07-19T05:20:53.575176+00:00,762.7083,921.875,106251,sha256:16a46f300cbbf11937f6922e35eb1c32021e8b173bfcea0d370d2525f28bdeef
bts-full-2024-01,bts,547271,0,bts-full-2024-01-block-000,materialize-after-gov-002-mask -> fused -> materialize-after-bts-filter,1,fused,2026-07-19T05:20:55.449341+00:00,746.3256,843.75,106251,sha256:16a46f300cbbf11937f6922e35eb1c32021e8b173bfcea0d370d2525f28bdeef
bts-full-2024-01,bts,547271,0,bts-full-2024-01-block-000,materialize-after-gov-002-mask -> fused -> materialize-after-bts-filter,2,materialize-after-bts-filter,2026-07-19T05:20:57.026028+00:00,668.493,796.875,106251,sha256:16a46f300cbbf11937f6922e35eb1c32021e8b173bfcea0d370d2525f28bdeef
bts-full-2024-01,bts,547271,1,bts-full-2024-01-block-001,materialize-after-gov-002-mask -> materialize-after-bts-filter -> fused,0,materialize-after-gov-002-mask,2026-07-19T05:20:58.563237+00:00,669.2147,781.25,106251,sha256:16a46f300cbbf11937f6922e35eb1c32021e8b173bfcea0d370d2525f28bdeef
bts-full-2024-01,bts,547271,1,bts-full-2024-01-block-001,materialize-after-gov-002-mask -> materialize-after-bts-filter -> fused,1,materialize-after-bts-filter,2026-07-19T05:21:00.058738+00:00,594.7463,750.0,106251,sha256:16a46f300cbbf11937f6922e35eb1c32021e8b173bfcea0d370d2525f28bdeef
bts-full-2024-01,bts,547271,1,bts-full-2024-01-block-001,materialize-after-gov-002-mask -> materialize-after-bts-filter -> fused,2,fused,2026-07-19T05:21:01.422925+00:00,603.815,718.75,106251,sha256:16a46f300cbbf11937f6922e35eb1c32021e8b173bfcea0d370d2525f28bdeef
bts-full-2024-01,bts,547271,2,bts-full-2024-01-block-002,fused -> materialize-after-bts-filter -> materialize-after-gov-002-mask,0,fused,2026-07-19T05:21:03.251627+00:00,958.784,1000.0,106251,sha256:16a46f300cbbf11937f6922e35eb1c32021e8b173bfcea0d370d2525f28bdeef
bts-full-2024-01,bts,547271,2,bts-full-2024-01-block-002,fused -> materialize-after-bts-filter -> materialize-after-gov-002-mask,1,materialize-after-bts-filter,2026-07-19T05:21:05.373565+00:00,837.7893,765.625,106251,sha256:16a46f300cbbf11937f6922e35eb1c32021e8b173bfcea0d370d2525f28bdeef
bts-full-2024-01,bts,547271,2,bts-full-2024-01-block-002,fused -> materialize-after-bts-filter -> materialize-after-gov-002-mask,2,materialize-after-gov-002-mask,2026-07-19T05:21:07.339657+00:00,768.4081,828.125,106251,sha256:16a46f300cbbf11937f6922e35eb1c32021e8b173bfcea0d370d2525f28bdeef
bts-full-2024-01,bts,547271,3,bts-full-2024-01-block-003,fused -> materialize-after-gov-002-mask -> materialize-after-bts-filter,0,fused,2026-07-19T05:21:09.379522+00:00,1048.8609,1046.875,106251,sha256:16a46f300cbbf11937f6922e35eb1c32021e8b173bfcea0d370d2525f28bdeef
bts-full-2024-01,bts,547271,3,bts-full-2024-01-block-003,fused -> materialize-after-gov-002-mask -> materialize-after-bts-filter,1,materialize-after-gov-002-mask,2026-07-19T05:21:11.719693+00:00,953.0843,890.625,106251,sha256:16a46f300cbbf11937f6922e35eb1c32021e8b173bfcea0d370d2525f28bdeef
bts-full-2024-01,bts,547271,3,bts-full-2024-01-block-003,fused -> materialize-after-gov-002-mask -> materialize-after-bts-filter,2,materialize-after-bts-filter,2026-07-19T05:21:13.845433+00:00,815.9028,953.125,106251,sha256:16a46f300cbbf11937f6922e35eb1c32021e8b173bfcea0d370d2525f28bdeef
bts-full-2024-01,bts,547271,4,bts-full-2024-01-block-004,materialize-after-bts-filter -> materialize-after-gov-002-mask -> fused,0,materialize-after-bts-filter,2026-07-19T05:21:15.376936+00:00,671.655,812.5,106251,sha256:16a46f300cbbf11937f6922e35eb1c32021e8b173bfcea0d370d2525f28bdeef
bts-full-2024-01,bts,547271,4,bts-full-2024-01-block-004,materialize-after-bts-filter -> materialize-after-gov-002-mask -> fused,1,materialize-after-gov-002-mask,2026-07-19T05:21:16.889887+00:00,749.5489,859.375,106251,sha256:16a46f300cbbf11937f6922e35eb1c32021e8b173bfcea0d370d2525f28bdeef
bts-full-2024-01,bts,547271,4,bts-full-2024-01-block-004,materialize-after-bts-filter -> materialize-after-gov-002-mask -> fused,2,fused,2026-07-19T05:21:18.858713+00:00,860.3346,953.125,106251,sha256:16a46f300cbbf11937f6922e35eb1c32021e8b173bfcea0d370d2525f28bdeef
bts-full-2024-01,bts,547271,5,bts-full-2024-01-block-005,materialize-after-bts-filter -> fused -> materialize-after-gov-002-mask,0,materialize-after-bts-filter,2026-07-19T05:21:20.832256+00:00,914.2265,1000.0,106251,sha256:16a46f300cbbf11937f6922e35eb1c32021e8b173bfcea0d370d2525f28bdeef
bts-full-2024-01,bts,547271,5,bts-full-2024-01-block-005,materialize-after-bts-filter -> fused -> materialize-after-gov-002-mask,1,fused,2026-07-19T05:21:22.958513+00:00,845.7835,859.375,106251,sha256:16a46f300cbbf11937f6922e35eb1c32021e8b173bfcea0d370d2525f28bdeef
bts-full-2024-01,bts,547271,5,bts-full-2024-01-block-005,materialize-after-bts-filter -> fused -> materialize-after-gov-002-mask,2,materialize-after-gov-002-mask,2026-07-19T05:21:24.789270+00:00,554.5026,703.125,106251,sha256:16a46f300cbbf11937f6922e35eb1c32021e8b173bfcea0d370d2525f28bdeef
bts-full-2024-01,bts,547271,6,bts-full-2024-01-block-006,materialize-after-gov-002-mask -> materialize-after-bts-filter -> fused,0,materialize-after-gov-002-mask,2026-07-19T05:21:26.322137+00:00,644.5773,671.875,106251,sha256:16a46f300cbbf11937f6922e35eb1c32021e8b173bfcea0d370d2525f28bdeef
bts-full-2024-01,bts,547271,6,bts-full-2024-01-block-006,materialize-after-gov-002-mask -> materialize-after-bts-filter -> fused,1,materialize-after-bts-filter,2026-07-19T05:21:27.879459+00:00,771.9492,890.625,106251,sha256:16a46f300cbbf11937f6922e35eb1c32021e8b173bfcea0d370d2525f28bdeef
bts-full-2024-01,bts,547271,6,bts-full-2024-01-block-006,materialize-after-gov-002-mask -> materialize-after-bts-filter -> fused,2,fused,2026-07-19T05:21:30.055073+00:00,965.877,843.75,106251,sha256:16a46f300cbbf11937f6922e35eb1c32021e8b173bfcea0d370d2525f28bdeef
bts-full-2024-01,bts,547271,7,bts-full-2024-01-block-007,materialize-after-bts-filter -> fused -> materialize-after-gov-002-mask,0,materialize-after-bts-filter,2026-07-19T05:21:32.271722+00:00,822.9582,937.5,106251,sha256:16a46f300cbbf11937f6922e35eb1c32021e8b173bfcea0d370d2525f28bdeef
bts-full-2024-01,bts,547271,7,bts-full-2024-01-block-007,materialize-after-bts-filter -> fused -> materialize-after-gov-002-mask,1,fused,2026-07-19T05:21:34.048761+00:00,643.89,671.875,106251,sha256:16a46f300cbbf11937f6922e35eb1c32021e8b173bfcea0d370d2525f28bdeef
bts-full-2024-01,bts,547271,7,bts-full-2024-01-block-007,materialize-after-bts-filter -> fused -> materialize-after-gov-002-mask,2,materialize-after-gov-002-mask,2026-07-19T05:21:35.881828+00:00,840.9807,906.25,106251,sha256:16a46f300cbbf11937f6922e35eb1c32021e8b173bfcea0d370d2525f28bdeef
bts-full-2024-01,bts,547271,8,bts-full-2024-01-block-008,materialize-after-gov-002-mask -> fused -> materialize-after-bts-filter,0,materialize-after-gov-002-mask,2026-07-19T05:21:37.727859+00:00,651.9926,671.875,106251,sha256:16a46f300cbbf11937f6922e35eb1c32021e8b173bfcea0d370d2525f28bdeef
bts-full-2024-01,bts,547271,8,bts-full-2024-01-block-008,materialize-after-gov-002-mask -> fused -> materialize-after-bts-filter,1,fused,2026-07-19T05:21:39.212598+00:00,604.142,671.875,106251,sha256:16a46f300cbbf11937f6922e35eb1c32021e8b173bfcea0d370d2525f28bdeef
bts-full-2024-01,bts,547271,8,bts-full-2024-01-block-008,materialize-after-gov-002-mask -> fused -> materialize-after-bts-filter,2,materialize-after-bts-filter,2026-07-19T05:21:40.761030+00:00,663.2222,828.125,106251,sha256:16a46f300cbbf11937f6922e35eb1c32021e8b173bfcea0d370d2525f28bdeef
bts-full-2024-01,bts,547271,9,bts-full-2024-01-block-009,fused -> materialize-after-bts-filter -> materialize-after-gov-002-mask,0,fused,2026-07-19T05:21:42.111303+00:00,653.5104,734.375,106251,sha256:16a46f300cbbf11937f6922e35eb1c32021e8b173bfcea0d370d2525f28bdeef
bts-full-2024-01,bts,547271,9,bts-full-2024-01-block-009,fused -> materialize-after-bts-filter -> materialize-after-gov-002-mask,1,materialize-after-bts-filter,2026-07-19T05:21:43.643151+00:00,770.1183,953.125,106251,sha256:16a46f300cbbf11937f6922e35eb1c32021e8b173bfcea0d370d2525f28bdeef
bts-full-2024-01,bts,547271,9,bts-full-2024-01-block-009,fused -> materialize-after-bts-filter -> materialize-after-gov-002-mask,2,materialize-after-gov-002-mask,2026-07-19T05:21:45.277543+00:00,505.1739,578.125,106251,sha256:16a46f300cbbf11937f6922e35eb1c32021e8b173bfcea0d370d2525f28bdeef
bts-full-2024-01,bts,547271,10,bts-full-2024-01-block-010,materialize-after-bts-filter -> materialize-after-gov-002-mask -> fused,0,materialize-after-bts-filter,2026-07-19T05:21:46.565404+00:00,780.7722,921.875,106251,sha256:16a46f300cbbf11937f6922e35eb1c32021e8b173bfcea0d370d2525f28bdeef
bts-full-2024-01,bts,547271,10,bts-full-2024-01-block-010,materialize-after-bts-filter -> materialize-after-gov-002-mask -> fused,1,materialize-after-gov-002-mask,2026-07-19T05:21:48.564004+00:00,865.1293,921.875,106251,sha256:16a46f300cbbf11937f6922e35eb1c32021e8b173bfcea0d370d2525f28bdeef
bts-full-2024-01,bts,547271,10,bts-full-2024-01-block-010,materialize-after-bts-filter -> materialize-after-gov-002-mask -> fused,2,fused,2026-07-19T05:21:50.562715+00:00,813.3982,890.625,106251,sha256:16a46f300cbbf11937f6922e35eb1c32021e8b173bfcea0d370d2525f28bdeef
bts-full-2024-01,bts,547271,11,bts-full-2024-01-block-011,fused -> materialize-after-gov-002-mask -> materialize-after-bts-filter,0,fused,2026-07-19T05:21:52.548456+00:00,931.6795,968.75,106251,sha256:16a46f300cbbf11937f6922e35eb1c32021e8b173bfcea0d370d2525f28bdeef
bts-full-2024-01,bts,547271,11,bts-full-2024-01-block-011,fused -> materialize-after-gov-002-mask -> materialize-after-bts-filter,1,materialize-after-gov-002-mask,2026-07-19T05:21:54.553347+00:00,522.4931,609.375,106251,sha256:16a46f300cbbf11937f6922e35eb1c32021e8b173bfcea0d370d2525f28bdeef
bts-full-2024-01,bts,547271,11,bts-full-2024-01-block-011,fused -> materialize-after-gov-002-mask -> materialize-after-bts-filter,2,materialize-after-bts-filter,2026-07-19T05:21:55.940552+00:00,794.2912,796.875,106251,sha256:16a46f300cbbf11937f6922e35eb1c32021e8b173bfcea0d370d2525f28bdeef
bts-full-2024-01,bts,547271,12,bts-full-2024-01-block-012,materialize-after-gov-002-mask -> materialize-after-bts-filter -> fused,0,materialize-after-gov-002-mask,2026-07-19T05:21:57.708163+00:00,579.2363,656.25,106251,sha256:16a46f300cbbf11937f6922e35eb1c32021e8b173bfcea0d370d2525f28bdeef
bts-full-2024-01,bts,547271,12,bts-full-2024-01-block-012,materialize-after-gov-002-mask -> materialize-after-bts-filter -> fused,1,materialize-after-bts-filter,2026-07-19T05:21:59.177983+00:00,757.4817,921.875,106251,sha256:16a46f300cbbf11937f6922e35eb1c32021e8b173bfcea0d370d2525f28bdeef
bts-full-2024-01,bts,547271,12,bts-full-2024-01-block-012,materialize-after-gov-002-mask -> materialize-after-bts-filter -> fused,2,fused,2026-07-19T05:22:00.973744+00:00,664.2627,796.875,106251,sha256:16a46f300cbbf11937f6922e35eb1c32021e8b173bfcea0d370d2525f28bdeef
bts-full-2024-01,bts,547271,13,bts-full-2024-01-block-013,fused -> materialize-after-gov-002-mask -> materialize-after-bts-filter,0,fused,2026-07-19T05:22:02.402771+00:00,581.739,578.125,106251,sha256:16a46f300cbbf11937f6922e35eb1c32021e8b173bfcea0d370d2525f28bdeef
bts-full-2024-01,bts,547271,13,bts-full-2024-01-block-013,fused -> materialize-after-gov-002-mask -> materialize-after-bts-filter,1,materialize-after-gov-002-mask,2026-07-19T05:22:03.791155+00:00,616.1367,671.875,106251,sha256:16a46f300cbbf11937f6922e35eb1c32021e8b173bfcea0d370d2525f28bdeef
bts-full-2024-01,bts,547271,13,bts-full-2024-01-block-013,fused -> materialize-after-gov-002-mask -> materialize-after-bts-filter,2,materialize-after-bts-filter,2026-07-19T05:22:05.393397+00:00,858.0691,1078.125,106251,sha256:16a46f300cbbf11937f6922e35eb1c32021e8b173bfcea0d370d2525f28bdeef
bts-full-2024-01,bts,547271,14,bts-full-2024-01-block-014,materialize-after-bts-filter -> fused -> materialize-after-gov-002-mask,0,materialize-after-bts-filter,2026-07-19T05:22:07.334411+00:00,633.7872,703.125,106251,sha256:16a46f300cbbf11937f6922e35eb1c32021e8b173bfcea0d370d2525f28bdeef
bts-full-2024-01,bts,547271,14,bts-full-2024-01-block-014,materialize-after-bts-filter -> fused -> materialize-after-gov-002-mask,1,fused,2026-07-19T05:22:08.836683+00:00,719.9303,750.0,106251,sha256:16a46f300cbbf11937f6922e35eb1c32021e8b173bfcea0d370d2525f28bdeef
bts-full-2024-01,bts,547271,14,bts-full-2024-01-block-014,materialize-after-bts-filter -> fused -> materialize-after-gov-002-mask,2,materialize-after-gov-002-mask,2026-07-19T05:22:10.409795+00:00,481.1493,593.75,106251,sha256:16a46f300cbbf11937f6922e35eb1c32021e8b173bfcea0d370d2525f28bdeef
bts-full-2024-01,bts,547271,15,bts-full-2024-01-block-015,fused -> materialize-after-bts-filter -> materialize-after-gov-002-mask,0,fused,2026-07-19T05:22:11.664664+00:00,532.1228,578.125,106251,sha256:16a46f300cbbf11937f6922e35eb1c32021e8b173bfcea0d370d2525f28bdeef
bts-full-2024-01,bts,547271,15,bts-full-2024-01-block-015,fused -> materialize-after-bts-filter -> materialize-after-gov-002-mask,1,materialize-after-bts-filter,2026-07-19T05:22:12.989277+00:00,816.6114,968.75,106251,sha256:16a46f300cbbf11937f6922e35eb1c32021e8b173bfcea0d370d2525f28bdeef
bts-full-2024-01,bts,547271,15,bts-full-2024-01-block-015,fused -> materialize-after-bts-filter -> materialize-after-gov-002-mask,2,materialize-after-gov-002-mask,2026-07-19T05:22:14.690112+00:00,573.9213,703.125,106251,sha256:16a46f300cbbf11937f6922e35eb1c32021e8b173bfcea0d370d2525f28bdeef
bts-full-2024-01,bts,547271,16,bts-full-2024-01-block-016,materialize-after-gov-002-mask -> fused -> materialize-after-bts-filter,0,materialize-after-gov-002-mask,2026-07-19T05:22:16.099179+00:00,591.6245,671.875,106251,sha256:16a46f300cbbf11937f6922e35eb1c32021e8b173bfcea0d370d2525f28bdeef
bts-full-2024-01,bts,547271,16,bts-full-2024-01-block-016,materialize-after-gov-002-mask -> fused -> materialize-after-bts-filter,1,fused,2026-07-19T05:22:17.816590+00:00,798.7124,765.625,106251,sha256:16a46f300cbbf11937f6922e35eb1c32021e8b173bfcea0d370d2525f28bdeef
bts-full-2024-01,bts,547271,16,bts-full-2024-01-block-016,materialize-after-gov-002-mask -> fused -> materialize-after-bts-filter,2,materialize-after-bts-filter,2026-07-19T05:22:19.705733+00:00,956.4455,1109.375,106251,sha256:16a46f300cbbf11937f6922e35eb1c32021e8b173bfcea0d370d2525f28bdeef
bts-full-2024-01,bts,547271,17,bts-full-2024-01-block-017,materialize-after-bts-filter -> materialize-after-gov-002-mask -> fused,0,materialize-after-bts-filter,2026-07-19T05:22:21.838601+00:00,1165.8607,1109.375,106251,sha256:16a46f300cbbf11937f6922e35eb1c32021e8b173bfcea0d370d2525f28bdeef
bts-full-2024-01,bts,547271,17,bts-full-2024-01-block-017,materialize-after-bts-filter -> materialize-after-gov-002-mask -> fused,1,materialize-after-gov-002-mask,2026-07-19T05:22:24.152192+00:00,656.2851,718.75,106251,sha256:16a46f300cbbf11937f6922e35eb1c32021e8b173bfcea0d370d2525f28bdeef
bts-full-2024-01,bts,547271,17,bts-full-2024-01-block-017,materialize-after-bts-filter -> materialize-after-gov-002-mask -> fused,2,fused,2026-07-19T05:22:25.646061+00:00,745.608,796.875,106251,sha256:16a46f300cbbf11937f6922e35eb1c32021e8b173bfcea0d370d2525f28bdeef
bts-full-2024-01,bts,547271,18,bts-full-2024-01-block-018,materialize-after-gov-002-mask -> fused -> materialize-after-bts-filter,0,materialize-after-gov-002-mask,2026-07-19T05:22:27.341976+00:00,584.4233,703.125,106251,sha256:16a46f300cbbf11937f6922e35eb1c32021e8b173bfcea0d370d2525f28bdeef
bts-full-2024-01,bts,547271,18,bts-full-2024-01-block-018,materialize-after-gov-002-mask -> fused -> materialize-after-bts-filter,1,fused,2026-07-19T05:22:28.735460+00:00,568.4076,687.5,106251,sha256:16a46f300cbbf11937f6922e35eb1c32021e8b173bfcea0d370d2525f28bdeef
bts-full-2024-01,bts,547271,18,bts-full-2024-01-block-018,materialize-after-gov-002-mask -> fused -> materialize-after-bts-filter,2,materialize-after-bts-filter,2026-07-19T05:22:30.240265+00:00,744.0729,859.375,106251,sha256:16a46f300cbbf11937f6922e35eb1c32021e8b173bfcea0d370d2525f28bdeef
bts-full-2024-01,bts,547271,19,bts-full-2024-01-block-019,materialize-after-bts-filter -> materialize-after-gov-002-mask -> fused,0,materialize-after-bts-filter,2026-07-19T05:22:31.800829+00:00,675.776,796.875,106251,sha256:16a46f300cbbf11937f6922e35eb1c32021e8b173bfcea0d370d2525f28bdeef
bts-full-2024-01,bts,547271,19,bts-full-2024-01-block-019,materialize-after-bts-filter -> materialize-after-gov-002-mask -> fused,1,materialize-after-gov-002-mask,2026-07-19T05:22:33.227445+00:00,631.6545,687.5,106251,sha256:16a46f300cbbf11937f6922e35eb1c32021e8b173bfcea0d370d2525f28bdeef
bts-full-2024-01,bts,547271,19,bts-full-2024-01-block-019,materialize-after-bts-filter -> materialize-after-gov-002-mask -> fused,2,fused,2026-07-19T05:22:34.782282+00:00,628.8537,718.75,106251,sha256:16a46f300cbbf11937f6922e35eb1c32021e8b173bfcea0d370d2525f28bdeef
bts-full-2024-01,bts,547271,20,bts-full-2024-01-block-020,fused -> materialize-after-gov-002-mask -> materialize-after-bts-filter,0,fused,2026-07-19T05:22:36.269251+00:00,643.5011,671.875,106251,sha256:16a46f300cbbf11937f6922e35eb1c32021e8b173bfcea0d370d2525f28bdeef
bts-full-2024-01,bts,547271,20,bts-full-2024-01-block-020,fused -> materialize-after-gov-002-mask -> materialize-after-bts-filter,1,materialize-after-gov-002-mask,2026-07-19T05:22:37.839262+00:00,615.0797,671.875,106251,sha256:16a46f300cbbf11937f6922e35eb1c32021e8b173bfcea0d370d2525f28bdeef
bts-full-2024-01,bts,547271,20,bts-full-2024-01-block-020,fused -> materialize-after-gov-002-mask -> materialize-after-bts-filter,2,materialize-after-bts-filter,2026-07-19T05:22:39.295925+00:00,577.7769,718.75,106251,sha256:16a46f300cbbf11937f6922e35eb1c32021e8b173bfcea0d370d2525f28bdeef
bts-full-2024-01,bts,547271,21,bts-full-2024-01-block-021,materialize-after-bts-filter -> fused -> materialize-after-gov-002-mask,0,materialize-after-bts-filter,2026-07-19T05:22:40.593092+00:00,650.7843,750.0,106251,sha256:16a46f300cbbf11937f6922e35eb1c32021e8b173bfcea0d370d2525f28bdeef
bts-full-2024-01,bts,547271,21,bts-full-2024-01-block-021,materialize-after-bts-filter -> fused -> materialize-after-gov-002-mask,1,fused,2026-07-19T05:22:42.115769+00:00,660.5243,703.125,106251,sha256:16a46f300cbbf11937f6922e35eb1c32021e8b173bfcea0d370d2525f28bdeef
bts-full-2024-01,bts,547271,21,bts-full-2024-01-block-021,materialize-after-bts-filter -> fused -> materialize-after-gov-002-mask,2,materialize-after-gov-002-mask,2026-07-19T05:22:43.634516+00:00,592.148,718.75,106251,sha256:16a46f300cbbf11937f6922e35eb1c32021e8b173bfcea0d370d2525f28bdeef
bts-full-2024-01,bts,547271,22,bts-full-2024-01-block-022,materialize-after-gov-002-mask -> materialize-after-bts-filter -> fused,0,materialize-after-gov-002-mask,2026-07-19T05:22:45.138460+00:00,649.9105,781.25,106251,sha256:16a46f300cbbf11937f6922e35eb1c32021e8b173bfcea0d370d2525f28bdeef
bts-full-2024-01,bts,547271,22,bts-full-2024-01-block-022,materialize-after-gov-002-mask -> materialize-after-bts-filter -> fused,1,materialize-after-bts-filter,2026-07-19T05:22:46.831416+00:00,925.4037,1031.25,106251,sha256:16a46f300cbbf11937f6922e35eb1c32021e8b173bfcea0d370d2525f28bdeef
bts-full-2024-01,bts,547271,22,bts-full-2024-01-block-022,materialize-after-gov-002-mask -> materialize-after-bts-filter -> fused,2,fused,2026-07-19T05:22:49.142295+00:00,893.3702,1000.0,106251,sha256:16a46f300cbbf11937f6922e35eb1c32021e8b173bfcea0d370d2525f28bdeef
bts-full-2024-01,bts,547271,23,bts-full-2024-01-block-023,fused -> materialize-after-bts-filter -> materialize-after-gov-002-mask,0,fused,2026-07-19T05:22:51.429457+00:00,896.0279,906.25,106251,sha256:16a46f300cbbf11937f6922e35eb1c32021e8b173bfcea0d370d2525f28bdeef
bts-full-2024-01,bts,547271,23,bts-full-2024-01-block-023,fused -> materialize-after-bts-filter -> materialize-after-gov-002-mask,1,materialize-after-bts-filter,2026-07-19T05:22:53.486890+00:00,944.8774,1093.75,106251,sha256:16a46f300cbbf11937f6922e35eb1c32021e8b173bfcea0d370d2525f28bdeef
bts-full-2024-01,bts,547271,23,bts-full-2024-01-block-023,fused -> materialize-after-bts-filter -> materialize-after-gov-002-mask,2,materialize-after-gov-002-mask,2026-07-19T05:22:55.606513+00:00,750.3942,781.25,106251,sha256:16a46f300cbbf11937f6922e35eb1c32021e8b173bfcea0d370d2525f28bdeef
bts-full-2024-01,bts,547271,24,bts-full-2024-01-block-024,materialize-after-gov-002-mask -> materialize-after-bts-filter -> fused,0,materialize-after-gov-002-mask,2026-07-19T05:22:57.374805+00:00,509.809,625.0,106251,sha256:16a46f300cbbf11937f6922e35eb1c32021e8b173bfcea0d370d2525f28bdeef
bts-full-2024-01,bts,547271,24,bts-full-2024-01-block-024,materialize-after-gov-002-mask -> materialize-after-bts-filter -> fused,1,materialize-after-bts-filter,2026-07-19T05:22:58.726987+00:00,781.2588,796.875,106251,sha256:16a46f300cbbf11937f6922e35eb1c32021e8b173bfcea0d370d2525f28bdeef
bts-full-2024-01,bts,547271,24,bts-full-2024-01-block-024,materialize-after-gov-002-mask -> materialize-after-bts-filter -> fused,2,fused,2026-07-19T05:23:00.980143+00:00,925.6737,953.125,106251,sha256:16a46f300cbbf11937f6922e35eb1c32021e8b173bfcea0d370d2525f28bdeef
bts-full-2024-01,bts,547271,25,bts-full-2024-01-block-025,fused -> materialize-after-gov-002-mask -> materialize-after-bts-filter,0,fused,2026-07-19T05:23:03.002534+00:00,785.4032,843.75,106251,sha256:16a46f300cbbf11937f6922e35eb1c32021e8b173bfcea0d370d2525f28bdeef
bts-full-2024-01,bts,547271,25,bts-full-2024-01-block-025,fused -> materialize-after-gov-002-mask -> materialize-after-bts-filter,1,materialize-after-gov-002-mask,2026-07-19T05:23:05.091201+00:00,866.2816,937.5,106251,sha256:16a46f300cbbf11937f6922e35eb1c32021e8b173bfcea0d370d2525f28bdeef
bts-full-2024-01,bts,547271,25,bts-full-2024-01-block-025,fused -> materialize-after-gov-002-mask -> materialize-after-bts-filter,2,materialize-after-bts-filter,2026-07-19T05:23:07.356466+00:00,837.5522,1015.625,106251,sha256:16a46f300cbbf11937f6922e35eb1c32021e8b173bfcea0d370d2525f28bdeef
bts-full-2024-01,bts,547271,26,bts-full-2024-01-block-026,materialize-after-bts-filter -> fused -> materialize-after-gov-002-mask,0,materialize-after-bts-filter,2026-07-19T05:23:09.161039+00:00,755.826,906.25,106251,sha256:16a46f300cbbf11937f6922e35eb1c32021e8b173bfcea0d370d2525f28bdeef
bts-full-2024-01,bts,547271,26,bts-full-2024-01-block-026,materialize-after-bts-filter -> fused -> materialize-after-gov-002-mask,1,fused,2026-07-19T05:23:10.838482+00:00,578.9126,578.125,106251,sha256:16a46f300cbbf11937f6922e35eb1c32021e8b173bfcea0d370d2525f28bdeef
bts-full-2024-01,bts,547271,26,bts-full-2024-01-block-026,materialize-after-bts-filter -> fused -> materialize-after-gov-002-mask,2,materialize-after-gov-002-mask,2026-07-19T05:23:12.145578+00:00,500.0337,562.5,106251,sha256:16a46f300cbbf11937f6922e35eb1c32021e8b173bfcea0d370d2525f28bdeef
bts-full-2024-01,bts,547271,27,bts-full-2024-01-block-027,fused -> materialize-after-bts-filter -> materialize-after-gov-002-mask,0,fused,2026-07-19T05:23:13.481096+00:00,713.7061,781.25,106251,sha256:16a46f300cbbf11937f6922e35eb1c32021e8b173bfcea0d370d2525f28bdeef
bts-full-2024-01,bts,547271,27,bts-full-2024-01-block-027,fused -> materialize-after-bts-filter -> materialize-after-gov-002-mask,1,materialize-after-bts-filter,2026-07-19T05:23:15.066487+00:00,716.0195,859.375,106251,sha256:16a46f300cbbf11937f6922e35eb1c32021e8b173bfcea0d370d2525f28bdeef
bts-full-2024-01,bts,547271,27,bts-full-2024-01-block-027,fused -> materialize-after-bts-filter -> materialize-after-gov-002-mask,2,materialize-after-gov-002-mask,2026-07-19T05:23:16.587918+00:00,692.7256,812.5,106251,sha256:16a46f300cbbf11937f6922e35eb1c32021e8b173bfcea0d370d2525f28bdeef
bts-full-2024-01,bts,547271,28,bts-full-2024-01-block-028,materialize-after-gov-002-mask -> fused -> materialize-after-bts-filter,0,materialize-after-gov-002-mask,2026-07-19T05:23:18.480817+00:00,816.1504,828.125,106251,sha256:16a46f300cbbf11937f6922e35eb1c32021e8b173bfcea0d370d2525f28bdeef
bts-full-2024-01,bts,547271,28,bts-full-2024-01-block-028,materialize-after-gov-002-mask -> fused -> materialize-after-bts-filter,1,fused,2026-07-19T05:23:20.294239+00:00,743.8119,812.5,106251,sha256:16a46f300cbbf11937f6922e35eb1c32021e8b173bfcea0d370d2525f28bdeef
bts-full-2024-01,bts,547271,28,bts-full-2024-01-block-028,materialize-after-gov-002-mask -> fused -> materialize-after-bts-filter,2,materialize-after-bts-filter,2026-07-19T05:23:22.050154+00:00,1013.0793,1031.25,106251,sha256:16a46f300cbbf11937f6922e35eb1c32021e8b173bfcea0d370d2525f28bdeef
bts-full-2024-01,bts,547271,29,bts-full-2024-01-block-029,materialize-after-bts-filter -> materialize-after-gov-002-mask -> fused,0,materialize-after-bts-filter,2026-07-19T05:23:24.272951+00:00,888.5322,968.75,106251,sha256:16a46f300cbbf11937f6922e35eb1c32021e8b173bfcea0d370d2525f28bdeef
bts-full-2024-01,bts,547271,29,bts-full-2024-01-block-029,materialize-after-bts-filter -> materialize-after-gov-002-mask -> fused,1,materialize-after-gov-002-mask,2026-07-19T05:23:26.155791+00:00,611.6484,750.0,106251,sha256:16a46f300cbbf11937f6922e35eb1c32021e8b173bfcea0d370d2525f28bdeef
bts-full-2024-01,bts,547271,29,bts-full-2024-01-block-029,materialize-after-bts-filter -> materialize-after-gov-002-mask -> fused,2,fused,2026-07-19T05:23:27.711112+00:00,597.7555,718.75,106251,sha256:16a46f300cbbf11937f6922e35eb1c32021e8b173bfcea0d370d2525f28bdeef
nyc_tlc-full-2024-01,nyc_tlc,2964624,0,nyc_tlc-full-2024-01-block-000,materialize-after-nyc-filter -> fused -> materialize-after-nyc-zone-join,0,materialize-after-nyc-filter,2026-07-19T05:19:40.349189+00:00,360.9784,937.5,10,sha256:99a41fd26a8b21a0cfa0c2ba10ed58f17e3a8e6e720a35ca12c84011a2d56c81
nyc_tlc-full-2024-01,nyc_tlc,2964624,0,nyc_tlc-full-2024-01-block-000,materialize-after-nyc-filter -> fused -> materialize-after-nyc-zone-join,1,fused,2026-07-19T05:19:40.711197+00:00,531.0791,1312.5,10,sha256:99a41fd26a8b21a0cfa0c2ba10ed58f17e3a8e6e720a35ca12c84011a2d56c81
nyc_tlc-full-2024-01,nyc_tlc,2964624,0,nyc_tlc-full-2024-01-block-000,materialize-after-nyc-filter -> fused -> materialize-after-nyc-zone-join,2,materialize-after-nyc-zone-join,2026-07-19T05:19:41.241752+00:00,467.6113,1156.25,10,sha256:99a41fd26a8b21a0cfa0c2ba10ed58f17e3a8e6e720a35ca12c84011a2d56c81
nyc_tlc-full-2024-01,nyc_tlc,2964624,1,nyc_tlc-full-2024-01-block-001,materialize-after-nyc-zone-join -> fused -> materialize-after-nyc-filter,0,materialize-after-nyc-zone-join,2026-07-19T05:19:41.710138+00:00,459.141,1046.875,10,sha256:99a41fd26a8b21a0cfa0c2ba10ed58f17e3a8e6e720a35ca12c84011a2d56c81
nyc_tlc-full-2024-01,nyc_tlc,2964624,1,nyc_tlc-full-2024-01-block-001,materialize-after-nyc-zone-join -> fused -> materialize-after-nyc-filter,1,fused,2026-07-19T05:19:42.168778+00:00,373.2269,921.875,10,sha256:99a41fd26a8b21a0cfa0c2ba10ed58f17e3a8e6e720a35ca12c84011a2d56c81
nyc_tlc-full-2024-01,nyc_tlc,2964624,1,nyc_tlc-full-2024-01-block-001,materialize-after-nyc-zone-join -> fused -> materialize-after-nyc-filter,2,materialize-after-nyc-filter,2026-07-19T05:19:42.542985+00:00,418.4214,1171.875,10,sha256:99a41fd26a8b21a0cfa0c2ba10ed58f17e3a8e6e720a35ca12c84011a2d56c81
nyc_tlc-full-2024-01,nyc_tlc,2964624,2,nyc_tlc-full-2024-01-block-002,materialize-after-nyc-zone-join -> materialize-after-nyc-filter -> fused,0,materialize-after-nyc-zone-join,2026-07-19T05:19:42.961605+00:00,458.1955,1421.875,10,sha256:99a41fd26a8b21a0cfa0c2ba10ed58f17e3a8e6e720a35ca12c84011a2d56c81
nyc_tlc-full-2024-01,nyc_tlc,2964624,2,nyc_tlc-full-2024-01-block-002,materialize-after-nyc-zone-join -> materialize-after-nyc-filter -> fused,1,materialize-after-nyc-filter,2026-07-19T05:19:43.420385+00:00,461.8103,1468.75,10,sha256:99a41fd26a8b21a0cfa0c2ba10ed58f17e3a8e6e720a35ca12c84011a2d56c81
nyc_tlc-full-2024-01,nyc_tlc,2964624,2,nyc_tlc-full-2024-01-block-002,materialize-after-nyc-zone-join -> materialize-after-nyc-filter -> fused,2,fused,2026-07-19T05:19:43.882458+00:00,316.04,1031.25,10,sha256:99a41fd26a8b21a0cfa0c2ba10ed58f17e3a8e6e720a35ca12c84011a2d56c81
nyc_tlc-full-2024-01,nyc_tlc,2964624,3,nyc_tlc-full-2024-01-block-003,fused -> materialize-after-nyc-zone-join -> materialize-after-nyc-filter,0,fused,2026-07-19T05:19:44.198403+00:00,303.7158,671.875,10,sha256:99a41fd26a8b21a0cfa0c2ba10ed58f17e3a8e6e720a35ca12c84011a2d56c81
nyc_tlc-full-2024-01,nyc_tlc,2964624,3,nyc_tlc-full-2024-01-block-003,fused -> materialize-after-nyc-zone-join -> materialize-after-nyc-filter,1,materialize-after-nyc-zone-join,2026-07-19T05:19:44.501978+00:00,347.5658,812.5,10,sha256:99a41fd26a8b21a0cfa0c2ba10ed58f17e3a8e6e720a35ca12c84011a2d56c81
nyc_tlc-full-2024-01,nyc_tlc,2964624,3,nyc_tlc-full-2024-01-block-003,fused -> materialize-after-nyc-zone-join -> materialize-after-nyc-filter,2,materialize-after-nyc-filter,2026-07-19T05:19:44.849745+00:00,403.0207,1406.25,10,sha256:99a41fd26a8b21a0cfa0c2ba10ed58f17e3a8e6e720a35ca12c84011a2d56c81
nyc_tlc-full-2024-01,nyc_tlc,2964624,4,nyc_tlc-full-2024-01-block-004,fused -> materialize-after-nyc-filter -> materialize-after-nyc-zone-join,0,fused,2026-07-19T05:19:45.252537+00:00,298.6982,750.0,10,sha256:99a41fd26a8b21a0cfa0c2ba10ed58f17e3a8e6e720a35ca12c84011a2d56c81
nyc_tlc-full-2024-01,nyc_tlc,2964624,4,nyc_tlc-full-2024-01-block-004,fused -> materialize-after-nyc-filter -> materialize-after-nyc-zone-join,1,materialize-after-nyc-filter,2026-07-19T05:19:45.552076+00:00,369.4217,968.75,10,sha256:99a41fd26a8b21a0cfa0c2ba10ed58f17e3a8e6e720a35ca12c84011a2d56c81
nyc_tlc-full-2024-01,nyc_tlc,2964624,4,nyc_tlc-full-2024-01-block-004,fused -> materialize-after-nyc-filter -> materialize-after-nyc-zone-join,2,materialize-after-nyc-zone-join,2026-07-19T05:19:45.921995+00:00,463.1196,937.5,10,sha256:99a41fd26a8b21a0cfa0c2ba10ed58f17e3a8e6e720a35ca12c84011a2d56c81
nyc_tlc-full-2024-01,nyc_tlc,2964624,5,nyc_tlc-full-2024-01-block-005,materialize-after-nyc-filter -> materialize-after-nyc-zone-join -> fused,0,materialize-after-nyc-filter,2026-07-19T05:19:46.385127+00:00,406.2163,921.875,10,sha256:99a41fd26a8b21a0cfa0c2ba10ed58f17e3a8e6e720a35ca12c84011a2d56c81
nyc_tlc-full-2024-01,nyc_tlc,2964624,5,nyc_tlc-full-2024-01-block-005,materialize-after-nyc-filter -> materialize-after-nyc-zone-join -> fused,1,materialize-after-nyc-zone-join,2026-07-19T05:19:46.791045+00:00,614.9686,1234.375,10,sha256:99a41fd26a8b21a0cfa0c2ba10ed58f17e3a8e6e720a35ca12c84011a2d56c81
nyc_tlc-full-2024-01,nyc_tlc,2964624,5,nyc_tlc-full-2024-01-block-005,materialize-after-nyc-filter -> materialize-after-nyc-zone-join -> fused,2,fused,2026-07-19T05:19:47.406238+00:00,417.0167,906.25,10,sha256:99a41fd26a8b21a0cfa0c2ba10ed58f17e3a8e6e720a35ca12c84011a2d56c81
nyc_tlc-full-2024-01,nyc_tlc,2964624,6,nyc_tlc-full-2024-01-block-006,materialize-after-nyc-zone-join -> materialize-after-nyc-filter -> fused,0,materialize-after-nyc-zone-join,2026-07-19T05:19:47.823859+00:00,582.9685,1125.0,10,sha256:99a41fd26a8b21a0cfa0c2ba10ed58f17e3a8e6e720a35ca12c84011a2d56c81
nyc_tlc-full-2024-01,nyc_tlc,2964624,6,nyc_tlc-full-2024-01-block-006,materialize-after-nyc-zone-join -> materialize-after-nyc-filter -> fused,1,materialize-after-nyc-filter,2026-07-19T05:19:48.406739+00:00,533.2724,1625.0,10,sha256:99a41fd26a8b21a0cfa0c2ba10ed58f17e3a8e6e720a35ca12c84011a2d56c81
nyc_tlc-full-2024-01,nyc_tlc,2964624,6,nyc_tlc-full-2024-01-block-006,materialize-after-nyc-zone-join -> materialize-after-nyc-filter -> fused,2,fused,2026-07-19T05:19:48.940394+00:00,414.2569,906.25,10,sha256:99a41fd26a8b21a0cfa0c2ba10ed58f17e3a8e6e720a35ca12c84011a2d56c81
nyc_tlc-full-2024-01,nyc_tlc,2964624,7,nyc_tlc-full-2024-01-block-007,fused -> materialize-after-nyc-filter -> materialize-after-nyc-zone-join,0,fused,2026-07-19T05:19:49.355395+00:00,382.7987,1171.875,10,sha256:99a41fd26a8b21a0cfa0c2ba10ed58f17e3a8e6e720a35ca12c84011a2d56c81
nyc_tlc-full-2024-01,nyc_tlc,2964624,7,nyc_tlc-full-2024-01-block-007,fused -> materialize-after-nyc-filter -> materialize-after-nyc-zone-join,1,materialize-after-nyc-filter,2026-07-19T05:19:49.737991+00:00,434.3019,1031.25,10,sha256:99a41fd26a8b21a0cfa0c2ba10ed58f17e3a8e6e720a35ca12c84011a2d56c81
nyc_tlc-full-2024-01,nyc_tlc,2964624,7,nyc_tlc-full-2024-01-block-007,fused -> materialize-after-nyc-filter -> materialize-after-nyc-zone-join,2,materialize-after-nyc-zone-join,2026-07-19T05:19:50.172687+00:00,482.1368,968.75,10,sha256:99a41fd26a8b21a0cfa0c2ba10ed58f17e3a8e6e720a35ca12c84011a2d56c81
nyc_tlc-full-2024-01,nyc_tlc,2964624,8,nyc_tlc-full-2024-01-block-008,materialize-after-nyc-zone-join -> fused -> materialize-after-nyc-filter,0,materialize-after-nyc-zone-join,2026-07-19T05:19:50.654588+00:00,516.4502,1187.5,10,sha256:99a41fd26a8b21a0cfa0c2ba10ed58f17e3a8e6e720a35ca12c84011a2d56c81
nyc_tlc-full-2024-01,nyc_tlc,2964624,8,nyc_tlc-full-2024-01-block-008,materialize-after-nyc-zone-join -> fused -> materialize-after-nyc-filter,1,fused,2026-07-19T05:19:51.171656+00:00,430.3477,921.875,10,sha256:99a41fd26a8b21a0cfa0c2ba10ed58f17e3a8e6e720a35ca12c84011a2d56c81
nyc_tlc-full-2024-01,nyc_tlc,2964624,8,nyc_tlc-full-2024-01-block-008,materialize-after-nyc-zone-join -> fused -> materialize-after-nyc-filter,2,materialize-after-nyc-filter,2026-07-19T05:19:51.602469+00:00,462.797,1140.625,10,sha256:99a41fd26a8b21a0cfa0c2ba10ed58f17e3a8e6e720a35ca12c84011a2d56c81
nyc_tlc-full-2024-01,nyc_tlc,2964624,9,nyc_tlc-full-2024-01-block-009,fused -> materialize-after-nyc-zone-join -> materialize-after-nyc-filter,0,fused,2026-07-19T05:19:52.065846+00:00,433.8938,1312.5,10,sha256:99a41fd26a8b21a0cfa0c2ba10ed58f17e3a8e6e720a35ca12c84011a2d56c81
nyc_tlc-full-2024-01,nyc_tlc,2964624,9,nyc_tlc-full-2024-01-block-009,fused -> materialize-after-nyc-zone-join -> materialize-after-nyc-filter,1,materialize-after-nyc-zone-join,2026-07-19T05:19:52.499972+00:00,584.5798,1203.125,10,sha256:99a41fd26a8b21a0cfa0c2ba10ed58f17e3a8e6e720a35ca12c84011a2d56c81
nyc_tlc-full-2024-01,nyc_tlc,2964624,9,nyc_tlc-full-2024-01-block-009,fused -> materialize-after-nyc-zone-join -> materialize-after-nyc-filter,2,materialize-after-nyc-filter,2026-07-19T05:19:53.084492+00:00,598.1692,1296.875,10,sha256:99a41fd26a8b21a0cfa0c2ba10ed58f17e3a8e6e720a35ca12c84011a2d56c81
nyc_tlc-full-2024-01,nyc_tlc,2964624,10,nyc_tlc-full-2024-01-block-010,materialize-after-nyc-filter -> materialize-after-nyc-zone-join -> fused,0,materialize-after-nyc-filter,2026-07-19T05:19:53.682694+00:00,565.9731,1578.125,10,sha256:99a41fd26a8b21a0cfa0c2ba10ed58f17e3a8e6e720a35ca12c84011a2d56c81
nyc_tlc-full-2024-01,nyc_tlc,2964624,10,nyc_tlc-full-2024-01-block-010,materialize-after-nyc-filter -> materialize-after-nyc-zone-join -> fused,1,materialize-after-nyc-zone-join,2026-07-19T05:19:54.249128+00:00,559.8622,921.875,10,sha256:99a41fd26a8b21a0cfa0c2ba10ed58f17e3a8e6e720a35ca12c84011a2d56c81
nyc_tlc-full-2024-01,nyc_tlc,2964624,10,nyc_tlc-full-2024-01-block-010,materialize-after-nyc-filter -> materialize-after-nyc-zone-join -> fused,2,fused,2026-07-19T05:19:54.809655+00:00,386.4797,843.75,10,sha256:99a41fd26a8b21a0cfa0c2ba10ed58f17e3a8e6e720a35ca12c84011a2d56c81
nyc_tlc-full-2024-01,nyc_tlc,2964624,11,nyc_tlc-full-2024-01-block-011,materialize-after-nyc-filter -> fused -> materialize-after-nyc-zone-join,0,materialize-after-nyc-filter,2026-07-19T05:19:55.196091+00:00,491.9885,1156.25,10,sha256:99a41fd26a8b21a0cfa0c2ba10ed58f17e3a8e6e720a35ca12c84011a2d56c81
nyc_tlc-full-2024-01,nyc_tlc,2964624,11,nyc_tlc-full-2024-01-block-011,materialize-after-nyc-filter -> fused -> materialize-after-nyc-zone-join,1,fused,2026-07-19T05:19:55.688233+00:00,344.1603,859.375,10,sha256:99a41fd26a8b21a0cfa0c2ba10ed58f17e3a8e6e720a35ca12c84011a2d56c81
nyc_tlc-full-2024-01,nyc_tlc,2964624,11,nyc_tlc-full-2024-01-block-011,materialize-after-nyc-filter -> fused -> materialize-after-nyc-zone-join,2,materialize-after-nyc-zone-join,2026-07-19T05:19:56.032629+00:00,493.7754,1156.25,10,sha256:99a41fd26a8b21a0cfa0c2ba10ed58f17e3a8e6e720a35ca12c84011a2d56c81
nyc_tlc-full-2024-01,nyc_tlc,2964624,12,nyc_tlc-full-2024-01-block-012,materialize-after-nyc-filter -> materialize-after-nyc-zone-join -> fused,0,materialize-after-nyc-filter,2026-07-19T05:19:56.526264+00:00,466.5909,1125.0,10,sha256:99a41fd26a8b21a0cfa0c2ba10ed58f17e3a8e6e720a35ca12c84011a2d56c81
nyc_tlc-full-2024-01,nyc_tlc,2964624,12,nyc_tlc-full-2024-01-block-012,materialize-after-nyc-filter -> materialize-after-nyc-zone-join -> fused,1,materialize-after-nyc-zone-join,2026-07-19T05:19:56.993215+00:00,459.6941,1062.5,10,sha256:99a41fd26a8b21a0cfa0c2ba10ed58f17e3a8e6e720a35ca12c84011a2d56c81
nyc_tlc-full-2024-01,nyc_tlc,2964624,12,nyc_tlc-full-2024-01-block-012,materialize-after-nyc-filter -> materialize-after-nyc-zone-join -> fused,2,fused,2026-07-19T05:19:57.452926+00:00,326.6398,796.875,10,sha256:99a41fd26a8b21a0cfa0c2ba10ed58f17e3a8e6e720a35ca12c84011a2d56c81
nyc_tlc-full-2024-01,nyc_tlc,2964624,13,nyc_tlc-full-2024-01-block-013,fused -> materialize-after-nyc-zone-join -> materialize-after-nyc-filter,0,fused,2026-07-19T05:19:57.780275+00:00,358.7122,828.125,10,sha256:99a41fd26a8b21a0cfa0c2ba10ed58f17e3a8e6e720a35ca12c84011a2d56c81
nyc_tlc-full-2024-01,nyc_tlc,2964624,13,nyc_tlc-full-2024-01-block-013,fused -> materialize-after-nyc-zone-join -> materialize-after-nyc-filter,1,materialize-after-nyc-zone-join,2026-07-19T05:19:58.139203+00:00,481.0542,1406.25,10,sha256:99a41fd26a8b21a0cfa0c2ba10ed58f17e3a8e6e720a35ca12c84011a2d56c81
nyc_tlc-full-2024-01,nyc_tlc,2964624,13,nyc_tlc-full-2024-01-block-013,fused -> materialize-after-nyc-zone-join -> materialize-after-nyc-filter,2,materialize-after-nyc-filter,2026-07-19T05:19:58.620909+00:00,463.6914,1046.875,10,sha256:99a41fd26a8b21a0cfa0c2ba10ed58f17e3a8e6e720a35ca12c84011a2d56c81
nyc_tlc-full-2024-01,nyc_tlc,2964624,14,nyc_tlc-full-2024-01-block-014,materialize-after-nyc-zone-join -> materialize-after-nyc-filter -> fused,0,materialize-after-nyc-zone-join,2026-07-19T05:19:59.084094+00:00,441.193,1234.375,10,sha256:99a41fd26a8b21a0cfa0c2ba10ed58f17e3a8e6e720a35ca12c84011a2d56c81
nyc_tlc-full-2024-01,nyc_tlc,2964624,14,nyc_tlc-full-2024-01-block-014,materialize-after-nyc-zone-join -> materialize-after-nyc-filter -> fused,1,materialize-after-nyc-filter,2026-07-19T05:19:59.525815+00:00,360.5012,843.75,10,sha256:99a41fd26a8b21a0cfa0c2ba10ed58f17e3a8e6e720a35ca12c84011a2d56c81
nyc_tlc-full-2024-01,nyc_tlc,2964624,14,nyc_tlc-full-2024-01-block-014,materialize-after-nyc-zone-join -> materialize-after-nyc-filter -> fused,2,fused,2026-07-19T05:19:59.886706+00:00,324.3296,703.125,10,sha256:99a41fd26a8b21a0cfa0c2ba10ed58f17e3a8e6e720a35ca12c84011a2d56c81
nyc_tlc-full-2024-01,nyc_tlc,2964624,15,nyc_tlc-full-2024-01-block-015,materialize-after-nyc-filter -> fused -> materialize-after-nyc-zone-join,0,materialize-after-nyc-filter,2026-07-19T05:20:00.211202+00:00,347.0994,859.375,10,sha256:99a41fd26a8b21a0cfa0c2ba10ed58f17e3a8e6e720a35ca12c84011a2d56c81
nyc_tlc-full-2024-01,nyc_tlc,2964624,15,nyc_tlc-full-2024-01-block-015,materialize-after-nyc-filter -> fused -> materialize-after-nyc-zone-join,1,fused,2026-07-19T05:20:00.557875+00:00,358.5211,750.0,10,sha256:99a41fd26a8b21a0cfa0c2ba10ed58f17e3a8e6e720a35ca12c84011a2d56c81
nyc_tlc-full-2024-01,nyc_tlc,2964624,15,nyc_tlc-full-2024-01-block-015,materialize-after-nyc-filter -> fused -> materialize-after-nyc-zone-join,2,materialize-after-nyc-zone-join,2026-07-19T05:20:00.916873+00:00,433.7143,953.125,10,sha256:99a41fd26a8b21a0cfa0c2ba10ed58f17e3a8e6e720a35ca12c84011a2d56c81
nyc_tlc-full-2024-01,nyc_tlc,2964624,16,nyc_tlc-full-2024-01-block-016,materialize-after-nyc-zone-join -> fused -> materialize-after-nyc-filter,0,materialize-after-nyc-zone-join,2026-07-19T05:20:01.351268+00:00,462.0951,1078.125,10,sha256:99a41fd26a8b21a0cfa0c2ba10ed58f17e3a8e6e720a35ca12c84011a2d56c81
nyc_tlc-full-2024-01,nyc_tlc,2964624,16,nyc_tlc-full-2024-01-block-016,materialize-after-nyc-zone-join -> fused -> materialize-after-nyc-filter,1,fused,2026-07-19T05:20:01.813203+00:00,335.9998,796.875,10,sha256:99a41fd26a8b21a0cfa0c2ba10ed58f17e3a8e6e720a35ca12c84011a2d56c81
nyc_tlc-full-2024-01,nyc_tlc,2964624,16,nyc_tlc-full-2024-01-block-016,materialize-after-nyc-zone-join -> fused -> materialize-after-nyc-filter,2,materialize-after-nyc-filter,2026-07-19T05:20:02.149203+00:00,410.3681,937.5,10,sha256:99a41fd26a8b21a0cfa0c2ba10ed58f17e3a8e6e720a35ca12c84011a2d56c81
nyc_tlc-full-2024-01,nyc_tlc,2964624,17,nyc_tlc-full-2024-01-block-017,fused -> materialize-after-nyc-filter -> materialize-after-nyc-zone-join,0,fused,2026-07-19T05:20:02.559608+00:00,308.1058,750.0,10,sha256:99a41fd26a8b21a0cfa0c2ba10ed58f17e3a8e6e720a35ca12c84011a2d56c81
nyc_tlc-full-2024-01,nyc_tlc,2964624,17,nyc_tlc-full-2024-01-block-017,fused -> materialize-after-nyc-filter -> materialize-after-nyc-zone-join,1,materialize-after-nyc-filter,2026-07-19T05:20:02.868326+00:00,380.4912,781.25,10,sha256:99a41fd26a8b21a0cfa0c2ba10ed58f17e3a8e6e720a35ca12c84011a2d56c81
nyc_tlc-full-2024-01,nyc_tlc,2964624,17,nyc_tlc-full-2024-01-block-017,fused -> materialize-after-nyc-filter -> materialize-after-nyc-zone-join,2,materialize-after-nyc-zone-join,2026-07-19T05:20:03.249528+00:00,375.556,921.875,10,sha256:99a41fd26a8b21a0cfa0c2ba10ed58f17e3a8e6e720a35ca12c84011a2d56c81
nyc_tlc-full-2024-01,nyc_tlc,2964624,18,nyc_tlc-full-2024-01-block-018,materialize-after-nyc-filter -> fused -> materialize-after-nyc-zone-join,0,materialize-after-nyc-filter,2026-07-19T05:20:03.625149+00:00,319.6511,859.375,10,sha256:99a41fd26a8b21a0cfa0c2ba10ed58f17e3a8e6e720a35ca12c84011a2d56c81
nyc_tlc-full-2024-01,nyc_tlc,2964624,18,nyc_tlc-full-2024-01-block-018,materialize-after-nyc-filter -> fused -> materialize-after-nyc-zone-join,1,fused,2026-07-19T05:20:03.944144+00:00,267.8829,609.375,10,sha256:99a41fd26a8b21a0cfa0c2ba10ed58f17e3a8e6e720a35ca12c84011a2d56c81
nyc_tlc-full-2024-01,nyc_tlc,2964624,18,nyc_tlc-full-2024-01-block-018,materialize-after-nyc-filter -> fused -> materialize-after-nyc-zone-join,2,materialize-after-nyc-zone-join,2026-07-19T05:20:04.212816+00:00,361.9997,843.75,10,sha256:99a41fd26a8b21a0cfa0c2ba10ed58f17e3a8e6e720a35ca12c84011a2d56c81
nyc_tlc-full-2024-01,nyc_tlc,2964624,19,nyc_tlc-full-2024-01-block-019,fused -> materialize-after-nyc-zone-join -> materialize-after-nyc-filter,0,fused,2026-07-19T05:20:04.575261+00:00,296.3362,687.5,10,sha256:99a41fd26a8b21a0cfa0c2ba10ed58f17e3a8e6e720a35ca12c84011a2d56c81
nyc_tlc-full-2024-01,nyc_tlc,2964624,19,nyc_tlc-full-2024-01-block-019,fused -> materialize-after-nyc-zone-join -> materialize-after-nyc-filter,1,materialize-after-nyc-zone-join,2026-07-19T05:20:04.872119+00:00,350.8975,812.5,10,sha256:99a41fd26a8b21a0cfa0c2ba10ed58f17e3a8e6e720a35ca12c84011a2d56c81
nyc_tlc-full-2024-01,nyc_tlc,2964624,19,nyc_tlc-full-2024-01-block-019,fused -> materialize-after-nyc-zone-join -> materialize-after-nyc-filter,2,materialize-after-nyc-filter,2026-07-19T05:20:05.223084+00:00,352.6247,859.375,10,sha256:99a41fd26a8b21a0cfa0c2ba10ed58f17e3a8e6e720a35ca12c84011a2d56c81
nyc_tlc-full-2024-01,nyc_tlc,2964624,20,nyc_tlc-full-2024-01-block-020,materialize-after-nyc-zone-join -> materialize-after-nyc-filter -> fused,0,materialize-after-nyc-zone-join,2026-07-19T05:20:05.575358+00:00,507.844,1390.625,10,sha256:99a41fd26a8b21a0cfa0c2ba10ed58f17e3a8e6e720a35ca12c84011a2d56c81
nyc_tlc-full-2024-01,nyc_tlc,2964624,20,nyc_tlc-full-2024-01-block-020,materialize-after-nyc-zone-join -> materialize-after-nyc-filter -> fused,1,materialize-after-nyc-filter,2026-07-19T05:20:06.083364+00:00,399.1029,937.5,10,sha256:99a41fd26a8b21a0cfa0c2ba10ed58f17e3a8e6e720a35ca12c84011a2d56c81
nyc_tlc-full-2024-01,nyc_tlc,2964624,20,nyc_tlc-full-2024-01-block-020,materialize-after-nyc-zone-join -> materialize-after-nyc-filter -> fused,2,fused,2026-07-19T05:20:06.482629+00:00,290.4648,671.875,10,sha256:99a41fd26a8b21a0cfa0c2ba10ed58f17e3a8e6e720a35ca12c84011a2d56c81
nyc_tlc-full-2024-01,nyc_tlc,2964624,21,nyc_tlc-full-2024-01-block-021,fused -> materialize-after-nyc-filter -> materialize-after-nyc-zone-join,0,fused,2026-07-19T05:20:06.774002+00:00,421.3304,609.375,10,sha256:99a41fd26a8b21a0cfa0c2ba10ed58f17e3a8e6e720a35ca12c84011a2d56c81
nyc_tlc-full-2024-01,nyc_tlc,2964624,21,nyc_tlc-full-2024-01-block-021,fused -> materialize-after-nyc-filter -> materialize-after-nyc-zone-join,1,materialize-after-nyc-filter,2026-07-19T05:20:07.195576+00:00,395.5424,812.5,10,sha256:99a41fd26a8b21a0cfa0c2ba10ed58f17e3a8e6e720a35ca12c84011a2d56c81
nyc_tlc-full-2024-01,nyc_tlc,2964624,21,nyc_tlc-full-2024-01-block-021,fused -> materialize-after-nyc-filter -> materialize-after-nyc-zone-join,2,materialize-after-nyc-zone-join,2026-07-19T05:20:07.590782+00:00,494.2587,1140.625,10,sha256:99a41fd26a8b21a0cfa0c2ba10ed58f17e3a8e6e720a35ca12c84011a2d56c81
nyc_tlc-full-2024-01,nyc_tlc,2964624,22,nyc_tlc-full-2024-01-block-022,materialize-after-nyc-filter -> materialize-after-nyc-zone-join -> fused,0,materialize-after-nyc-filter,2026-07-19T05:20:08.085552+00:00,390.5893,812.5,10,sha256:99a41fd26a8b21a0cfa0c2ba10ed58f17e3a8e6e720a35ca12c84011a2d56c81
nyc_tlc-full-2024-01,nyc_tlc,2964624,22,nyc_tlc-full-2024-01-block-022,materialize-after-nyc-filter -> materialize-after-nyc-zone-join -> fused,1,materialize-after-nyc-zone-join,2026-07-19T05:20:08.476217+00:00,411.2178,828.125,10,sha256:99a41fd26a8b21a0cfa0c2ba10ed58f17e3a8e6e720a35ca12c84011a2d56c81
nyc_tlc-full-2024-01,nyc_tlc,2964624,22,nyc_tlc-full-2024-01-block-022,materialize-after-nyc-filter -> materialize-after-nyc-zone-join -> fused,2,fused,2026-07-19T05:20:08.887811+00:00,339.8666,796.875,10,sha256:99a41fd26a8b21a0cfa0c2ba10ed58f17e3a8e6e720a35ca12c84011a2d56c81
nyc_tlc-full-2024-01,nyc_tlc,2964624,23,nyc_tlc-full-2024-01-block-023,materialize-after-nyc-zone-join -> fused -> materialize-after-nyc-filter,0,materialize-after-nyc-zone-join,2026-07-19T05:20:09.227871+00:00,445.9973,1406.25,10,sha256:99a41fd26a8b21a0cfa0c2ba10ed58f17e3a8e6e720a35ca12c84011a2d56c81
nyc_tlc-full-2024-01,nyc_tlc,2964624,23,nyc_tlc-full-2024-01-block-023,materialize-after-nyc-zone-join -> fused -> materialize-after-nyc-filter,1,fused,2026-07-19T05:20:09.674480+00:00,383.4402,890.625,10,sha256:99a41fd26a8b21a0cfa0c2ba10ed58f17e3a8e6e720a35ca12c84011a2d56c81
nyc_tlc-full-2024-01,nyc_tlc,2964624,23,nyc_tlc-full-2024-01-block-023,materialize-after-nyc-zone-join -> fused -> materialize-after-nyc-filter,2,materialize-after-nyc-filter,2026-07-19T05:20:10.057456+00:00,398.8697,1062.5,10,sha256:99a41fd26a8b21a0cfa0c2ba10ed58f17e3a8e6e720a35ca12c84011a2d56c81
nyc_tlc-full-2024-01,nyc_tlc,2964624,24,nyc_tlc-full-2024-01-block-024,materialize-after-nyc-filter -> materialize-after-nyc-zone-join -> fused,0,materialize-after-nyc-filter,2026-07-19T05:20:10.457093+00:00,420.5646,1031.25,10,sha256:99a41fd26a8b21a0cfa0c2ba10ed58f17e3a8e6e720a35ca12c84011a2d56c81
nyc_tlc-full-2024-01,nyc_tlc,2964624,24,nyc_tlc-full-2024-01-block-024,materialize-after-nyc-filter -> materialize-after-nyc-zone-join -> fused,1,materialize-after-nyc-zone-join,2026-07-19T05:20:10.877639+00:00,502.5109,1109.375,10,sha256:99a41fd26a8b21a0cfa0c2ba10ed58f17e3a8e6e720a35ca12c84011a2d56c81
nyc_tlc-full-2024-01,nyc_tlc,2964624,24,nyc_tlc-full-2024-01-block-024,materialize-after-nyc-filter -> materialize-after-nyc-zone-join -> fused,2,fused,2026-07-19T05:20:11.379833+00:00,334.5325,843.75,10,sha256:99a41fd26a8b21a0cfa0c2ba10ed58f17e3a8e6e720a35ca12c84011a2d56c81
nyc_tlc-full-2024-01,nyc_tlc,2964624,25,nyc_tlc-full-2024-01-block-025,materialize-after-nyc-zone-join -> materialize-after-nyc-filter -> fused,0,materialize-after-nyc-zone-join,2026-07-19T05:20:11.715311+00:00,416.0932,953.125,10,sha256:99a41fd26a8b21a0cfa0c2ba10ed58f17e3a8e6e720a35ca12c84011a2d56c81
nyc_tlc-full-2024-01,nyc_tlc,2964624,25,nyc_tlc-full-2024-01-block-025,materialize-after-nyc-zone-join -> materialize-after-nyc-filter -> fused,1,materialize-after-nyc-filter,2026-07-19T05:20:12.131703+00:00,392.9995,1000.0,10,sha256:99a41fd26a8b21a0cfa0c2ba10ed58f17e3a8e6e720a35ca12c84011a2d56c81
nyc_tlc-full-2024-01,nyc_tlc,2964624,25,nyc_tlc-full-2024-01-block-025,materialize-after-nyc-zone-join -> materialize-after-nyc-filter -> fused,2,fused,2026-07-19T05:20:12.524999+00:00,273.5543,687.5,10,sha256:99a41fd26a8b21a0cfa0c2ba10ed58f17e3a8e6e720a35ca12c84011a2d56c81
nyc_tlc-full-2024-01,nyc_tlc,2964624,26,nyc_tlc-full-2024-01-block-026,fused -> materialize-after-nyc-zone-join -> materialize-after-nyc-filter,0,fused,2026-07-19T05:20:12.798233+00:00,247.6278,625.0,10,sha256:99a41fd26a8b21a0cfa0c2ba10ed58f17e3a8e6e720a35ca12c84011a2d56c81
nyc_tlc-full-2024-01,nyc_tlc,2964624,26,nyc_tlc-full-2024-01-block-026,fused -> materialize-after-nyc-zone-join -> materialize-after-nyc-filter,1,materialize-after-nyc-zone-join,2026-07-19T05:20:13.046292+00:00,372.2509,968.75,10,sha256:99a41fd26a8b21a0cfa0c2ba10ed58f17e3a8e6e720a35ca12c84011a2d56c81
nyc_tlc-full-2024-01,nyc_tlc,2964624,26,nyc_tlc-full-2024-01-block-026,fused -> materialize-after-nyc-zone-join -> materialize-after-nyc-filter,2,materialize-after-nyc-filter,2026-07-19T05:20:13.418889+00:00,429.7757,1500.0,10,sha256:99a41fd26a8b21a0cfa0c2ba10ed58f17e3a8e6e720a35ca12c84011a2d56c81
nyc_tlc-full-2024-01,nyc_tlc,2964624,27,nyc_tlc-full-2024-01-block-027,materialize-after-nyc-zone-join -> fused -> materialize-after-nyc-filter,0,materialize-after-nyc-zone-join,2026-07-19T05:20:13.849640+00:00,403.8147,921.875,10,sha256:99a41fd26a8b21a0cfa0c2ba10ed58f17e3a8e6e720a35ca12c84011a2d56c81
nyc_tlc-full-2024-01,nyc_tlc,2964624,27,nyc_tlc-full-2024-01-block-027,materialize-after-nyc-zone-join -> fused -> materialize-after-nyc-filter,1,fused,2026-07-19T05:20:14.253570+00:00,237.8409,562.5,10,sha256:99a41fd26a8b21a0cfa0c2ba10ed58f17e3a8e6e720a35ca12c84011a2d56c81
nyc_tlc-full-2024-01,nyc_tlc,2964624,27,nyc_tlc-full-2024-01-block-027,materialize-after-nyc-zone-join -> fused -> materialize-after-nyc-filter,2,materialize-after-nyc-filter,2026-07-19T05:20:14.491649+00:00,299.0245,750.0,10,sha256:99a41fd26a8b21a0cfa0c2ba10ed58f17e3a8e6e720a35ca12c84011a2d56c81
nyc_tlc-full-2024-01,nyc_tlc,2964624,28,nyc_tlc-full-2024-01-block-028,materialize-after-nyc-filter -> fused -> materialize-after-nyc-zone-join,0,materialize-after-nyc-filter,2026-07-19T05:20:14.790093+00:00,351.4089,875.0,10,sha256:99a41fd26a8b21a0cfa0c2ba10ed58f17e3a8e6e720a35ca12c84011a2d56c81
nyc_tlc-full-2024-01,nyc_tlc,2964624,28,nyc_tlc-full-2024-01-block-028,materialize-after-nyc-filter -> fused -> materialize-after-nyc-zone-join,1,fused,2026-07-19T05:20:15.142094+00:00,372.5355,1171.875,10,sha256:99a41fd26a8b21a0cfa0c2ba10ed58f17e3a8e6e720a35ca12c84011a2d56c81
nyc_tlc-full-2024-01,nyc_tlc,2964624,28,nyc_tlc-full-2024-01-block-028,materialize-after-nyc-filter -> fused -> materialize-after-nyc-zone-join,2,materialize-after-nyc-zone-join,2026-07-19T05:20:15.514922+00:00,392.8597,937.5,10,sha256:99a41fd26a8b21a0cfa0c2ba10ed58f17e3a8e6e720a35ca12c84011a2d56c81
nyc_tlc-full-2024-01,nyc_tlc,2964624,29,nyc_tlc-full-2024-01-block-029,fused -> materialize-after-nyc-filter -> materialize-after-nyc-zone-join,0,fused,2026-07-19T05:20:15.907494+00:00,416.6,968.75,10,sha256:99a41fd26a8b21a0cfa0c2ba10ed58f17e3a8e6e720a35ca12c84011a2d56c81
nyc_tlc-full-2024-01,nyc_tlc,2964624,29,nyc_tlc-full-2024-01-block-029,fused -> materialize-after-nyc-filter -> materialize-after-nyc-zone-join,1,materialize-after-nyc-filter,2026-07-19T05:20:16.324185+00:00,455.5217,1109.375,10,sha256:99a41fd26a8b21a0cfa0c2ba10ed58f17e3a8e6e720a35ca12c84011a2d56c81
nyc_tlc-full-2024-01,nyc_tlc,2964624,29,nyc_tlc-full-2024-01-block-029,fused -> materialize-after-nyc-filter -> materialize-after-nyc-zone-join,2,materialize-after-nyc-zone-join,2026-07-19T05:20:16.780688+00:00,547.7302,1187.5,10,sha256:99a41fd26a8b21a0cfa0c2ba10ed58f17e3a8e6e720a35ca12c84011a2d56c81
